,Ind_ID,GENDER,Car_Owner,Propert_Owner,CHILDREN,Annual_income,Type_Income,EDUCATION,Marital_status,Housing_type,Employed_days,Mobile_phone,Work_Phone,Phone,EMAIL_ID,Family_Members,label,age,Employed_years
0,5008827,M,Y,Y,0,180000.0,Pensioner,Higher education,Married,House / apartment,0,1,0,0,0,2,1,51,0.0
1,5009744,F,Y,N,0,315000.0,Commercial associate,Higher education,Married,House / apartment,-586,1,1,1,0,2,1,37,2.0
4,5009752,F,Y,N,0,315000.0,Commercial associate,Higher education,Married,House / apartment,-586,1,1,1,0,2,1,37,2.0
6,5009754,F,Y,N,0,315000.0,Commercial associate,Higher education,Married,House / apartment,-586,1,1,1,0,2,1,37,2.0
7,5009894,F,N,N,0,180000.0,Pensioner,Secondary / secondary special,Married,House / apartment,0,1,0,0,0,2,1,61,0.0
8,5010864,M,Y,Y,1,450000.0,Commercial associate,Secondary / secondary special,Married,House / apartment,-678,1,0,1,1,3,1,50,2.0
9,5010868,M,Y,Y,1,450000.0,Pensioner,Secondary / secondary special,Married,House / apartment,-678,1,0,1,1,3,1,50,2.0
10,5010869,M,Y,Y,1,450000.0,Commercial associate,Secondary / secondary special,Single / not married,House / apartment,-678,1,0,1,1,1,1,50,2.0
11,5018498,F,Y,Y,0,90000.0,Working,Secondary / secondary special,Married,House / apartment,-1002,1,1,1,0,2,1,52,3.0
13,5018503,F,Y,Y,0,90000.0,Working,Secondary / secondary special,Married,House / apartment,-1002,1,1,1,0,2,1,52,3.0
14,5021303,M,N,N,1,472500.0,Pensioner,Higher education,Married,With parents,-913,1,0,0,1,3,1,24,3.0
15,5021310,M,N,Y,0,270000.0,Working,Secondary / secondary special,Married,House / apartment,-248,1,0,0,0,2,1,46,1.0
16,5021314,M,N,Y,0,270000.0,Working,Secondary / secondary special,Single / not married,House / apartment,-248,1,0,0,0,2,1,46,1.0
17,5021430,F,N,Y,0,126000.0,Commercial associate,Higher education,Single / not married,House / apartment,-2470,1,0,0,0,1,1,52,7.0
18,5021431,F,N,Y,0,126000.0,Commercial associate,Higher education,Single / not married,House / apartment,-2470,1,0,0,0,1,1,52,7.0
19,5021998,M,N,Y,0,90000.0,Pensioner,Secondary / secondary special,Married,House / apartment,-1644,1,0,0,1,2,1,52,5.0
20,5022053,M,N,N,0,202500.0,Working,Higher education,Single / not married,House / apartment,-4327,1,0,0,0,1,1,35,12.0
21,5022617,M,Y,Y,0,202500.0,Commercial associate,Secondary / secondary special,Civil marriage,House / apartment,-1674,1,0,0,1,2,1,33,5.0
22,5023781,M,N,Y,0,157500.0,Commercial associate,Higher education,Civil marriage,House / apartment,-1086,1,0,0,0,2,1,49,3.0
23,5023831,F,N,Y,2,112500.0,Commercial associate,Secondary / secondary special,Married,House / apartment,-925,1,0,0,0,4,1,33,3.0
24,5024071,F,N,Y,0,180000.0,Working,Higher education,Married,House / apartment,-854,1,0,0,0,2,1,44,2.0
25,5024213,F,Y,Y,0,540000.0,Commercial associate,Higher education,Married,House / apartment,-185,1,0,1,0,2,1,43,1.0
26,5024916,F,N,Y,0,112500.0,Pensioner,Secondary / secondary special,Married,House / apartment,0,1,0,1,0,2,1,60,0.0
29,5028580,M,N,N,0,540000.0,Commercial associate,Higher education,Married,House / apartment,-691,1,0,0,0,2,1,55,2.0
30,5029028,F,N,Y,0,90000.0,Working,Lower secondary,Single / not married,Rented apartment,-4770,1,0,0,0,2,1,33,13.0
31,5029311,F,N,Y,0,112500.0,Pensioner,Secondary / secondary special,Married,House / apartment,0,1,0,1,1,2,1,60,0.0
32,5033453,F,N,N,0,135000.0,Working,Higher education,Single / not married,House / apartment,-2394,1,0,0,0,1,1,29,7.0
33,5033514,F,Y,N,1,135000.0,Working,Secondary / secondary special,Married,House / apartment,-384,1,1,0,0,3,1,44,1.0
34,5033916,M,N,Y,0,180000.0,Working,Secondary / secondary special,Married,House / apartment,-3647,1,0,0,0,2,1,36,10.0
35,5036469,M,Y,N,0,112500.0,State servant,Secondary / secondary special,Single / not married,House / apartment,-1546,1,0,0,0,2,1,56,4.0
36,5036590,M,Y,Y,0,292500.0,Working,Higher education,Married,House / apartment,-808,1,0,0,0,2,1,58,2.0
37,5036660,F,Y,Y,0,76500.0,Pensioner,Secondary / secondary special,Married,House / apartment,0,1,0,0,0,2,1,65,0.0
38,5036795,M,Y,Y,0,215100.0,Commercial associate,Secondary / secondary special,Married,House / apartment,-1285,1,0,1,0,2,1,53,4.0
39,5041522,M,Y,Y,0,450000.0,Commercial associate,Higher education,Separated,House / apartment,-855,1,1,1,0,1,1,44,2.0
40,5042064,F,Y,N,2,270000.0,State servant,Higher education,Married,House / apartment,-7369,1,1,1,0,4,1,44,20.0
41,5045888,F,N,Y,0,225000.0,Pensioner,Secondary / secondary special,Single / not married,House / apartment,0,1,0,0,0,1,1,64,0.0
42,5045894,F,N,Y,0,225000.0,Pensioner,Secondary / secondary special,Single / not married,House / apartment,0,1,0,0,0,1,1,64,0.0
43,5045895,F,N,Y,0,225000.0,Pensioner,Secondary / secondary special,Single / not married,House / apartment,0,1,0,0,0,1,1,64,0.0
44,5046324,F,N,Y,1,157500.0,Commercial associate,Secondary / secondary special,Single / not married,House / apartment,-2269,1,0,1,0,3,1,42,6.0
45,5046328,F,N,Y,1,157500.0,Pensioner,Secondary / secondary special,Single / not married,House / apartment,-2269,1,0,1,0,3,1,42,6.0
46,5047662,F,N,Y,1,67500.0,Commercial associate,Secondary / secondary special,Married,House / apartment,-4114,1,0,0,0,3,1,52,11.0
47,5048300,M,Y,N,1,180000.0,Commercial associate,Secondary / secondary special,Married,House / apartment,-1161,1,0,0,0,3,1,30,3.0
48,5048301,M,Y,N,1,180000.0,Commercial associate,Secondary / secondary special,Married,House / apartment,-1161,1,0,0,0,3,1,30,3.0
49,5050603,M,N,N,0,157500.0,Working,Secondary / secondary special,Married,House / apartment,-7288,1,1,0,0,2,1,50,20.0
50,5050606,M,N,N,0,157500.0,Working,Secondary / secondary special,Married,House / apartment,-7288,1,1,0,0,2,1,50,20.0
51,5050671,M,N,N,0,171000.0,Commercial associate,Incomplete higher,Single / not married,House / apartment,-166,1,1,1,0,1,1,32,0.0
52,5051160,M,Y,N,1,135000.0,Working,Secondary / secondary special,Married,House / apartment,-866,1,0,0,0,3,1,26,2.0
53,5051161,M,Y,N,1,135000.0,Working,Secondary / secondary special,Married,House / apartment,-866,1,0,0,0,3,1,26,2.0
54,5052659,F,N,Y,0,103500.0,Working,Secondary / secondary special,Married,House / apartment,-564,1,0,0,1,2,1,28,2.0
55,5052661,F,N,Y,0,103500.0,Working,Secondary / secondary special,Married,House / apartment,-564,1,0,0,1,2,1,28,2.0
56,5052877,M,Y,Y,0,225000.0,Working,Secondary / secondary special,Married,House / apartment,-3366,1,0,0,0,2,1,49,9.0
57,5052879,M,Y,Y,0,225000.0,Working,Secondary / secondary special,Married,House / apartment,-3366,1,0,0,0,2,1,49,9.0
58,5052882,M,Y,Y,0,225000.0,Working,Secondary / secondary special,Married,House / apartment,-3366,1,0,0,0,2,1,49,9.0
59,5053254,F,Y,Y,0,180000.0,Commercial associate,Secondary / secondary special,Married,House / apartment,-2150,1,1,0,0,2,1,51,6.0
60,5054063,M,N,N,1,157500.0,Working,Secondary / secondary special,Married,House / apartment,-1458,1,0,0,0,3,1,45,4.0
61,5054068,M,N,N,1,157500.0,Working,Secondary / secondary special,Married,House / apartment,-1458,1,0,0,0,1,1,45,4.0
62,5054524,F,N,N,2,180000.0,Working,Secondary / secondary special,Married,House / apartment,-8369,1,0,0,0,4,1,46,23.0
63,5054525,F,N,N,2,180000.0,Working,Secondary / secondary special,Single / not married,House / apartment,-8369,1,0,0,0,4,1,46,23.0
64,5058345,F,N,Y,0,99000.0,Pensioner,Higher education,Separated,House / apartment,0,1,0,0,0,1,1,67,0.0
66,5058350,M,N,Y,0,99000.0,Pensioner,Higher education,Separated,House / apartment,0,1,0,0,0,1,1,67,0.0
67,5058352,F,N,Y,0,99000.0,Pensioner,Higher education,Separated,House / apartment,0,1,0,0,0,1,1,67,0.0
68,5058530,M,N,N,0,391500.0,Working,Secondary / secondary special,Single / not married,Municipal apartment,-508,1,0,0,0,1,1,25,1.0
69,5058531,M,N,N,0,391500.0,Working,Secondary / secondary special,Single / not married,Municipal apartment,-508,1,0,0,0,1,1,25,1.0
71,5061360,M,N,Y,0,65250.0,Pensioner,Higher education,Married,House / apartment,0,1,0,0,0,2,1,57,0.0
72,5061396,M,N,Y,0,72900.0,Pensioner,Lower secondary,Married,House / apartment,0,1,0,0,0,2,1,64,0.0
73,5061636,F,N,Y,0,225000.0,Pensioner,Secondary / secondary special,Married,Municipal apartment,0,1,0,1,0,2,1,59,0.0
74,5061691,F,N,Y,1,67500.0,Commercial associate,Higher education,Married,House / apartment,-1567,1,0,0,1,3,1,25,4.0
75,5062136,M,N,N,1,180000.0,Working,Secondary / secondary special,Single / not married,House / apartment,-137,1,0,0,0,2,1,35,0.0
77,5065348,F,Y,Y,0,202500.0,Working,Higher education,Married,House / apartment,-3974,1,0,0,0,2,1,42,11.0
78,5065462,F,N,N,0,157500.0,Commercial associate,Secondary / secondary special,Married,House / apartment,-1570,1,0,0,0,2,1,52,4.0
79,5065518,F,Y,N,1,202500.0,Working,Higher education,Married,Rented apartment,-2878,1,0,0,0,3,1,26,8.0
80,5068389,F,Y,Y,1,270000.0,Working,Higher education,Separated,House / apartment,-140,1,0,1,0,2,1,38,0.0
81,5068456,F,Y,N,0,135000.0,Commercial associate,Secondary / secondary special,Married,House / apartment,-2576,1,0,0,0,2,1,37,7.0
83,5069216,F,Y,Y,0,256500.0,Commercial associate,Higher education,Married,House / apartment,-1724,1,1,0,0,2,1,31,5.0
84,5069218,F,Y,Y,0,256500.0,Commercial associate,Higher education,Single / not married,House / apartment,-1724,1,1,0,0,2,1,31,5.0
85,5069307,M,N,Y,0,157500.0,Working,Secondary / secondary special,Married,House / apartment,-1328,1,0,0,0,2,1,43,4.0
86,5078820,F,N,N,2,225000.0,Commercial associate,Secondary / secondary special,Married,House / apartment,-4987,1,0,0,0,4,1,40,14.0
87,5078945,F,N,Y,2,180000.0,Working,Incomplete higher,Separated,House / apartment,-3496,1,1,0,0,3,1,34,10.0
88,5078946,F,N,Y,2,180000.0,Working,Incomplete higher,Separated,House / apartment,-3496,1,1,0,0,3,1,34,10.0
89,5079166,M,Y,N,0,202500.0,Working,Secondary / secondary special,Married,With parents,-1394,1,0,0,0,2,1,38,4.0
90,5079167,M,Y,N,0,202500.0,Working,Secondary / secondary special,Married,With parents,-1394,1,0,0,0,2,1,38,4.0
91,5079168,M,Y,N,0,202500.0,Working,Secondary / secondary special,Married,With parents,-1394,1,0,0,0,2,1,38,4.0
92,5085886,M,Y,Y,0,315000.0,Commercial associate,Higher education,Married,House / apartment,-1265,1,0,0,0,2,1,51,3.0
93,5089162,F,Y,N,0,225000.0,Working,Higher education,Married,House / apartment,-2531,1,1,1,0,2,1,56,7.0
94,5089959,M,N,Y,1,126000.0,Commercial associate,Secondary / secondary special,Civil marriage,House / apartment,-2105,1,0,0,0,3,1,35,6.0
95,5090166,F,N,Y,1,675000.0,Commercial associate,Secondary / secondary special,Single / not married,House / apartment,-860,1,0,0,0,2,1,42,2.0
96,5090214,M,Y,Y,0,135000.0,Working,Secondary / secondary special,Married,House / apartment,-217,1,0,0,0,2,1,29,1.0
97,5090216,M,Y,Y,0,135000.0,Working,Secondary / secondary special,Married,House / apartment,-217,1,0,0,0,2,1,29,1.0
98,5092087,M,Y,Y,2,247500.0,Working,Secondary / secondary special,Married,House / apartment,-535,1,0,0,0,4,1,47,1.0
99,5092245,F,N,N,0,103500.0,Pensioner,Secondary / secondary special,Married,House / apartment,0,1,0,0,0,2,1,61,0.0
100,5092479,M,N,N,1,85500.0,State servant,Secondary / secondary special,Married,Municipal apartment,-6866,1,0,0,0,3,1,41,19.0
101,5096527,F,N,N,0,135000.0,Working,Secondary / secondary special,Widow,Co-op apartment,-584,1,0,0,0,1,1,55,2.0
102,5096528,F,N,N,0,135000.0,Working,Secondary / secondary special,Widow,Co-op apartment,-584,1,0,0,0,1,1,55,2.0
103,5096743,F,N,Y,0,180000.0,Working,Lower secondary,Widow,House / apartment,-2227,1,1,1,0,1,1,46,6.0
104,5097065,F,N,Y,0,121500.0,Working,Secondary / secondary special,Married,House / apartment,-8161,1,0,0,0,2,1,52,22.0
105,5100430,M,Y,N,0,180000.0,Working,Secondary / secondary special,Single / not married,House / apartment,-613,1,0,0,0,1,1,45,2.0
106,5105045,M,N,Y,0,225000.0,Pensioner,Secondary / secondary special,Widow,House / apartment,0,1,0,0,0,1,1,63,0.0
108,5106077,F,N,Y,0,135000.0,Commercial associate,Secondary / secondary special,Married,House / apartment,-6944,1,0,0,0,2,1,54,19.0
109,5113621,M,N,N,0,225000.0,Working,Secondary / secondary special,Widow,Municipal apartment,-346,1,0,0,0,1,1,53,1.0
110,5113933,F,N,N,0,67500.0,Pensioner,Secondary / secondary special,Widow,House / apartment,0,1,0,1,0,1,1,64,0.0
111,5113944,F,Y,N,0,135000.0,Pensioner,Secondary / secondary special,Married,House / apartment,0,1,0,1,0,2,1,64,0.0
112,5114249,M,N,N,1,130500.0,Working,Incomplete higher,Married,Rented apartment,-1808,1,1,1,0,3,1,31,5.0
113,5114253,M,N,N,1,130500.0,Working,Incomplete higher,Married,Rented apartment,-1808,1,1,1,0,3,1,31,5.0
114,5115604,F,N,Y,0,202500.0,Working,Secondary / secondary special,Married,House / apartment,-3420,1,0,0,0,2,1,40,9.0
115,5115606,F,N,Y,0,202500.0,Working,Secondary / secondary special,Married,House / apartment,-3420,1,0,0,0,2,1,40,9.0
116,5115608,F,N,Y,0,202500.0,Working,Secondary / secondary special,Married,House / apartment,-3420,1,0,0,0,2,1,40,9.0
117,5115610,F,N,Y,0,202500.0,Working,Secondary / secondary special,Married,House / apartment,-3420,1,0,0,0,2,1,40,9.0
118,5115611,F,N,Y,0,202500.0,Working,Secondary / secondary special,Single / not married,House / apartment,-3420,1,0,0,0,2,1,40,9.0
119,5116035,M,Y,Y,0,126000.0,Working,Higher education,Single / not married,House / apartment,-863,1,1,0,0,1,1,40,2.0
120,5116036,M,Y,Y,0,126000.0,Working,Higher education,Single / not married,House / apartment,-863,1,1,0,0,1,1,40,2.0
121,5116258,F,N,Y,4,180000.0,Commercial associate,Secondary / secondary special,Married,House / apartment,-7413,1,0,0,0,6,1,48,20.0
122,5116301,F,N,Y,0,180000.0,Pensioner,Secondary / secondary special,Married,House / apartment,0,1,0,0,0,2,1,62,0.0
123,5116302,F,N,Y,0,180000.0,Pensioner,Secondary / secondary special,Married,House / apartment,0,1,0,0,0,2,1,62,0.0
124,5116304,F,N,Y,0,180000.0,Pensioner,Secondary / secondary special,Married,House / apartment,0,1,0,0,0,2,1,62,0.0
126,5116906,M,Y,Y,0,211500.0,Pensioner,Secondary / secondary special,Married,House / apartment,-7553,1,0,0,0,2,1,41,21.0
127,5117313,F,N,Y,1,157500.0,Commercial associate,Secondary / secondary special,Married,House / apartment,-3931,1,1,1,0,3,1,36,11.0
128,5117413,F,N,N,0,81000.0,Pensioner,Secondary / secondary special,Separated,House / apartment,0,1,0,1,0,1,1,61,0.0
129,5118046,F,N,N,0,81000.0,Pensioner,Secondary / secondary special,Widow,House / apartment,0,1,0,1,0,1,1,65,0.0
130,5118275,F,N,N,0,112500.0,Pensioner,Secondary / secondary special,Married,Municipal apartment,0,1,0,0,0,2,1,59,0.0
131,5118278,F,N,N,0,112500.0,Pensioner,Secondary / secondary special,Married,Municipal apartment,0,1,0,0,0,2,1,59,0.0
132,5118279,F,N,N,0,112500.0,Pensioner,Secondary / secondary special,Married,Municipal apartment,0,1,0,0,0,2,1,59,0.0
133,5118280,F,N,N,0,112500.0,Pensioner,Secondary / secondary special,Single / not married,Municipal apartment,0,1,0,0,0,2,1,59,0.0
134,5118283,M,N,N,0,112500.0,Pensioner,Secondary / secondary special,Married,Municipal apartment,0,1,0,0,0,2,1,59,0.0
135,5118541,F,N,Y,0,72000.0,Working,Secondary / secondary special,Married,House / apartment,-1039,1,0,1,0,2,1,50,3.0
136,5125289,F,N,N,1,202500.0,Working,Secondary / secondary special,Separated,House / apartment,-134,1,0,0,0,2,1,38,0.0
137,5125299,F,N,Y,0,148500.0,Pensioner,Secondary / secondary special,Married,House / apartment,0,1,0,0,0,2,1,57,0.0
138,5125708,F,Y,Y,0,135000.0,Working,Lower secondary,Married,House / apartment,-622,1,0,1,0,2,1,45,2.0
139,5125716,F,Y,Y,0,135000.0,Working,Lower secondary,Married,House / apartment,-622,1,0,1,0,2,1,45,2.0
140,5125761,M,N,Y,0,270000.0,Commercial associate,Secondary / secondary special,Single / not married,Municipal apartment,-1595,1,0,0,0,1,1,49,4.0
141,5125763,M,Y,N,1,135000.0,Commercial associate,Secondary / secondary special,Single / not married,House / apartment,-1626,1,0,1,0,3,1,36,4.0
142,5125934,F,N,Y,2,135000.0,Commercial associate,Lower secondary,Civil marriage,With parents,-1868,1,1,0,0,4,1,27,5.0
144,5135344,M,N,Y,0,112500.0,Commercial associate,Higher education,Married,House / apartment,-555,1,0,0,0,2,1,55,2.0
145,5135345,M,N,Y,0,112500.0,Commercial associate,Higher education,Married,House / apartment,-555,1,0,0,0,2,1,55,2.0
146,5135346,M,N,Y,0,112500.0,Commercial associate,Higher education,Married,House / apartment,-555,1,0,0,0,2,1,55,2.0
147,5135485,F,N,Y,0,135000.0,State servant,Higher education,Single / not married,Municipal apartment,-1935,1,0,0,0,1,1,29,5.0
148,5135487,F,N,Y,0,135000.0,State servant,Higher education,Single / not married,Municipal apartment,-1935,1,0,0,0,1,1,29,5.0
149,5135636,M,Y,Y,0,195750.0,Working,Secondary / secondary special,Married,House / apartment,-931,1,1,1,0,2,1,52,3.0
150,5135990,F,N,Y,1,585000.0,Commercial associate,Higher education,Single / not married,House / apartment,-900,1,0,0,0,2,1,29,2.0
151,5135991,F,N,Y,1,585000.0,Commercial associate,Higher education,Single / not married,House / apartment,-900,1,0,0,0,2,1,29,2.0
153,5142184,M,Y,Y,2,450000.0,Commercial associate,Higher education,Married,House / apartment,-4305,1,1,1,0,4,1,49,12.0
154,5142185,M,Y,Y,2,450000.0,Commercial associate,Higher education,Married,House / apartment,-4305,1,1,1,0,4,1,49,12.0
155,5142361,M,Y,Y,1,112500.0,Working,Secondary / secondary special,Married,House / apartment,-925,1,1,1,0,3,1,44,3.0
156,5142362,M,Y,Y,1,112500.0,Working,Secondary / secondary special,Married,House / apartment,-925,1,1,1,0,3,1,44,3.0
157,5142456,F,N,N,0,67500.0,Commercial associate,Higher education,Separated,House / apartment,-499,1,0,1,0,1,1,52,1.0
158,5142458,F,N,Y,0,67500.0,Commercial associate,Higher education,Separated,House / apartment,-499,1,0,1,0,1,1,52,1.0
159,5142459,F,N,Y,0,67500.0,Commercial associate,Higher education,Separated,House / apartment,-499,1,0,1,0,1,1,52,1.0
160,5143342,M,N,N,1,216000.0,Working,Secondary / secondary special,Married,Municipal apartment,-2418,1,0,0,1,3,1,35,7.0
161,5145690,F,N,Y,0,306000.0,Pensioner,Higher education,Married,House / apartment,0,1,0,0,0,2,1,59,0.0
162,5145817,F,N,Y,0,90000.0,Pensioner,Secondary / secondary special,Married,House / apartment,0,1,0,0,0,2,1,60,0.0
163,5146005,M,Y,Y,0,225000.0,Working,Secondary / secondary special,Single / not married,House / apartment,-189,1,0,0,1,1,1,28,1.0
164,5146079,F,N,Y,1,108000.0,Working,Secondary / secondary special,Married,House / apartment,-1132,1,1,1,0,3,1,35,3.0
165,5146167,F,N,Y,0,135000.0,Working,Secondary / secondary special,Married,House / apartment,-1770,1,0,0,0,2,1,56,5.0
166,5146444,F,N,Y,0,135000.0,Working,Secondary / secondary special,Widow,House / apartment,-919,1,0,1,0,1,1,39,3.0
167,5148932,M,Y,N,0,108000.0,Working,Secondary / secondary special,Married,Office apartment,-1081,1,0,0,0,2,1,47,3.0
168,5148934,M,Y,N,0,108000.0,Working,Secondary / secondary special,Married,Office apartment,-1081,1,0,0,0,2,1,47,3.0
169,5149188,M,Y,N,1,450000.0,Working,Higher education,Married,House / apartment,-502,1,0,1,1,3,1,27,1.0
170,5149190,M,Y,N,1,450000.0,Working,Higher education,Married,House / apartment,-502,1,0,1,1,3,1,27,1.0
172,5149828,M,Y,Y,0,315000.0,Working,Secondary / secondary special,Married,House / apartment,-2420,1,0,0,0,2,1,48,7.0
173,5149834,F,N,Y,0,157500.0,Commercial associate,Higher education,Married,House / apartment,-1325,1,0,1,1,2,1,34,4.0
174,5149838,F,N,Y,0,157500.0,Pensioner,Higher education,Married,House / apartment,-1325,1,0,1,1,2,1,34,4.0
175,5118538,F,N,Y,1,81000.0,Working,Secondary / secondary special,Married,Municipal apartment,-6367,1,1,1,0,3,0,43,17.0
176,5069057,M,Y,N,0,225000.0,Commercial associate,Secondary / secondary special,Married,House / apartment,-2484,1,0,0,0,2,0,49,7.0
177,5066689,F,N,Y,0,180000.0,Commercial associate,Higher education,Civil marriage,House / apartment,-341,1,0,1,1,2,0,35,1.0
178,5086062,F,N,Y,0,135000.0,State servant,Secondary / secondary special,Married,House / apartment,-9422,1,0,1,0,2,0,56,26.0
179,5113717,F,N,N,1,135000.0,Working,Secondary / secondary special,Married,House / apartment,-3054,1,0,0,1,3,0,45,8.0
180,5066765,F,N,Y,1,63000.0,Commercial associate,Secondary / secondary special,Married,House / apartment,-2987,1,0,0,0,3,0,40,8.0
181,5105227,F,N,Y,0,135000.0,Working,Secondary / secondary special,Married,House / apartment,-2128,1,0,0,0,2,0,48,6.0
182,5054648,F,N,Y,0,112500.0,Pensioner,Secondary / secondary special,Single / not married,House / apartment,0,1,0,0,0,1,0,66,0.0
183,5067187,F,N,Y,0,112500.0,Working,Higher education,Married,House / apartment,-820,1,1,0,0,2,0,31,2.0
184,5105818,F,N,Y,0,45000.0,Pensioner,Secondary / secondary special,Married,House / apartment,0,1,0,1,0,2,0,60,0.0
186,5125478,F,N,Y,0,202500.0,Pensioner,Secondary / secondary special,Married,House / apartment,0,1,0,0,0,2,0,57,0.0
187,5046340,M,N,Y,1,180000.0,Working,Lower secondary,Married,House / apartment,-1692,1,1,0,0,3,0,29,5.0
189,5022326,M,Y,Y,0,256500.0,Commercial associate,Higher education,Married,House / apartment,-1674,1,0,0,1,2,0,59,5.0
190,5065764,F,N,Y,0,90000.0,Working,Secondary / secondary special,Single / not married,House / apartment,-693,1,0,0,0,1,0,40,2.0
191,5067849,F,N,Y,0,180000.0,Commercial associate,Secondary / secondary special,Single / not married,House / apartment,-567,1,0,0,0,1,0,40,2.0
192,5097169,F,N,N,0,90000.0,Commercial associate,Secondary / secondary special,Single / not married,House / apartment,-885,1,0,0,0,1,0,29,2.0
193,5048583,F,N,Y,0,135000.0,Pensioner,Secondary / secondary special,Married,House / apartment,0,1,0,0,0,2,0,59,0.0
194,5115566,M,N,Y,0,126000.0,Pensioner,Secondary / secondary special,Married,Rented apartment,0,1,0,0,0,2,0,45,0.0
195,5052722,F,N,N,0,126000.0,Pensioner,Secondary / secondary special,Married,House / apartment,0,1,0,0,0,2,0,60,0.0
196,5067723,F,N,Y,1,337500.0,Working,Academic degree,Single / not married,House / apartment,-2769,1,0,0,0,2,0,34,8.0
197,5056077,M,Y,Y,0,90000.0,Working,Secondary / secondary special,Married,House / apartment,-1547,1,0,0,0,2,0,33,4.0
198,5022275,M,Y,Y,0,131400.0,Pensioner,Secondary / secondary special,Married,House / apartment,0,1,0,0,0,2,0,65,0.0
199,5143016,M,N,N,0,180000.0,Commercial associate,Secondary / secondary special,Civil marriage,Rented apartment,-3179,1,0,0,0,2,0,40,9.0
200,5066709,F,N,Y,0,247500.0,Pensioner,Secondary / secondary special,Widow,House / apartment,0,1,0,0,0,1,0,67,0.0
201,5021445,F,N,Y,0,121500.0,Working,Secondary / secondary special,Married,With parents,-5204,1,1,1,0,2,0,36,14.0
202,5053592,F,N,Y,1,117000.0,Working,Lower secondary,Widow,House / apartment,-3072,1,0,1,0,2,0,48,8.0
203,5116163,F,N,Y,2,90000.0,Working,Secondary / secondary special,Married,House / apartment,-320,1,0,0,0,4,0,27,1.0
204,5041273,M,N,Y,0,445500.0,Commercial associate,Higher education,Separated,House / apartment,-2469,1,0,0,0,1,0,53,7.0
206,5125399,M,Y,N,0,112500.0,Working,Secondary / secondary special,Married,House / apartment,-834,1,0,0,0,2,0,28,2.0
207,5067345,F,Y,N,0,180000.0,Commercial associate,Secondary / secondary special,Married,House / apartment,-1085,1,0,1,0,2,0,45,3.0
208,5053711,F,Y,N,2,157500.0,Commercial associate,Incomplete higher,Married,House / apartment,-1399,1,0,0,1,4,0,35,4.0
209,5096234,F,N,N,0,117000.0,Working,Secondary / secondary special,Married,House / apartment,-7310,1,1,1,0,2,0,47,20.0
210,5125158,M,N,Y,1,234000.0,Working,Secondary / secondary special,Married,House / apartment,-1748,1,0,0,0,3,0,33,5.0
211,5143231,F,Y,Y,1,1575000.0,Commercial associate,Higher education,Single / not married,House / apartment,-2479,1,0,0,0,2,0,28,7.0
212,5062688,M,Y,Y,0,247500.0,State servant,Secondary / secondary special,Married,Municipal apartment,-875,1,1,0,1,2,0,55,2.0
213,5105685,F,N,Y,2,144000.0,Working,Secondary / secondary special,Married,House / apartment,-2805,1,1,1,0,4,0,39,8.0
214,5115984,M,Y,Y,2,180000.0,Working,Higher education,Married,House / apartment,-2477,1,0,0,0,4,0,36,7.0
216,5065363,F,N,Y,1,216000.0,Working,Higher education,Single / not married,House / apartment,-1782,1,0,1,0,2,0,29,5.0
217,5140074,F,N,Y,0,90000.0,Commercial associate,Secondary / secondary special,Married,House / apartment,-431,1,0,0,0,2,0,41,1.0
218,5067643,F,N,Y,0,171000.0,Pensioner,Higher education,Married,House / apartment,0,1,0,0,0,2,0,55,0.0
219,5091963,M,Y,N,0,180000.0,Working,Secondary / secondary special,Married,Municipal apartment,-1416,1,1,0,0,2,0,52,4.0
220,5053637,F,N,N,0,225000.0,Pensioner,Higher education,Separated,House / apartment,0,1,0,0,0,1,0,60,0.0
221,5067149,M,N,N,2,225000.0,Working,Incomplete higher,Married,House / apartment,-263,1,0,0,0,4,0,38,1.0
222,5096424,M,Y,N,0,270000.0,Commercial associate,Higher education,Separated,House / apartment,-2349,1,0,1,0,1,0,32,6.0
223,5046283,F,N,Y,0,67050.0,Pensioner,Higher education,Married,House / apartment,0,1,0,0,0,2,0,67,0.0
224,5029348,M,Y,Y,0,270000.0,Working,Higher education,Married,House / apartment,-412,1,0,0,0,2,0,30,1.0
225,5096061,F,N,N,2,73350.0,Working,Secondary / secondary special,Married,House / apartment,-7068,1,0,0,0,4,0,39,19.0
226,5028917,F,Y,Y,0,112500.0,Working,Secondary / secondary special,Married,House / apartment,-1787,1,0,0,0,2,0,47,5.0
227,5117778,F,Y,N,0,144000.0,Working,Secondary / secondary special,Widow,House / apartment,-1345,1,0,0,0,1,0,39,4.0
228,5095310,F,Y,Y,0,225000.0,Working,Higher education,Married,House / apartment,-3717,1,0,0,0,2,0,34,10.0
229,5050655,F,N,N,0,112500.0,Working,Secondary / secondary special,Married,House / apartment,-1048,1,1,1,0,2,0,40,3.0
230,5033817,F,Y,N,1,292500.0,State servant,Higher education,Married,House / apartment,-2667,1,0,1,0,3,0,44,7.0
231,5052963,M,Y,Y,0,135000.0,Commercial associate,Secondary / secondary special,Married,House / apartment,-2606,1,0,0,0,2,0,27,7.0
232,5113159,M,Y,Y,0,157500.0,Commercial associate,Secondary / secondary special,Single / not married,Municipal apartment,-2135,1,1,0,0,1,0,27,6.0
233,5143235,F,Y,Y,1,1575000.0,Commercial associate,Higher education,Single / not married,House / apartment,-2479,1,0,0,0,2,0,28,7.0
234,5132800,F,N,Y,0,157500.0,Working,Secondary / secondary special,Separated,House / apartment,-1534,1,0,0,0,1,0,51,4.0
235,5090549,F,N,Y,0,157500.0,Working,Secondary / secondary special,Married,House / apartment,-2531,1,0,0,0,2,0,42,7.0
236,5054522,F,Y,Y,1,135000.0,Working,Higher education,Married,House / apartment,-2311,1,0,0,0,3,0,27,6.0
237,5051061,F,N,N,2,112500.0,Commercial associate,Secondary / secondary special,Married,House / apartment,-1323,1,0,1,0,4,0,33,4.0
238,5010707,M,Y,N,0,202500.0,Working,Secondary / secondary special,Married,House / apartment,-5061,1,0,1,0,2,0,43,14.0
239,5028984,F,N,Y,0,193500.0,Working,Secondary / secondary special,Separated,House / apartment,-2213,1,1,1,1,1,0,52,6.0
241,5126034,F,Y,Y,0,108000.0,Working,Secondary / secondary special,Separated,House / apartment,-925,1,0,0,1,1,0,47,3.0
242,5090470,M,N,Y,1,900000.0,Working,Secondary / secondary special,Married,House / apartment,-4509,1,0,0,0,3,0,42,12.0
243,5021775,F,N,Y,0,292500.0,Commercial associate,Higher education,Civil marriage,House / apartment,-1552,1,0,0,0,2,0,40,4.0
244,5046415,M,Y,Y,0,270000.0,Working,Higher education,Married,House / apartment,-1569,1,0,1,0,2,0,40,4.0
245,5065606,M,Y,N,0,270000.0,Pensioner,Higher education,Married,House / apartment,0,1,0,0,0,2,0,64,0.0
246,5117314,M,N,Y,1,292500.0,Working,Secondary / secondary special,Married,House / apartment,-1679,1,0,0,0,3,0,46,5.0
247,5009195,F,N,N,0,292500.0,State servant,Secondary / secondary special,Married,House / apartment,-8684,1,1,1,0,2,0,57,24.0
248,5139548,F,Y,Y,2,157500.0,Commercial associate,Higher education,Married,House / apartment,-6337,1,0,1,0,4,0,37,17.0
249,5096416,F,N,N,0,76500.0,Working,Secondary / secondary special,Married,House / apartment,-97,1,1,0,0,2,0,46,0.0
250,5042286,F,N,Y,0,157500.0,Working,Secondary / secondary special,Single / not married,House / apartment,-1222,1,0,0,0,1,0,30,3.0
251,5050729,M,Y,N,0,180000.0,Working,Secondary / secondary special,Single / not married,With parents,-531,1,0,0,0,1,0,23,1.0
252,5038897,F,N,Y,0,135000.0,Pensioner,Secondary / secondary special,Married,House / apartment,0,1,0,1,0,2,0,63,0.0
253,5050973,F,N,N,1,112500.0,State servant,Secondary / secondary special,Single / not married,House / apartment,-7591,1,0,0,0,2,0,44,21.0
254,5044935,M,N,Y,2,360000.0,State servant,Higher education,Married,House / apartment,-5639,1,0,1,0,4,0,44,15.0
255,5113539,F,N,Y,0,157500.0,Working,Secondary / secondary special,Married,House / apartment,-1776,1,0,0,0,2,0,57,5.0
256,5085990,F,Y,Y,0,225000.0,Pensioner,Secondary / secondary special,Married,House / apartment,0,1,0,0,0,2,0,59,0.0
257,5033452,F,N,N,0,112500.0,Working,Secondary / secondary special,Married,House / apartment,-5498,1,1,1,0,2,0,52,15.0
258,5051240,F,Y,N,0,121500.0,Pensioner,Secondary / secondary special,Single / not married,House / apartment,0,1,0,0,0,1,0,64,0.0
259,5065335,M,N,Y,0,202500.0,Commercial associate,Lower secondary,Married,Rented apartment,-1935,1,0,1,0,2,0,27,5.0
260,5145978,F,Y,N,0,112500.0,State servant,Secondary / secondary special,Widow,House / apartment,-5880,1,0,0,0,1,0,54,16.0
261,5105614,F,Y,Y,2,135000.0,Working,Higher education,Married,House / apartment,-460,1,0,0,0,4,0,34,1.0
262,5038845,F,N,Y,0,103500.0,Commercial associate,Secondary / secondary special,Married,House / apartment,-1569,1,1,1,0,2,0,47,4.0
263,5105556,F,N,Y,0,157500.0,Working,Secondary / secondary special,Married,House / apartment,-4532,1,0,0,0,2,0,54,12.0
264,5028383,M,Y,N,0,337500.0,Working,Secondary / secondary special,Single / not married,With parents,-3309,1,0,0,0,1,0,31,9.0
265,5009980,F,Y,Y,0,180000.0,State servant,Secondary / secondary special,Married,House / apartment,-3873,1,0,0,0,2,0,57,11.0
266,5062075,F,N,Y,0,112500.0,Pensioner,Secondary / secondary special,Married,House / apartment,0,1,0,0,0,2,0,59,0.0
267,5009706,F,N,N,0,157500.0,Working,Higher education,Married,House / apartment,-344,1,0,0,0,2,0,32,1.0
268,5146463,M,Y,N,0,360000.0,State servant,Higher education,Married,House / apartment,-1923,1,0,0,0,2,0,27,5.0
269,5112662,F,N,N,1,135000.0,Commercial associate,Secondary / secondary special,Married,House / apartment,-604,1,0,0,0,3,0,34,2.0
270,5096796,M,Y,Y,0,337500.0,Working,Higher education,Separated,House / apartment,-584,1,0,0,0,1,0,36,2.0
271,5066843,F,N,Y,0,135000.0,Pensioner,Secondary / secondary special,Married,House / apartment,0,1,0,0,0,2,0,47,0.0
272,5066597,F,N,N,1,360000.0,Commercial associate,Higher education,Civil marriage,House / apartment,-1922,1,0,0,0,3,0,41,5.0
274,5009074,F,Y,Y,1,450000.0,State servant,Higher education,Married,House / apartment,-708,1,0,1,1,3,0,49,2.0
275,5090954,F,N,N,0,270000.0,State servant,Secondary / secondary special,Separated,House / apartment,-12332,1,0,1,1,1,0,53,34.0
276,5143019,M,N,N,0,270000.0,Working,Secondary / secondary special,Married,With parents,-622,1,1,1,0,2,0,32,2.0
277,5118617,F,N,N,0,270000.0,Commercial associate,Higher education,Single / not married,House / apartment,-5209,1,0,0,0,1,0,43,14.0
278,5116018,F,Y,Y,0,450000.0,Pensioner,Higher education,Widow,House / apartment,0,1,0,1,0,1,0,61,0.0
279,5139662,F,N,Y,0,157500.0,Pensioner,Lower secondary,Married,House / apartment,0,1,0,0,0,2,0,64,0.0
280,5042232,F,N,Y,0,112500.0,Commercial associate,Secondary / secondary special,Single / not married,House / apartment,-6273,1,1,0,0,1,0,35,17.0
281,5125317,M,Y,N,0,292500.0,Commercial associate,Secondary / secondary special,Married,House / apartment,-2722,1,0,0,0,2,0,57,7.0
282,5068038,F,N,N,0,112500.0,State servant,Secondary / secondary special,Married,With parents,-9363,1,0,0,0,2,0,47,26.0
283,5038814,F,N,Y,0,247500.0,Commercial associate,Secondary / secondary special,Married,House / apartment,-746,1,0,0,0,2,0,53,2.0
284,5095356,F,N,N,0,157500.0,Working,Secondary / secondary special,Single / not married,With parents,-1039,1,0,0,0,1,0,25,3.0
285,5037266,M,Y,N,0,225000.0,Working,Secondary / secondary special,Single / not married,House / apartment,-1322,1,0,0,0,1,0,33,4.0
286,5052865,F,N,Y,0,94500.0,Commercial associate,Incomplete higher,Married,House / apartment,-3458,1,1,1,0,2,0,38,9.0
287,5096211,M,N,N,0,81000.0,Working,Secondary / secondary special,Civil marriage,House / apartment,-158,1,1,0,0,2,0,39,0.0
288,5023280,F,Y,Y,0,180000.0,Commercial associate,Secondary / secondary special,Married,House / apartment,-2457,1,0,0,0,2,0,46,7.0
289,5132340,F,N,Y,2,198000.0,Commercial associate,Incomplete higher,Separated,House / apartment,-2811,1,0,0,0,3,0,43,8.0
290,5136012,F,N,N,3,180000.0,Working,Higher education,Married,House / apartment,-7018,1,0,0,0,5,0,37,19.0
291,5045917,M,Y,Y,0,315000.0,Commercial associate,Secondary / secondary special,Married,Rented apartment,-2026,1,0,0,0,2,0,47,6.0
292,5041073,F,N,Y,0,67500.0,Working,Secondary / secondary special,Single / not married,House / apartment,-188,1,0,0,0,2,0,50,1.0
293,5149660,F,N,Y,1,180000.0,Commercial associate,Secondary / secondary special,Civil marriage,House / apartment,-2967,1,0,0,0,3,0,33,8.0
294,5022756,F,N,N,1,202500.0,Commercial associate,Secondary / secondary special,Separated,House / apartment,-3166,1,0,0,0,2,0,30,9.0
295,5036562,F,N,N,1,112500.0,Working,Secondary / secondary special,Married,House / apartment,-5107,1,1,0,0,3,0,33,14.0
296,5117754,M,Y,N,0,306000.0,Working,Secondary / secondary special,Married,House / apartment,-1649,1,0,0,0,2,0,44,5.0
297,5125281,F,N,Y,1,90000.0,Working,Secondary / secondary special,Married,House / apartment,-3694,1,0,0,1,3,0,45,10.0
298,5149039,F,N,Y,2,270000.0,Commercial associate,Higher education,Civil marriage,House / apartment,-3697,1,0,0,0,4,0,30,10.0
299,5021267,F,Y,Y,1,270000.0,Working,Secondary / secondary special,Married,House / apartment,-4596,1,0,0,0,3,0,40,13.0
300,5125166,M,N,Y,1,234000.0,Working,Secondary / secondary special,Married,House / apartment,-1748,1,0,0,0,3,0,33,5.0
301,5125524,M,N,N,2,171000.0,Working,Secondary / secondary special,Married,Municipal apartment,-5674,1,1,1,0,4,0,38,16.0
302,5010089,F,N,N,0,225000.0,Commercial associate,Secondary / secondary special,Married,House / apartment,-1682,1,0,0,0,2,0,28,5.0
303,5126457,F,N,N,0,94500.0,Working,Higher education,Married,House / apartment,-196,1,0,0,0,2,0,46,1.0
304,5142763,F,N,N,0,117000.0,Commercial associate,Secondary / secondary special,Single / not married,With parents,-530,1,0,0,0,1,0,27,1.0
305,5023261,M,Y,Y,0,180000.0,Commercial associate,Secondary / secondary special,Married,House / apartment,-1696,1,0,0,0,2,0,58,5.0
306,5090861,F,Y,Y,0,202500.0,Commercial associate,Secondary / secondary special,Married,House / apartment,-2168,1,0,0,0,2,0,54,6.0
307,5146123,F,N,N,0,54000.0,Pensioner,Secondary / secondary special,Single / not married,House / apartment,0,1,0,0,0,1,0,55,0.0
308,5023410,F,N,Y,0,112500.0,Pensioner,Secondary / secondary special,Married,House / apartment,0,1,0,0,0,2,0,59,0.0
309,5010032,M,Y,Y,0,85500.0,Pensioner,Secondary / secondary special,Married,House / apartment,0,1,0,1,0,2,0,61,0.0
310,5118397,M,N,N,0,135000.0,Working,Secondary / secondary special,Married,House / apartment,-1649,1,0,0,0,2,0,47,5.0
311,5033628,F,N,Y,0,166500.0,State servant,Higher education,Married,House / apartment,-13382,1,0,0,0,2,0,65,37.0
312,5069399,M,N,Y,0,157500.0,Working,Secondary / secondary special,Single / not married,House / apartment,-1509,1,1,1,0,1,0,23,4.0
313,5008889,F,N,Y,0,247500.0,Commercial associate,Higher education,Separated,Rented apartment,-1347,1,0,0,0,1,0,47,4.0
314,5022041,M,N,Y,0,180000.0,Working,Secondary / secondary special,Married,House / apartment,-1405,1,0,0,1,2,0,28,4.0
315,5126124,F,Y,N,0,72000.0,Working,Secondary / secondary special,Married,House / apartment,-227,1,1,1,0,2,0,42,1.0
316,5023563,F,N,Y,0,202500.0,Working,Secondary / secondary special,Widow,House / apartment,-9975,1,0,0,0,1,0,49,27.0
317,5050853,M,N,N,0,180000.0,Commercial associate,Higher education,Single / not married,House / apartment,-1505,1,0,0,0,1,0,26,4.0
318,5024412,M,Y,N,0,270000.0,Working,Higher education,Married,House / apartment,-5084,1,0,0,0,2,0,51,14.0
319,5090612,F,Y,N,0,202500.0,Working,Higher education,Married,House / apartment,-2905,1,0,0,0,2,0,38,8.0
320,5028274,F,Y,N,2,360000.0,Working,Incomplete higher,Married,House / apartment,-2213,1,0,0,0,4,0,35,6.0
321,5028996,M,Y,Y,0,270000.0,Working,Higher education,Married,House / apartment,-356,1,0,0,0,2,0,34,1.0
322,5126322,F,N,N,0,270000.0,Working,Secondary / secondary special,Married,House / apartment,-1719,1,1,1,0,2,0,49,5.0
323,5053610,F,N,Y,0,112500.0,Working,Secondary / secondary special,Married,Municipal apartment,-3680,1,0,0,0,2,0,56,10.0
325,5137401,F,N,N,0,157500.0,Working,Higher education,Separated,House / apartment,-3000,1,0,0,0,1,0,47,8.0
326,5142812,M,Y,N,0,202500.0,State servant,Secondary / secondary special,Married,House / apartment,-4275,1,1,1,0,2,0,32,12.0
327,5053114,F,N,Y,0,99000.0,Pensioner,Secondary / secondary special,Married,House / apartment,0,1,0,0,0,2,0,65,0.0
328,5149027,F,N,Y,0,162000.0,Pensioner,Secondary / secondary special,Married,House / apartment,0,1,0,0,0,2,0,62,0.0
329,5145869,F,N,Y,0,225000.0,Pensioner,Secondary / secondary special,Separated,House / apartment,0,1,0,1,0,1,0,57,0.0
330,5053354,F,Y,N,0,225000.0,Working,Secondary / secondary special,Married,House / apartment,-110,1,0,0,0,2,0,50,0.0
331,5087944,F,N,Y,0,72000.0,Working,Secondary / secondary special,Widow,House / apartment,-2078,1,1,1,0,1,0,55,6.0
332,5035688,F,Y,Y,0,135000.0,Working,Secondary / secondary special,Civil marriage,House / apartment,-8377,1,0,0,0,2,0,45,23.0
333,5068491,M,N,N,1,315000.0,Commercial associate,Higher education,Married,House / apartment,-110,1,0,1,0,3,0,50,0.0
334,5044860,F,N,Y,0,167400.0,Pensioner,Secondary / secondary special,Married,House / apartment,0,1,0,0,0,2,0,52,0.0
335,5117047,F,N,Y,0,180000.0,Pensioner,Secondary / secondary special,Widow,House / apartment,0,1,0,0,0,1,0,63,0.0
336,5022676,M,N,Y,0,135000.0,Pensioner,Secondary / secondary special,Married,House / apartment,0,1,0,0,0,2,0,64,0.0
337,5009739,F,Y,N,0,99000.0,Working,Secondary / secondary special,Married,House / apartment,-4392,1,1,1,0,2,0,40,12.0
338,5096991,F,N,Y,1,225000.0,Commercial associate,Higher education,Married,House / apartment,-126,1,0,0,0,3,0,34,0.0
339,5067982,M,Y,Y,0,153000.0,Working,Higher education,Separated,With parents,-7640,1,0,0,1,1,0,55,21.0
340,5135982,F,N,Y,0,423000.0,Commercial associate,Secondary / secondary special,Separated,House / apartment,-3153,1,0,0,0,1,0,37,9.0
341,5046362,F,N,Y,0,90000.0,Working,Secondary / secondary special,Civil marriage,With parents,-139,1,1,1,0,2,0,39,0.0
342,5066817,F,Y,N,1,360000.0,Working,Higher education,Widow,House / apartment,-4023,1,0,0,1,2,0,45,11.0
343,5143519,F,N,Y,0,247500.0,Pensioner,Secondary / secondary special,Single / not married,House / apartment,0,1,0,0,0,1,0,64,0.0
344,5068888,F,N,Y,0,225000.0,Working,Secondary / secondary special,Married,House / apartment,-4888,1,0,0,0,2,0,64,13.0
345,5150412,F,N,Y,0,67500.0,Pensioner,Secondary / secondary special,Widow,House / apartment,0,1,0,0,0,1,0,61,0.0
346,5067924,F,N,Y,0,112500.0,Pensioner,Secondary / secondary special,Widow,House / apartment,0,1,0,0,0,1,0,62,0.0
347,5056149,M,Y,N,0,157500.0,Working,Secondary / secondary special,Married,House / apartment,-14887,1,0,0,0,2,0,64,41.0
348,5022308,F,N,Y,0,90000.0,Working,Secondary / secondary special,Separated,House / apartment,-3319,1,0,0,0,1,0,52,9.0
349,5068465,F,N,Y,1,90000.0,Commercial associate,Secondary / secondary special,Married,House / apartment,-1966,1,0,1,0,3,0,28,5.0
350,5036881,F,Y,Y,0,225000.0,Pensioner,Secondary / secondary special,Married,House / apartment,0,1,0,0,0,2,0,62,0.0
351,5137033,M,Y,N,1,112500.0,Working,Secondary / secondary special,Married,House / apartment,-200,1,0,1,0,3,0,39,1.0
352,5148812,F,N,Y,0,112500.0,Pensioner,Secondary / secondary special,Married,House / apartment,0,1,0,0,0,2,0,61,0.0
353,5100220,M,Y,Y,2,315000.0,Commercial associate,Secondary / secondary special,Married,House / apartment,-6123,1,0,0,0,4,0,42,17.0
354,5078842,F,Y,Y,1,135000.0,Working,Secondary / secondary special,Married,With parents,-117,1,0,0,0,3,0,29,0.0
355,5010526,M,Y,Y,1,450000.0,Working,Higher education,Married,Office apartment,-2625,1,0,0,0,3,0,51,7.0
356,5105150,F,N,Y,0,90000.0,Working,Higher education,Married,House / apartment,-1763,1,0,0,0,2,0,52,5.0
357,5045253,F,N,Y,1,270000.0,Working,Secondary / secondary special,Married,House / apartment,-3689,1,0,0,0,3,0,57,10.0
358,5100000,F,N,N,1,180000.0,Commercial associate,Secondary / secondary special,Married,House / apartment,-3414,1,0,0,0,3,0,42,9.0
359,5029725,F,N,Y,1,135000.0,Commercial associate,Higher education,Married,House / apartment,-2910,1,1,0,1,3,0,27,8.0
360,5090925,F,N,Y,0,243000.0,Commercial associate,Secondary / secondary special,Married,With parents,-3412,1,0,0,0,2,0,47,9.0
361,5115947,M,Y,Y,0,225000.0,Working,Secondary / secondary special,Single / not married,House / apartment,-1107,1,0,0,0,1,0,26,3.0
362,5028572,F,N,Y,0,112500.0,Pensioner,Higher education,Married,House / apartment,0,1,0,0,0,2,0,60,0.0
363,5022373,F,N,Y,1,234000.0,Working,Secondary / secondary special,Single / not married,House / apartment,-8036,1,0,0,0,2,0,57,22.0
364,5149040,F,N,Y,0,180000.0,Working,Secondary / secondary special,Civil marriage,House / apartment,-3608,1,0,0,0,2,0,54,10.0
365,5113291,F,Y,Y,2,121500.0,Working,Incomplete higher,Married,House / apartment,-101,1,1,1,0,4,0,31,0.0
366,5139951,F,Y,Y,0,121500.0,State servant,Secondary / secondary special,Married,House / apartment,-3231,1,1,0,0,2,0,55,9.0
367,5028697,M,Y,N,1,270000.0,Working,Higher education,Married,Rented apartment,-203,1,0,1,0,3,0,30,1.0
368,5148527,F,N,Y,0,180000.0,Pensioner,Secondary / secondary special,Married,House / apartment,0,1,0,0,0,2,0,64,0.0
369,5009443,F,N,N,0,90000.0,State servant,Secondary / secondary special,Married,House / apartment,-1682,1,0,1,0,2,0,26,5.0
370,5096621,F,N,N,1,135000.0,Working,Secondary / secondary special,Married,House / apartment,-1589,1,0,1,0,3,0,40,4.0
371,5149150,M,Y,Y,0,247500.0,Working,Secondary / secondary special,Married,House / apartment,-3577,1,1,0,0,2,0,30,10.0
372,5118448,F,N,N,1,76500.0,Working,Secondary / secondary special,Married,House / apartment,-735,1,1,0,0,3,0,28,2.0
373,5116818,M,N,Y,0,85500.0,State servant,Secondary / secondary special,Separated,Co-op apartment,-8737,1,1,1,0,1,0,45,24.0
374,5022833,M,Y,Y,0,202500.0,Working,Secondary / secondary special,Married,House / apartment,-1617,1,0,0,0,2,0,47,4.0
375,5086006,F,N,Y,0,157500.0,Pensioner,Secondary / secondary special,Widow,House / apartment,0,1,0,0,0,1,0,59,0.0
376,5010397,F,Y,Y,1,225000.0,Working,Higher education,Married,House / apartment,-1591,1,1,1,0,3,0,39,4.0
377,5047789,F,Y,Y,0,225000.0,Commercial associate,Higher education,Married,House / apartment,-979,1,0,0,0,2,0,29,3.0
378,5105657,F,Y,Y,2,540000.0,Working,Higher education,Single / not married,House / apartment,-422,1,0,1,1,3,0,39,1.0
379,5150047,F,N,Y,0,283500.0,Working,Secondary / secondary special,Married,House / apartment,-655,1,0,0,0,2,0,49,2.0
380,5035791,F,Y,Y,0,90000.0,Pensioner,Secondary / secondary special,Widow,House / apartment,0,1,0,0,0,1,0,60,0.0
382,5088699,F,Y,Y,0,252000.0,Working,Secondary / secondary special,Married,House / apartment,-1261,1,0,0,0,2,0,48,3.0
383,5115797,F,N,Y,1,135000.0,Commercial associate,Secondary / secondary special,Single / not married,House / apartment,-7346,1,0,0,0,2,0,40,20.0
384,5023460,F,Y,Y,0,315000.0,Pensioner,Secondary / secondary special,Single / not married,House / apartment,0,1,0,0,0,1,0,58,0.0
385,5096466,M,Y,N,1,450000.0,Working,Higher education,Married,House / apartment,-5545,1,1,0,0,3,0,53,15.0
386,5146472,F,Y,Y,0,180000.0,Commercial associate,Higher education,Civil marriage,House / apartment,-3810,1,0,0,0,2,0,39,10.0
387,5024527,F,N,Y,0,270000.0,Pensioner,Secondary / secondary special,Widow,House / apartment,0,1,0,1,0,1,0,57,0.0
389,5068156,M,Y,Y,0,180000.0,Working,Secondary / secondary special,Married,House / apartment,-3246,1,0,0,0,2,0,54,9.0
390,5117756,M,Y,N,0,306000.0,Working,Secondary / secondary special,Married,House / apartment,-1649,1,0,0,0,2,0,44,5.0
391,5066507,F,N,Y,0,157500.0,Working,Secondary / secondary special,Single / not married,House / apartment,-7676,1,0,1,0,1,0,48,21.0
392,5143164,F,N,N,2,180000.0,Commercial associate,Secondary / secondary special,Married,House / apartment,-1353,1,1,0,0,4,0,38,4.0
393,5088834,F,N,Y,0,612000.0,State servant,Secondary / secondary special,Married,House / apartment,-3715,1,0,0,1,2,0,34,10.0
394,5135841,F,N,Y,1,36000.0,Working,Secondary / secondary special,Married,House / apartment,-1113,1,0,1,0,3,0,34,3.0
395,5023059,M,Y,Y,1,112500.0,Working,Secondary / secondary special,Married,House / apartment,-508,1,0,0,0,3,0,31,1.0
396,5125325,M,Y,N,0,292500.0,Commercial associate,Secondary / secondary special,Married,House / apartment,-2722,1,0,0,0,2,0,57,7.0
397,5135574,F,Y,Y,0,180000.0,Working,Secondary / secondary special,Married,House / apartment,-992,1,0,0,0,2,0,32,3.0
398,5009053,F,N,Y,2,202500.0,Working,Higher education,Married,House / apartment,-2289,1,0,0,1,4,0,30,6.0
399,5028292,F,N,Y,0,292500.0,Working,Higher education,Separated,House / apartment,-12621,1,0,1,0,1,0,54,35.0
400,5029108,M,Y,N,1,315000.0,State servant,Secondary / secondary special,Married,House / apartment,-3643,1,0,0,1,3,0,36,10.0
401,5091400,F,N,N,0,135000.0,Working,Secondary / secondary special,Married,With parents,-869,1,0,0,0,2,0,34,2.0
402,5050768,F,N,N,2,337500.0,Working,Secondary / secondary special,Married,House / apartment,-2174,1,0,0,0,4,0,30,6.0
403,5113420,F,N,N,1,157500.0,Working,Secondary / secondary special,Single / not married,Municipal apartment,-5336,1,0,0,0,2,0,35,15.0
404,5113132,F,Y,Y,0,360000.0,Commercial associate,Secondary / secondary special,Married,House / apartment,-3535,1,0,0,0,2,0,52,10.0
405,5062670,F,Y,Y,1,135000.0,Working,Higher education,Married,House / apartment,-4407,1,0,0,0,3,0,41,12.0
406,5029352,M,Y,Y,0,270000.0,Working,Higher education,Married,House / apartment,-412,1,0,0,0,2,0,30,1.0
407,5105067,M,N,Y,0,157500.0,Working,Incomplete higher,Married,House / apartment,-453,1,1,1,0,2,0,37,1.0
408,5143573,M,Y,N,0,157500.0,Working,Incomplete higher,Married,With parents,-960,1,1,0,0,2,0,25,3.0
409,5045203,F,Y,Y,0,139500.0,Pensioner,Secondary / secondary special,Married,House / apartment,0,1,0,0,0,2,0,58,0.0
410,5065673,F,N,N,0,135000.0,Working,Secondary / secondary special,Single / not married,House / apartment,-4711,1,0,0,0,1,0,32,13.0
411,5029544,F,Y,Y,1,133650.0,Commercial associate,Secondary / secondary special,Married,House / apartment,-1965,1,0,0,0,3,0,40,5.0
412,5045800,M,Y,Y,1,427500.0,Working,Secondary / secondary special,Married,House / apartment,-2543,1,0,1,0,3,0,33,7.0
413,5111159,F,Y,Y,1,81000.0,Working,Higher education,Married,House / apartment,-1393,1,1,1,0,3,0,29,4.0
414,5099957,F,Y,Y,1,225000.0,Commercial associate,Higher education,Married,House / apartment,-460,1,0,0,0,3,0,31,1.0
415,5143360,F,N,Y,0,126000.0,Working,Secondary / secondary special,Married,House / apartment,-2234,1,1,1,0,2,0,62,6.0
416,5091753,M,Y,N,2,135000.0,Working,Higher education,Married,House / apartment,-1631,1,0,0,0,4,0,35,4.0
417,5117403,F,N,N,0,94500.0,Working,Secondary / secondary special,Married,House / apartment,-1619,1,0,0,0,2,0,46,4.0
418,5149319,F,Y,Y,1,180000.0,Working,Higher education,Separated,House / apartment,-5981,1,0,0,0,2,0,52,16.0
419,5137542,F,N,N,0,157500.0,Working,Secondary / secondary special,Married,House / apartment,-3153,1,1,0,0,2,0,52,9.0
420,5095170,M,Y,Y,0,252000.0,Commercial associate,Higher education,Married,House / apartment,-2682,1,0,0,0,2,0,38,7.0
421,5090780,F,N,N,1,202500.0,Working,Secondary / secondary special,Married,House / apartment,-3443,1,0,0,0,3,0,33,9.0
422,5092242,F,N,N,0,117000.0,Working,Secondary / secondary special,Married,House / apartment,-2330,1,0,0,0,2,0,57,6.0
423,5068671,M,N,Y,0,247500.0,Working,Incomplete higher,Married,House / apartment,-413,1,0,0,0,2,0,25,1.0
424,5143427,F,N,Y,0,180000.0,Pensioner,Secondary / secondary special,Single / not married,House / apartment,0,1,0,0,0,1,0,64,0.0
425,5087994,M,Y,Y,1,180000.0,Commercial associate,Incomplete higher,Civil marriage,House / apartment,-6645,1,0,0,0,3,0,43,18.0
426,5052739,F,N,Y,2,180000.0,Commercial associate,Secondary / secondary special,Married,House / apartment,-505,1,0,0,1,4,0,29,1.0
427,5068747,F,N,N,0,157500.0,Working,Higher education,Civil marriage,With parents,-201,1,0,0,0,2,0,36,1.0
428,5025029,F,N,N,0,135000.0,Pensioner,Secondary / secondary special,Married,House / apartment,0,1,0,0,0,2,0,55,0.0
430,5022571,M,Y,Y,0,202500.0,Pensioner,Higher education,Married,House / apartment,0,1,0,0,0,2,0,60,0.0
431,5024578,F,N,N,1,90000.0,Working,Secondary / secondary special,Married,With parents,-1462,1,0,0,0,3,0,28,4.0
432,5058405,M,Y,Y,0,247500.0,Working,Higher education,Married,House / apartment,-2609,1,0,0,0,2,0,35,7.0
433,5041869,M,Y,N,0,99000.0,State servant,Secondary / secondary special,Married,House / apartment,-521,1,1,1,0,2,0,53,1.0
434,5115894,M,Y,N,0,247500.0,Commercial associate,Secondary / secondary special,Married,House / apartment,-1321,1,0,0,0,2,0,48,4.0
435,5062749,M,Y,N,1,202500.0,State servant,Higher education,Married,House / apartment,-2467,1,0,0,0,3,0,37,7.0
436,5045611,F,N,Y,2,90000.0,Working,Secondary / secondary special,Married,House / apartment,-716,1,0,0,0,4,0,32,2.0
437,5113288,F,Y,Y,2,121500.0,Working,Incomplete higher,Married,House / apartment,-101,1,1,1,0,4,0,31,0.0
438,5053003,F,Y,Y,0,157500.0,Working,Incomplete higher,Married,House / apartment,-1632,1,1,1,0,2,0,26,4.0
439,5118038,F,N,N,2,121500.0,Working,Higher education,Married,House / apartment,-614,1,0,0,0,4,0,32,2.0
440,5091405,F,N,Y,0,135000.0,Working,Secondary / secondary special,Single / not married,House / apartment,-1904,1,1,0,0,1,0,48,5.0
441,5137022,F,N,N,0,180000.0,State servant,Secondary / secondary special,Widow,House / apartment,-351,1,1,1,0,1,0,50,1.0
442,5117594,F,N,N,0,144000.0,Working,Secondary / secondary special,Single / not married,House / apartment,-7310,1,1,1,0,1,0,46,20.0
443,5085704,M,Y,Y,0,126000.0,Pensioner,Secondary / secondary special,Married,House / apartment,0,1,0,0,0,2,0,53,0.0
444,5137292,M,Y,N,1,225000.0,Working,Secondary / secondary special,Married,House / apartment,-7260,1,1,1,0,3,0,42,20.0
445,5038751,M,Y,Y,2,157500.0,Commercial associate,Higher education,Married,With parents,-626,1,0,0,0,4,0,39,2.0
446,5099900,M,Y,Y,0,157500.0,Commercial associate,Secondary / secondary special,Married,House / apartment,-6853,1,0,0,0,2,0,56,19.0
447,5116676,M,Y,Y,3,270000.0,Working,Secondary / secondary special,Married,House / apartment,-458,1,1,0,0,5,0,37,1.0
448,5061321,F,Y,Y,1,261000.0,State servant,Higher education,Married,House / apartment,-1628,1,0,0,0,3,0,41,4.0
449,5139410,F,Y,Y,2,135000.0,State servant,Secondary / secondary special,Married,House / apartment,-6094,1,1,0,0,4,0,40,17.0
450,5048486,M,Y,Y,0,202500.0,Working,Secondary / secondary special,Married,House / apartment,-734,1,1,1,0,2,0,36,2.0
451,5139658,F,N,Y,0,157500.0,Pensioner,Lower secondary,Married,House / apartment,0,1,0,0,0,2,0,64,0.0
452,5091280,M,N,Y,1,103500.0,Working,Secondary / secondary special,Married,House / apartment,-657,1,1,0,0,3,0,32,2.0
453,5023186,M,Y,Y,0,135000.0,Working,Secondary / secondary special,Married,House / apartment,-2700,1,0,1,0,2,0,47,7.0
454,5054307,M,N,N,1,135000.0,Working,Secondary / secondary special,Married,House / apartment,-880,1,0,0,0,3,0,28,2.0
455,5116879,F,N,N,0,112500.0,Working,Higher education,Single / not married,With parents,-157,1,1,1,0,1,0,30,0.0
456,5050453,M,N,Y,1,231750.0,Working,Secondary / secondary special,Married,House / apartment,-135,1,0,0,0,3,0,39,0.0
457,5022804,F,Y,Y,0,202500.0,Working,Higher education,Widow,House / apartment,-1497,1,0,0,0,1,0,33,4.0
458,5091374,M,Y,Y,0,247500.0,Working,Secondary / secondary special,Married,House / apartment,-1266,1,1,1,0,2,0,42,3.0
459,5135484,F,N,Y,0,135000.0,State servant,Higher education,Single / not married,Municipal apartment,-1935,1,0,0,0,1,0,29,5.0
460,5054188,F,N,N,0,135000.0,Working,Secondary / secondary special,Married,House / apartment,-515,1,0,1,0,2,0,31,1.0
461,5054626,F,N,Y,0,112500.0,Pensioner,Secondary / secondary special,Widow,House / apartment,0,1,0,0,0,1,0,60,0.0
462,5068548,M,Y,Y,0,117000.0,Commercial associate,Secondary / secondary special,Married,House / apartment,-1023,1,0,0,0,2,0,53,3.0
463,5053472,M,N,Y,0,112500.0,Working,Secondary / secondary special,Married,House / apartment,-2129,1,1,1,0,2,0,51,6.0
464,5105395,F,N,Y,0,135000.0,Working,Incomplete higher,Single / not married,House / apartment,-575,1,0,0,0,1,0,30,2.0
465,5029554,F,N,Y,0,103500.0,Pensioner,Secondary / secondary special,Widow,House / apartment,0,1,0,0,0,1,0,65,0.0
466,5089722,F,N,N,0,315000.0,Commercial associate,Secondary / secondary special,Separated,House / apartment,-3262,1,1,1,1,1,0,48,9.0
467,5066562,F,N,N,0,180000.0,Commercial associate,Incomplete higher,Married,With parents,-430,1,1,0,1,2,0,23,1.0
468,5062547,F,N,Y,3,247500.0,Commercial associate,Incomplete higher,Married,House / apartment,-2207,1,0,0,1,5,0,33,6.0
469,5010203,M,Y,Y,0,135000.0,Working,Lower secondary,Married,With parents,-1866,1,0,0,1,2,0,27,5.0
470,5024665,F,N,Y,0,157500.0,Working,Secondary / secondary special,Married,House / apartment,-4568,1,1,1,0,2,0,40,13.0
471,5089626,F,N,N,0,315000.0,Commercial associate,Higher education,Married,House / apartment,-309,1,1,1,1,2,0,44,1.0
472,5021373,F,N,Y,0,247500.0,Working,Higher education,Married,House / apartment,-578,1,0,0,1,2,0,61,2.0
475,5143515,F,N,Y,0,247500.0,Pensioner,Secondary / secondary special,Single / not married,House / apartment,0,1,0,0,0,1,0,64,0.0
476,5018461,F,N,Y,1,166500.0,Working,Secondary / secondary special,Married,House / apartment,-8033,1,0,1,0,3,0,55,22.0
477,5096300,F,N,N,1,112500.0,Commercial associate,Secondary / secondary special,Married,House / apartment,-2257,1,0,0,0,3,0,26,6.0
478,5148897,M,N,Y,0,90900.0,Pensioner,Secondary / secondary special,Married,House / apartment,0,1,0,1,0,2,0,61,0.0
479,5025047,F,Y,N,3,112500.0,Working,Secondary / secondary special,Married,House / apartment,-3776,1,1,1,0,5,0,32,10.0
480,5092164,F,Y,Y,0,45900.0,Pensioner,Secondary / secondary special,Widow,House / apartment,0,1,0,1,0,1,0,56,0.0
481,5053143,M,N,Y,1,126000.0,Working,Secondary / secondary special,Civil marriage,House / apartment,-140,1,0,1,0,3,0,34,0.0
482,5038510,F,N,Y,0,103500.0,Working,Incomplete higher,Married,House / apartment,-4583,1,0,0,0,2,0,32,13.0
483,5023482,F,N,Y,1,119250.0,Working,Secondary / secondary special,Married,House / apartment,-4404,1,1,1,0,3,0,44,12.0
484,5054099,M,Y,N,2,202500.0,Working,Higher education,Married,House / apartment,-727,1,0,0,0,4,0,32,2.0
485,5062713,F,N,Y,1,157500.0,Working,Secondary / secondary special,Married,House / apartment,-3805,1,0,0,0,3,0,40,10.0
486,5088851,F,Y,Y,0,112500.0,Working,Higher education,Married,House / apartment,-2316,1,0,0,1,2,0,31,6.0
487,5111117,F,N,Y,1,315000.0,Working,Higher education,Married,House / apartment,-1455,1,0,0,0,3,0,32,4.0
488,5118115,M,N,N,1,270000.0,Commercial associate,Secondary / secondary special,Married,House / apartment,-5422,1,1,1,0,3,0,37,15.0
489,5024258,M,N,Y,0,162000.0,Working,Secondary / secondary special,Single / not married,House / apartment,-581,1,0,0,0,1,0,31,2.0
490,5113976,M,Y,N,0,270000.0,Working,Incomplete higher,Married,House / apartment,-893,1,1,1,1,2,0,33,2.0
491,5099907,F,N,Y,2,112500.0,Working,Incomplete higher,Married,House / apartment,-1860,1,0,0,0,4,0,30,5.0
492,5092332,F,N,Y,0,58500.0,Pensioner,Secondary / secondary special,Single / not married,House / apartment,0,1,0,1,0,1,0,68,0.0
493,5038932,F,N,Y,0,94500.0,Commercial associate,Higher education,Separated,House / apartment,-6317,1,0,1,0,1,0,40,17.0
494,5078924,M,N,Y,0,270000.0,Working,Secondary / secondary special,Married,House / apartment,-1000,1,0,1,0,2,0,44,3.0
495,5068390,F,Y,Y,1,270000.0,Working,Higher education,Separated,House / apartment,-140,1,0,1,1,2,0,38,0.0
496,5046036,F,Y,Y,0,99000.0,Pensioner,Secondary / secondary special,Civil marriage,House / apartment,0,1,0,0,0,2,0,59,0.0
497,5033788,F,N,Y,1,315000.0,Working,Higher education,Separated,House / apartment,-4766,1,1,1,0,2,0,43,13.0
498,5010781,F,Y,Y,1,157500.0,Commercial associate,Higher education,Married,House / apartment,-2259,1,0,0,1,3,0,40,6.0
499,5022761,F,N,Y,0,180000.0,Working,Secondary / secondary special,Married,House / apartment,-1344,1,0,0,1,2,0,27,4.0
500,5041980,F,N,N,0,211500.0,Commercial associate,Higher education,Married,With parents,-4690,1,1,1,0,2,0,40,13.0
501,5113854,M,N,N,0,202500.0,Working,Secondary / secondary special,Single / not married,House / apartment,-8290,1,1,0,0,1,0,42,23.0
502,5126612,F,Y,N,0,180000.0,Pensioner,Secondary / secondary special,Widow,House / apartment,0,1,0,1,0,1,0,56,0.0
504,5142136,F,N,N,2,144000.0,Working,Secondary / secondary special,Married,House / apartment,-5004,1,0,0,0,4,0,47,14.0
505,5088163,F,N,Y,0,270000.0,Working,Secondary / secondary special,Single / not married,House / apartment,-923,1,0,0,0,1,0,35,3.0
506,5146086,M,N,N,0,148500.0,Working,Secondary / secondary special,Single / not married,Municipal apartment,-1193,1,0,0,1,1,0,39,3.0
507,5139553,F,Y,Y,2,157500.0,Commercial associate,Higher education,Married,House / apartment,-6337,1,0,1,0,4,0,37,17.0
508,5041474,F,N,Y,0,90000.0,Commercial associate,Higher education,Married,House / apartment,-793,1,0,0,1,2,0,25,2.0
509,5025020,F,N,Y,0,148500.0,Pensioner,Secondary / secondary special,Married,House / apartment,0,1,0,0,0,2,0,59,0.0
510,5118270,F,N,N,0,99000.0,Working,Secondary / secondary special,Married,With parents,-5453,1,1,0,0,2,0,54,15.0
511,5095324,F,N,Y,0,315000.0,Pensioner,Secondary / secondary special,Widow,House / apartment,0,1,0,1,0,1,0,63,0.0
512,5142290,F,N,Y,1,162000.0,State servant,Higher education,Civil marriage,House / apartment,-88,1,0,0,0,3,0,41,0.0
513,5148792,F,N,Y,0,202500.0,Commercial associate,Secondary / secondary special,Widow,House / apartment,-5495,1,0,0,0,1,0,48,15.0
514,5062031,F,Y,Y,0,225000.0,Working,Higher education,Single / not married,House / apartment,-593,1,0,1,1,1,0,27,2.0
515,5088836,F,N,Y,0,612000.0,State servant,Secondary / secondary special,Married,House / apartment,-3715,1,0,0,1,2,0,34,10.0
516,5035418,F,N,Y,0,292500.0,Working,Higher education,Married,House / apartment,-4816,1,0,0,0,2,0,58,13.0
517,5089896,F,N,Y,0,67500.0,Pensioner,Higher education,Single / not married,Municipal apartment,0,1,0,0,1,1,0,65,0.0
518,5137407,F,N,N,0,157500.0,Working,Higher education,Separated,House / apartment,-3000,1,0,0,0,1,0,47,8.0
519,5086060,F,N,Y,0,135000.0,State servant,Secondary / secondary special,Married,House / apartment,-9422,1,0,1,0,2,0,56,26.0
520,5095117,F,N,Y,0,67500.0,Working,Higher education,Married,House / apartment,-1586,1,0,0,0,2,0,39,4.0
521,5067419,F,N,Y,0,144000.0,Pensioner,Secondary / secondary special,Married,House / apartment,0,1,0,0,0,2,0,64,0.0
522,5041307,F,Y,Y,0,90000.0,Pensioner,Secondary / secondary special,Married,House / apartment,0,1,0,1,0,2,0,63,0.0
523,5146401,F,N,Y,0,112500.0,Working,Secondary / secondary special,Separated,House / apartment,-2104,1,1,0,0,1,0,54,6.0
524,5105137,F,N,Y,0,112500.0,Working,Secondary / secondary special,Single / not married,House / apartment,-1032,1,0,0,0,1,0,27,3.0
525,5053388,F,N,Y,0,135000.0,Working,Secondary / secondary special,Civil marriage,House / apartment,-9698,1,0,0,1,2,0,45,27.0
526,5146467,M,Y,N,0,360000.0,State servant,Higher education,Married,House / apartment,-1923,1,0,0,0,2,0,27,5.0
527,5113082,F,N,Y,1,112500.0,Working,Higher education,Single / not married,House / apartment,-1131,1,0,0,0,2,0,42,3.0
528,5052755,M,N,Y,0,225000.0,Working,Secondary / secondary special,Civil marriage,House / apartment,-1175,1,0,0,0,2,0,29,3.0
529,5092436,F,Y,Y,0,112500.0,Pensioner,Secondary / secondary special,Married,House / apartment,0,1,0,1,0,2,0,55,0.0
530,5022243,F,N,Y,0,202500.0,Working,Secondary / secondary special,Married,House / apartment,-8375,1,0,0,1,2,0,42,23.0
531,5113020,M,Y,Y,0,202500.0,State servant,Secondary / secondary special,Married,House / apartment,-2199,1,0,0,0,2,0,40,6.0
532,5058267,M,N,N,1,225000.0,Commercial associate,Secondary / secondary special,Married,With parents,-1912,1,0,0,0,3,0,49,5.0
533,5037247,M,Y,Y,2,112500.0,Working,Secondary / secondary special,Married,House / apartment,-926,1,0,0,0,4,0,33,3.0
534,5100461,M,Y,Y,1,202500.0,Commercial associate,Secondary / secondary special,Civil marriage,House / apartment,-2499,1,0,0,0,3,0,34,7.0
535,5096753,M,Y,N,0,328500.0,Working,Higher education,Married,House / apartment,-2654,1,1,1,0,2,0,41,7.0
536,5091778,M,N,Y,2,112500.0,Commercial associate,Secondary / secondary special,Married,House / apartment,-1174,1,1,0,0,4,0,30,3.0
537,5038569,M,Y,Y,0,202500.0,Working,Secondary / secondary special,Married,House / apartment,-230,1,0,1,0,2,0,55,1.0
538,5069169,M,Y,Y,0,135000.0,Working,Secondary / secondary special,Married,House / apartment,-962,1,0,0,1,2,0,28,3.0
540,5091048,F,N,Y,2,270000.0,Commercial associate,Higher education,Married,House / apartment,-2197,1,0,0,1,4,0,42,6.0
541,5097134,M,Y,Y,0,157500.0,Working,Secondary / secondary special,Married,House / apartment,-2468,1,1,1,0,2,0,31,7.0
542,5097106,F,N,Y,0,193500.0,Working,Secondary / secondary special,Married,House / apartment,-11448,1,0,1,0,2,0,58,31.0
543,5099877,F,Y,Y,0,103500.0,Pensioner,Secondary / secondary special,Married,House / apartment,0,1,0,1,0,2,0,59,0.0
544,5033884,M,Y,Y,0,90000.0,Working,Secondary / secondary special,Married,House / apartment,-932,1,1,1,0,2,0,55,3.0
545,5097024,M,Y,N,0,198000.0,Commercial associate,Higher education,Married,House / apartment,-2956,1,0,0,0,2,0,37,8.0
546,5010412,F,N,Y,0,202500.0,Pensioner,Secondary / secondary special,Married,House / apartment,0,1,0,0,0,2,0,60,0.0
547,5091144,M,Y,N,0,225000.0,Working,Secondary / secondary special,Married,House / apartment,-1345,1,0,0,0,2,0,30,4.0
548,5088503,M,Y,Y,0,72000.0,Working,Higher education,Married,House / apartment,-619,1,0,0,0,2,0,60,2.0
549,5126142,M,Y,N,2,202500.0,Working,Secondary / secondary special,Married,House / apartment,-3787,1,0,0,0,4,0,44,10.0
550,5067020,F,Y,Y,1,247500.0,Working,Secondary / secondary special,Civil marriage,House / apartment,-1253,1,0,0,1,3,0,47,3.0
551,5061076,M,Y,N,0,157500.0,State servant,Secondary / secondary special,Married,House / apartment,-3242,1,1,0,0,2,0,41,9.0
552,5126527,F,N,N,0,225000.0,State servant,Secondary / secondary special,Married,With parents,-196,1,0,1,0,2,0,34,1.0
553,5078931,M,N,N,0,112500.0,Commercial associate,Secondary / secondary special,Single / not married,Municipal apartment,-298,1,0,1,0,1,0,43,1.0
554,5125471,M,Y,Y,1,450000.0,Commercial associate,Higher education,Married,House / apartment,-1748,1,0,0,0,3,0,48,5.0
555,5025207,M,Y,Y,1,180000.0,Commercial associate,Secondary / secondary special,Married,House / apartment,-124,1,0,0,0,3,0,27,0.0
556,5042097,F,N,N,1,108000.0,Working,Secondary / secondary special,Separated,House / apartment,-4082,1,0,1,0,2,0,39,11.0
557,5067653,F,N,Y,0,787500.0,State servant,Higher education,Married,House / apartment,-1431,1,0,0,1,2,0,47,4.0
558,5089137,F,Y,N,0,202500.0,Commercial associate,Secondary / secondary special,Civil marriage,With parents,-5330,1,0,1,0,2,0,39,15.0
559,5065601,M,N,Y,0,157500.0,Commercial associate,Secondary / secondary special,Married,House / apartment,-1266,1,0,1,0,2,0,57,3.0
560,5112833,F,N,Y,1,90000.0,Working,Secondary / secondary special,Separated,With parents,-1017,1,0,1,1,2,0,36,3.0
562,5050549,M,N,N,2,225000.0,Working,Higher education,Civil marriage,House / apartment,-3088,1,1,0,0,4,0,46,8.0
563,5065763,F,N,Y,0,90000.0,Working,Secondary / secondary special,Single / not married,House / apartment,-693,1,0,0,0,1,0,40,2.0
564,5089269,F,N,N,0,72000.0,Working,Secondary / secondary special,Single / not married,House / apartment,-1466,1,1,0,0,1,0,52,4.0
565,5061207,M,Y,Y,14,225000.0,Working,Secondary / secondary special,Separated,House / apartment,-1689,1,0,0,0,15,0,49,5.0
566,5028684,M,N,Y,0,157500.0,Working,Secondary / secondary special,Married,House / apartment,-3003,1,0,0,1,2,0,26,8.0
567,5028737,M,N,Y,0,360000.0,Commercial associate,Secondary / secondary special,Married,House / apartment,-4039,1,0,0,0,2,0,34,11.0
568,5113406,M,Y,Y,0,450000.0,Commercial associate,Higher education,Single / not married,House / apartment,-588,1,0,0,1,1,0,30,2.0
569,5025741,F,Y,N,0,216000.0,Working,Higher education,Married,Municipal apartment,-282,1,0,1,0,2,0,33,1.0
570,5045992,F,N,Y,0,157500.0,Commercial associate,Secondary / secondary special,Married,House / apartment,-4491,1,0,0,0,2,0,42,12.0
571,5054453,M,Y,Y,0,315000.0,Working,Higher education,Married,House / apartment,-1155,1,0,0,0,2,0,49,3.0
572,5024586,F,Y,Y,2,315000.0,State servant,Secondary / secondary special,Married,House / apartment,-1220,1,0,0,0,4,0,34,3.0
573,5090701,F,N,N,0,594000.0,Pensioner,Higher education,Single / not married,Municipal apartment,0,1,0,0,0,1,0,48,0.0
574,5091929,F,Y,N,0,135000.0,Working,Secondary / secondary special,Married,House / apartment,-657,1,0,0,0,2,0,50,2.0
575,5149034,F,N,Y,0,180000.0,State servant,Higher education,Married,House / apartment,-1203,1,0,0,0,2,0,48,3.0
576,5114114,M,Y,N,0,157500.0,Working,Secondary / secondary special,Separated,House / apartment,-712,1,0,1,0,1,0,47,2.0
577,5142579,F,Y,Y,1,234000.0,Working,Secondary / secondary special,Single / not married,House / apartment,-2844,1,0,0,0,2,0,57,8.0
578,5046035,F,Y,Y,0,99000.0,Pensioner,Secondary / secondary special,Civil marriage,House / apartment,0,1,0,0,0,2,0,59,0.0
579,5050756,M,Y,N,0,225000.0,Commercial associate,Secondary / secondary special,Married,House / apartment,-4031,1,1,0,0,2,0,49,11.0
580,5047853,M,Y,Y,1,292500.0,Commercial associate,Higher education,Married,House / apartment,-3322,1,0,0,0,3,0,34,9.0
581,5009790,F,N,N,0,198000.0,Pensioner,Secondary / secondary special,Widow,House / apartment,0,1,0,1,0,1,0,60,0.0
582,5135819,F,N,Y,0,90000.0,Commercial associate,Secondary / secondary special,Married,House / apartment,-2878,1,0,0,0,2,0,53,8.0
583,5092287,F,N,Y,0,247500.0,Pensioner,Higher education,Married,House / apartment,0,1,0,0,0,2,0,61,0.0
585,5028280,F,N,N,1,157500.0,Commercial associate,Incomplete higher,Married,With parents,-2760,1,0,0,0,3,0,33,8.0
586,5095896,F,N,N,1,112500.0,Commercial associate,Higher education,Married,House / apartment,-2532,1,1,1,0,3,0,44,7.0
587,5024352,M,Y,Y,0,585000.0,Commercial associate,Secondary / secondary special,Married,With parents,-1646,1,0,0,0,2,0,46,5.0
588,5100027,F,Y,N,0,180000.0,Working,Secondary / secondary special,Married,House / apartment,-11542,1,0,0,0,2,0,53,32.0
589,5028337,F,Y,N,1,225000.0,Working,Higher education,Single / not married,With parents,-5408,1,0,0,0,2,0,38,15.0
590,5090788,F,Y,Y,1,225000.0,Commercial associate,Secondary / secondary special,Separated,House / apartment,-1374,1,0,0,0,2,0,30,4.0
591,5046126,F,N,Y,0,135000.0,Working,Secondary / secondary special,Married,House / apartment,-3092,1,1,1,0,2,0,56,8.0
592,5092265,M,N,Y,0,112500.0,Working,Secondary / secondary special,Civil marriage,House / apartment,-351,1,0,0,0,2,0,49,1.0
593,5143319,F,Y,Y,0,112500.0,Pensioner,Secondary / secondary special,Married,House / apartment,0,1,0,0,0,2,0,57,0.0
594,5114354,M,Y,N,0,180000.0,Commercial associate,Secondary / secondary special,Married,Municipal apartment,-2993,1,1,0,0,2,0,27,8.0
595,5117248,F,N,Y,2,112500.0,Working,Secondary / secondary special,Married,House / apartment,-2379,1,0,0,0,4,0,36,7.0
596,5024386,F,N,N,0,117000.0,Working,Secondary / secondary special,Married,Municipal apartment,-1281,1,0,0,0,2,0,37,4.0
597,5026178,M,Y,Y,0,135000.0,Working,Secondary / secondary special,Married,House / apartment,-7804,1,1,0,0,2,0,53,21.0
598,5033439,M,Y,N,2,270000.0,Working,Higher education,Married,House / apartment,-3002,1,0,1,0,4,0,32,8.0
599,5089320,F,Y,N,0,135000.0,Commercial associate,Higher education,Married,House / apartment,-825,1,1,1,1,2,0,32,2.0
600,5053872,M,Y,Y,1,157500.0,Working,Secondary / secondary special,Married,House / apartment,-2128,1,0,0,0,3,0,32,6.0
601,5091735,F,Y,Y,0,243000.0,Working,Secondary / secondary special,Single / not married,House / apartment,-2057,1,0,0,0,1,0,40,6.0
602,5105791,M,N,N,0,121500.0,State servant,Incomplete higher,Single / not married,House / apartment,-1611,1,1,0,0,1,0,25,4.0
603,5125928,M,N,Y,1,135000.0,Working,Secondary / secondary special,Married,House / apartment,-652,1,0,0,0,3,0,32,2.0
604,5115662,M,Y,Y,0,225000.0,Commercial associate,Higher education,Single / not married,House / apartment,-2537,1,0,1,0,1,0,44,7.0
605,5029256,M,Y,Y,2,225000.0,Working,Higher education,Married,House / apartment,-992,1,0,0,0,4,0,37,3.0
606,5136029,M,Y,N,0,112500.0,State servant,Secondary / secondary special,Married,House / apartment,-2331,1,0,0,0,2,0,54,6.0
607,5037157,F,N,Y,0,157500.0,Pensioner,Secondary / secondary special,Married,House / apartment,0,1,0,1,0,2,0,63,0.0
608,5046531,M,Y,N,0,202500.0,Pensioner,Higher education,Married,House / apartment,0,1,0,0,0,2,0,55,0.0
609,5023177,F,N,Y,1,337500.0,Working,Secondary / secondary special,Civil marriage,House / apartment,-4710,1,1,1,0,3,0,49,13.0
610,5021967,F,N,N,1,103500.0,Working,Secondary / secondary special,Married,House / apartment,-1191,1,0,0,0,3,0,32,3.0
611,5135530,F,Y,Y,0,99000.0,Pensioner,Secondary / secondary special,Married,House / apartment,0,1,0,0,0,2,0,58,0.0
612,5146534,F,Y,N,1,67500.0,State servant,Secondary / secondary special,Married,House / apartment,-1162,1,0,0,0,3,0,42,3.0
613,5126101,F,N,Y,0,112500.0,Pensioner,Secondary / secondary special,Married,House / apartment,0,1,0,1,0,2,0,58,0.0
614,5088161,F,N,Y,0,270000.0,Working,Secondary / secondary special,Single / not married,House / apartment,-923,1,0,0,0,1,0,35,3.0
615,5100394,M,N,Y,1,315000.0,Commercial associate,Secondary / secondary special,Married,House / apartment,-3900,1,0,0,0,3,0,34,11.0
616,5079035,F,N,Y,0,135000.0,Pensioner,Lower secondary,Married,House / apartment,0,1,0,0,0,2,0,62,0.0
617,5095631,M,Y,N,1,180000.0,Working,Higher education,Married,House / apartment,-219,1,0,0,0,3,0,31,1.0
618,5113647,F,N,Y,0,225000.0,Working,Incomplete higher,Married,House / apartment,-223,1,0,0,1,2,0,34,1.0
619,5046336,F,N,N,1,85500.0,Working,Secondary / secondary special,Civil marriage,House / apartment,-900,1,1,0,0,3,0,28,2.0
620,5028781,F,N,Y,0,135000.0,Working,Secondary / secondary special,Married,House / apartment,-3034,1,0,0,0,2,0,43,8.0
621,5125730,F,Y,Y,1,119700.0,Working,Higher education,Married,House / apartment,-3329,1,0,1,0,3,0,36,9.0
622,5023724,M,Y,N,1,495000.0,Working,Secondary / secondary special,Married,House / apartment,-235,1,0,1,0,3,0,28,1.0
623,5116369,M,N,Y,0,112500.0,Working,Secondary / secondary special,Married,House / apartment,-3503,1,0,0,0,2,0,53,10.0
624,5062214,F,N,Y,2,153000.0,Commercial associate,Higher education,Married,House / apartment,-1324,1,0,0,0,4,0,36,4.0
625,5009023,F,N,Y,2,216000.0,State servant,Higher education,Married,House / apartment,-3112,1,0,0,1,4,0,42,9.0
627,5028946,F,N,Y,0,90000.0,State servant,Secondary / secondary special,Married,House / apartment,-234,1,0,0,0,2,0,48,1.0
628,5068470,F,N,N,1,108000.0,Commercial associate,Secondary / secondary special,Married,House / apartment,-719,1,0,0,0,3,0,42,2.0
629,5045828,F,N,Y,0,270000.0,Pensioner,Higher education,Married,House / apartment,0,1,0,0,0,2,0,61,0.0
630,5095930,F,N,N,0,76500.0,Pensioner,Secondary / secondary special,Married,House / apartment,0,1,0,1,0,2,0,56,0.0
631,5090049,F,N,Y,0,69372.0,Working,Secondary / secondary special,Married,House / apartment,-217,1,1,1,0,2,0,44,1.0
632,5067730,F,N,Y,1,135000.0,Commercial associate,Incomplete higher,Married,House / apartment,-2616,1,1,1,0,3,0,28,7.0
633,5092239,F,N,N,0,117000.0,Working,Secondary / secondary special,Married,House / apartment,-2330,1,0,0,0,2,0,57,6.0
634,5105560,F,N,Y,0,202500.0,Commercial associate,Secondary / secondary special,Civil marriage,House / apartment,-4410,1,0,0,1,2,0,46,12.0
635,5099914,F,N,Y,2,126000.0,Working,Secondary / secondary special,Married,House / apartment,-1587,1,1,1,0,4,0,27,4.0
636,5053032,F,N,Y,0,135000.0,Pensioner,Secondary / secondary special,Married,House / apartment,0,1,0,0,0,2,0,57,0.0
637,5150038,M,N,N,0,180000.0,Working,Secondary / secondary special,Single / not married,With parents,-1537,1,0,0,0,1,0,35,4.0
638,5053678,F,Y,Y,0,225000.0,Commercial associate,Secondary / secondary special,Single / not married,House / apartment,-1430,1,0,1,0,1,0,33,4.0
639,5087538,M,N,Y,0,81000.0,Commercial associate,Higher education,Single / not married,House / apartment,-1928,1,0,1,0,1,0,27,5.0
640,5050440,F,Y,Y,1,157500.0,Working,Incomplete higher,Civil marriage,House / apartment,-2753,1,0,0,0,3,0,36,8.0
641,5096670,F,N,N,0,90000.0,Pensioner,Secondary / secondary special,Widow,House / apartment,0,1,0,1,0,1,0,59,0.0
642,5061611,M,Y,Y,1,225000.0,Working,Secondary / secondary special,Married,House / apartment,-867,1,0,1,0,3,0,31,2.0
643,5065342,F,N,Y,0,157500.0,Pensioner,Secondary / secondary special,Married,House / apartment,0,1,0,1,0,2,0,62,0.0
644,5041066,F,N,Y,0,103500.0,Working,Secondary / secondary special,Single / not married,House / apartment,-2134,1,0,0,0,1,0,48,6.0
645,5105819,M,Y,N,2,202500.0,Commercial associate,Higher education,Married,House / apartment,-460,1,0,0,0,4,0,32,1.0
646,5135460,F,N,Y,3,37800.0,Pensioner,Secondary / secondary special,Married,House / apartment,0,1,0,0,0,5,0,36,0.0
647,5009319,F,Y,N,0,135000.0,Pensioner,Secondary / secondary special,Married,House / apartment,0,1,0,1,1,2,0,55,0.0
648,5091006,F,N,Y,0,157500.0,Commercial associate,Secondary / secondary special,Married,House / apartment,-3232,1,0,0,0,2,0,47,9.0
649,5050852,M,N,N,0,180000.0,Commercial associate,Higher education,Single / not married,House / apartment,-1505,1,0,0,0,1,0,26,4.0
650,5117202,F,N,Y,0,135000.0,Working,Secondary / secondary special,Single / not married,House / apartment,-95,1,0,0,0,1,0,37,0.0
651,5074739,M,N,Y,1,225000.0,Working,Higher education,Married,House / apartment,-3690,1,0,0,0,3,0,36,10.0
652,5009472,F,N,N,0,157500.0,Working,Secondary / secondary special,Married,House / apartment,-9870,1,1,1,0,2,0,54,27.0
653,5135378,F,N,Y,0,387000.0,Commercial associate,Secondary / secondary special,Married,House / apartment,-4979,1,0,0,0,2,0,55,14.0
654,5135489,M,Y,Y,2,225000.0,Working,Secondary / secondary special,Married,House / apartment,-3396,1,0,0,0,4,0,28,9.0
655,5067016,M,N,Y,0,225000.0,Working,Secondary / secondary special,Single / not married,House / apartment,-461,1,0,0,0,1,0,27,1.0
656,5024097,F,Y,N,0,126000.0,State servant,Incomplete higher,Single / not married,House / apartment,-5206,1,1,0,0,1,0,33,14.0
657,5008865,F,Y,Y,2,135000.0,Working,Secondary / secondary special,Married,House / apartment,-3173,1,0,0,0,4,0,43,9.0
658,5116640,F,N,Y,1,202500.0,Working,Secondary / secondary special,Married,House / apartment,-732,1,0,0,1,3,0,43,2.0
659,5089770,M,Y,Y,2,225000.0,Working,Secondary / secondary special,Married,House / apartment,-2531,1,1,0,0,4,0,30,7.0
660,5009118,F,N,N,0,157500.0,Commercial associate,Higher education,Separated,With parents,-432,1,0,0,0,1,0,43,1.0
661,5042296,M,Y,Y,1,202500.0,Working,Secondary / secondary special,Married,House / apartment,-2102,1,1,1,0,3,0,42,6.0
662,5010185,M,N,N,1,247500.0,Working,Secondary / secondary special,Single / not married,House / apartment,-6583,1,0,1,0,2,0,46,18.0
663,5090509,M,Y,Y,0,225000.0,Commercial associate,Higher education,Married,House / apartment,-156,1,0,0,0,2,0,30,0.0
664,5113006,M,Y,N,1,112500.0,Working,Secondary / secondary special,Married,House / apartment,-2199,1,0,0,0,3,0,54,6.0
665,5026368,M,N,Y,1,112500.0,Working,Higher education,Married,House / apartment,-5460,1,1,1,0,3,0,37,15.0
666,5095905,F,N,N,0,135000.0,State servant,Secondary / secondary special,Single / not married,House / apartment,-1589,1,0,0,0,1,0,42,4.0
667,5113440,F,N,Y,0,207000.0,Working,Secondary / secondary special,Single / not married,House / apartment,-2506,1,0,0,0,1,0,51,7.0
668,5069289,F,N,Y,0,270000.0,Commercial associate,Incomplete higher,Married,House / apartment,-3397,1,0,0,0,2,0,41,9.0
669,5135938,F,Y,N,2,315000.0,Working,Secondary / secondary special,Married,House / apartment,-3792,1,0,0,0,4,0,43,10.0
670,5118026,F,N,N,0,315000.0,Commercial associate,Secondary / secondary special,Married,House / apartment,-3230,1,0,1,0,2,0,37,9.0
671,5053524,F,N,Y,0,112500.0,Working,Secondary / secondary special,Married,House / apartment,-2464,1,0,1,0,2,0,40,7.0
672,5010567,F,Y,Y,0,121500.0,Working,Higher education,Married,House / apartment,-1682,1,0,0,1,2,0,28,5.0
673,5046003,F,N,Y,1,225000.0,Working,Secondary / secondary special,Single / not married,House / apartment,-3334,1,0,1,0,2,0,41,9.0
674,5118225,M,Y,N,0,225000.0,Working,Secondary / secondary special,Civil marriage,Office apartment,-3110,1,0,0,0,2,0,57,9.0
675,5036187,F,Y,Y,1,157500.0,Pensioner,Secondary / secondary special,Married,House / apartment,0,1,0,1,0,3,0,57,0.0
676,5050635,F,N,N,0,225000.0,State servant,Secondary / secondary special,Married,House / apartment,-2966,1,0,0,0,2,0,37,8.0
677,5067444,F,Y,Y,0,135000.0,Pensioner,Secondary / secondary special,Married,House / apartment,0,1,0,0,0,2,0,63,0.0
678,5088805,M,Y,Y,0,225000.0,State servant,Secondary / secondary special,Married,House / apartment,-3694,1,1,1,0,2,0,38,10.0
679,5117331,F,Y,Y,0,270000.0,Commercial associate,Secondary / secondary special,Separated,House / apartment,-2257,1,0,1,0,1,0,41,6.0
680,5045113,F,N,Y,0,202500.0,Pensioner,Secondary / secondary special,Widow,House / apartment,0,1,0,0,0,1,0,58,0.0
681,5067281,M,N,Y,1,135000.0,Working,Secondary / secondary special,Civil marriage,House / apartment,-2728,1,0,0,0,3,0,36,7.0
682,5137385,F,N,N,0,112500.0,Pensioner,Secondary / secondary special,Civil marriage,House / apartment,0,1,0,1,0,2,0,64,0.0
683,5066832,F,Y,Y,0,157500.0,Pensioner,Lower secondary,Married,House / apartment,0,1,0,0,0,2,0,60,0.0
684,5041520,M,Y,Y,0,450000.0,Commercial associate,Higher education,Separated,House / apartment,-855,1,1,1,0,1,0,44,2.0
685,5023092,F,N,N,0,202500.0,Working,Secondary / secondary special,Separated,House / apartment,-4161,1,0,0,0,1,0,46,11.0
686,5079016,M,Y,Y,2,900000.0,Commercial associate,Higher education,Married,House / apartment,-1000,1,0,0,0,4,0,27,3.0
687,5035682,F,Y,Y,0,135000.0,Working,Secondary / secondary special,Civil marriage,House / apartment,-8377,1,0,0,0,2,0,45,23.0
688,5139761,M,Y,Y,0,337500.0,Working,Higher education,Married,House / apartment,-7494,1,0,0,0,2,0,65,21.0
690,5033906,M,Y,Y,0,90000.0,Pensioner,Secondary / secondary special,Married,House / apartment,0,1,0,0,0,2,0,50,0.0
691,5029251,M,N,Y,0,157500.0,Working,Higher education,Married,House / apartment,-4280,1,1,0,0,2,0,38,12.0
692,5091824,M,N,Y,0,270000.0,Commercial associate,Secondary / secondary special,Single / not married,House / apartment,-5891,1,0,0,0,1,0,40,16.0
693,5132569,F,N,Y,1,112500.0,Commercial associate,Secondary / secondary special,Civil marriage,House / apartment,-1350,1,0,1,0,3,0,41,4.0
694,5021490,M,N,Y,0,135000.0,Working,Secondary / secondary special,Single / not married,House / apartment,-609,1,0,1,0,1,0,29,2.0
695,5035859,F,N,Y,0,270000.0,Commercial associate,Secondary / secondary special,Single / not married,House / apartment,-2381,1,0,0,0,1,0,58,7.0
696,5022025,M,Y,Y,0,112500.0,Working,Secondary / secondary special,Single / not married,House / apartment,-1613,1,0,0,0,1,0,27,4.0
697,5116613,M,N,Y,0,225000.0,Commercial associate,Secondary / secondary special,Married,House / apartment,-3533,1,0,0,0,2,0,32,10.0
698,5115884,F,N,Y,0,54000.0,Pensioner,Higher education,Married,House / apartment,0,1,0,0,0,2,0,67,0.0
699,5010303,F,N,Y,0,189000.0,Commercial associate,Secondary / secondary special,Married,House / apartment,-6218,1,1,1,0,2,0,55,17.0
700,5142496,F,Y,Y,1,135000.0,Commercial associate,Higher education,Married,House / apartment,-2874,1,0,0,0,3,0,42,8.0
701,5046398,F,N,Y,0,157500.0,Pensioner,Secondary / secondary special,Single / not married,House / apartment,0,1,0,0,0,1,0,66,0.0
702,5125585,F,N,Y,0,121500.0,Pensioner,Secondary / secondary special,Married,House / apartment,0,1,0,1,0,2,0,62,0.0
703,5113302,M,N,Y,1,180000.0,Working,Higher education,Married,With parents,-1654,1,0,0,0,3,0,43,5.0
704,5139321,F,N,Y,0,121500.0,Pensioner,Higher education,Widow,House / apartment,0,1,0,0,0,1,0,66,0.0
705,5053918,F,Y,N,0,225000.0,Working,Higher education,Civil marriage,House / apartment,-2433,1,0,0,0,2,0,40,7.0
706,5067102,F,N,N,0,180000.0,Commercial associate,Secondary / secondary special,Single / not married,Municipal apartment,-4534,1,0,0,0,1,0,46,12.0
707,5022118,M,N,Y,0,315000.0,Working,Secondary / secondary special,Married,House / apartment,-1131,1,0,0,0,2,0,54,3.0
708,5022954,M,Y,Y,0,112500.0,Working,Secondary / secondary special,Married,House / apartment,-521,1,1,0,0,2,0,50,1.0
709,5047667,F,N,N,0,90000.0,Commercial associate,Secondary / secondary special,Married,House / apartment,-522,1,0,0,0,2,0,24,1.0
710,5091718,F,Y,Y,0,90000.0,Commercial associate,Secondary / secondary special,Married,House / apartment,-2269,1,0,0,0,2,0,39,6.0
711,5009586,F,N,N,0,45000.0,Working,Secondary / secondary special,Separated,House / apartment,-798,1,0,1,0,1,0,39,2.0
712,5097170,M,Y,Y,0,180000.0,State servant,Secondary / secondary special,Married,House / apartment,-2620,1,0,0,0,2,0,26,7.0
713,5022015,M,Y,Y,0,112500.0,Working,Secondary / secondary special,Single / not married,House / apartment,-1613,1,0,0,0,1,0,27,4.0
714,5062594,M,Y,Y,1,135000.0,State servant,Higher education,Married,House / apartment,-145,1,0,0,1,3,0,25,0.0
715,5028726,M,N,Y,0,360000.0,Commercial associate,Secondary / secondary special,Married,House / apartment,-4039,1,0,0,0,2,0,34,11.0
716,5033831,M,Y,Y,0,135000.0,Working,Higher education,Civil marriage,House / apartment,-663,1,1,1,0,2,0,53,2.0
717,5046086,F,Y,Y,0,99000.0,Working,Secondary / secondary special,Married,House / apartment,-2299,1,0,0,0,2,0,58,6.0
718,5135946,M,N,Y,0,270000.0,Working,Higher education,Single / not married,House / apartment,-3153,1,0,1,0,1,0,42,9.0
719,5149592,F,N,Y,0,157500.0,Working,Higher education,Married,House / apartment,-1812,1,0,1,0,2,0,34,5.0
721,5009845,M,Y,N,0,180000.0,Working,Secondary / secondary special,Married,House / apartment,-130,1,1,0,0,2,0,44,0.0
722,5117716,M,Y,N,0,315000.0,Working,Secondary / secondary special,Married,House / apartment,-5056,1,1,1,0,2,0,46,14.0
723,5096169,F,N,N,0,112500.0,Commercial associate,Secondary / secondary special,Married,House / apartment,-796,1,0,0,0,2,0,54,2.0
724,5139823,M,N,Y,0,108000.0,Working,Secondary / secondary special,Married,House / apartment,-7341,1,1,1,0,2,0,44,20.0
725,5067542,F,N,Y,0,180000.0,Commercial associate,Secondary / secondary special,Married,House / apartment,-2728,1,0,0,0,2,0,58,7.0
726,5090871,F,N,N,2,225000.0,Working,Secondary / secondary special,Married,House / apartment,-1130,1,0,0,0,4,0,39,3.0
727,5033729,M,Y,Y,0,90000.0,Working,Secondary / secondary special,Married,House / apartment,-5436,1,1,1,0,2,0,33,15.0
728,5037212,M,Y,Y,0,292500.0,State servant,Higher education,Married,House / apartment,-2368,1,0,0,0,2,0,35,6.0
729,5116319,F,N,Y,2,157500.0,Working,Secondary / secondary special,Married,House / apartment,-1889,1,0,0,0,4,0,39,5.0
730,5146318,F,N,Y,0,135000.0,Working,Secondary / secondary special,Separated,House / apartment,-1315,1,0,0,0,1,0,40,4.0
731,5042082,F,Y,N,0,315000.0,Commercial associate,Higher education,Married,House / apartment,-1678,1,0,1,0,2,0,53,5.0
732,5091416,F,N,Y,0,225000.0,Working,Higher education,Married,House / apartment,-2939,1,1,1,0,2,0,44,8.0
733,5041675,F,Y,Y,1,333000.0,Commercial associate,Higher education,Married,House / apartment,-1616,1,0,0,0,3,0,32,4.0
734,5048425,F,N,Y,0,171000.0,Working,Secondary / secondary special,Single / not married,House / apartment,-8405,1,0,1,0,1,0,54,23.0
735,5145965,F,N,N,2,130500.0,Working,Secondary / secondary special,Married,House / apartment,-3476,1,0,0,0,4,0,42,10.0
736,5126543,F,Y,N,0,112500.0,Working,Secondary / secondary special,Married,House / apartment,-3453,1,0,0,0,2,0,28,9.0
737,5033881,M,Y,N,1,202500.0,Commercial associate,Incomplete higher,Married,House / apartment,-3769,1,0,0,0,3,0,30,10.0
738,5068378,F,N,Y,1,126000.0,Working,Higher education,Married,House / apartment,-1359,1,1,1,1,3,0,35,4.0
739,5029194,M,Y,Y,0,225000.0,Working,Secondary / secondary special,Married,House / apartment,-2990,1,0,0,0,2,0,53,8.0
740,5010025,F,N,Y,0,135000.0,Working,Secondary / secondary special,Married,House / apartment,-2321,1,0,0,0,2,0,57,6.0
741,5091016,F,N,Y,1,112500.0,Working,Secondary / secondary special,Married,House / apartment,-4267,1,0,0,0,3,0,39,12.0
742,5149744,F,N,Y,1,105750.0,Working,Secondary / secondary special,Married,With parents,-1386,1,0,0,0,3,0,35,4.0
744,5089760,M,Y,Y,0,180000.0,State servant,Higher education,Single / not married,House / apartment,-886,1,0,0,1,1,0,22,2.0
745,5053642,M,N,N,0,360000.0,Commercial associate,Higher education,Married,House / apartment,-1823,1,0,1,0,2,0,56,5.0
746,5089934,M,Y,N,0,157500.0,Commercial associate,Secondary / secondary special,Married,House / apartment,-4965,1,0,0,0,2,0,53,14.0
747,5143465,F,N,Y,0,90000.0,Pensioner,Secondary / secondary special,Single / not married,House / apartment,0,1,0,1,0,1,0,64,0.0
748,5125127,F,N,Y,0,112500.0,Working,Secondary / secondary special,Single / not married,House / apartment,-1868,1,1,1,0,1,0,44,5.0
749,5113163,F,Y,Y,1,180000.0,Working,Secondary / secondary special,Married,House / apartment,-3716,1,1,1,0,3,0,34,10.0
750,5116883,M,Y,Y,0,225000.0,Working,Secondary / secondary special,Married,House / apartment,-1344,1,1,0,0,2,0,49,4.0
751,5037008,F,N,Y,0,67500.0,Pensioner,Secondary / secondary special,Single / not married,House / apartment,0,1,0,1,0,1,0,56,0.0
752,5090126,M,Y,Y,0,270000.0,Working,Secondary / secondary special,Single / not married,House / apartment,-1557,1,0,0,0,1,0,38,4.0
753,5036648,F,N,N,0,202500.0,Commercial associate,Higher education,Married,House / apartment,-3761,1,0,0,0,2,0,31,10.0
754,5090335,F,Y,Y,0,144000.0,Commercial associate,Secondary / secondary special,Civil marriage,House / apartment,-3716,1,1,1,0,2,0,36,10.0
755,5053182,M,Y,Y,0,207000.0,Pensioner,Higher education,Married,House / apartment,0,1,0,0,0,2,0,67,0.0
756,5114342,M,Y,N,0,180000.0,Commercial associate,Secondary / secondary special,Married,Municipal apartment,-2993,1,1,0,0,2,0,27,8.0
757,5024163,M,Y,Y,3,202500.0,Working,Secondary / secondary special,Married,House / apartment,-1981,1,0,0,0,5,0,37,5.0
758,5115633,M,N,N,0,202500.0,Working,Secondary / secondary special,Civil marriage,House / apartment,-102,1,0,0,0,2,0,62,0.0
759,5126311,M,N,N,0,180000.0,Working,Incomplete higher,Civil marriage,With parents,-288,1,1,0,1,2,0,21,1.0
760,5135779,F,N,Y,0,126000.0,Working,Secondary / secondary special,Married,House / apartment,-2147,1,0,1,0,2,0,65,6.0
761,5054697,M,Y,Y,0,157500.0,Working,Higher education,Married,House / apartment,-6908,1,0,0,0,2,0,45,19.0
762,5116343,M,Y,Y,1,225000.0,State servant,Secondary / secondary special,Married,House / apartment,-3929,1,1,0,0,3,0,32,11.0
763,5022800,F,Y,Y,0,202500.0,Working,Higher education,Widow,House / apartment,-1497,1,0,0,0,1,0,33,4.0
764,5054348,F,N,N,0,103500.0,Working,Secondary / secondary special,Single / not married,House / apartment,-424,1,1,1,0,1,0,34,1.0
765,5099980,M,N,Y,0,90000.0,Working,Secondary / secondary special,Separated,House / apartment,-1069,1,0,0,0,1,0,41,3.0
766,5087829,M,N,Y,0,135000.0,State servant,Secondary / secondary special,Married,Rented apartment,-2323,1,1,0,1,2,0,29,6.0
767,5051050,M,Y,N,0,67500.0,Working,Secondary / secondary special,Married,House / apartment,-2174,1,0,0,0,2,0,61,6.0
768,5148872,F,N,Y,0,135000.0,State servant,Incomplete higher,Married,House / apartment,-3332,1,0,0,0,2,0,42,9.0
769,5117323,F,N,Y,1,382500.0,State servant,Higher education,Single / not married,With parents,-553,1,0,0,0,2,0,33,2.0
770,5088101,F,Y,Y,0,270000.0,Working,Secondary / secondary special,Separated,House / apartment,-375,1,0,0,0,1,0,46,1.0
771,5023587,M,N,N,0,202500.0,Working,Secondary / secondary special,Separated,House / apartment,-6352,1,0,0,0,1,0,39,17.0
772,5028547,M,Y,N,1,292500.0,Working,Secondary / secondary special,Separated,House / apartment,-1056,1,0,1,0,2,0,35,3.0
773,5053636,F,N,N,0,225000.0,Pensioner,Higher education,Separated,House / apartment,0,1,0,0,0,1,0,60,0.0
774,5149402,F,N,N,1,135000.0,Commercial associate,Secondary / secondary special,Married,With parents,-1172,1,0,0,0,3,0,38,3.0
775,5095554,F,N,N,0,76500.0,Pensioner,Secondary / secondary special,Married,House / apartment,0,1,0,1,0,2,0,64,0.0
776,5067090,M,N,N,0,180000.0,Working,Secondary / secondary special,Married,House / apartment,-4663,1,0,1,0,2,0,37,13.0
777,5010865,M,Y,Y,1,450000.0,Commercial associate,Secondary / secondary special,Married,House / apartment,-678,1,0,1,1,3,0,50,2.0
778,5041147,F,N,Y,0,90000.0,Pensioner,Secondary / secondary special,Civil marriage,House / apartment,0,1,0,0,0,2,0,64,0.0
779,5105555,F,N,Y,0,157500.0,Working,Secondary / secondary special,Married,House / apartment,-4532,1,0,0,0,2,0,54,12.0
780,5136976,F,N,N,0,306000.0,State servant,Higher education,Married,House / apartment,-5587,1,0,0,0,2,0,35,15.0
781,5058366,F,N,N,0,90000.0,Pensioner,Secondary / secondary special,Single / not married,Municipal apartment,0,1,0,0,0,1,0,55,0.0
783,5045844,F,Y,N,0,193500.0,Working,Secondary / secondary special,Married,House / apartment,-8966,1,0,0,0,2,0,57,25.0
784,5115814,M,N,Y,3,180000.0,Working,Secondary / secondary special,Married,House / apartment,-6860,1,0,0,0,5,0,39,19.0
785,5062362,F,N,Y,0,270000.0,Pensioner,Higher education,Married,House / apartment,0,1,0,0,0,2,0,57,0.0
786,5010596,F,N,Y,0,112500.0,Pensioner,Secondary / secondary special,Married,House / apartment,0,1,0,0,0,2,0,63,0.0
787,5113472,M,N,Y,0,202500.0,Working,Secondary / secondary special,Married,House / apartment,-346,1,0,1,0,2,0,53,1.0
788,5041535,F,N,Y,0,180000.0,Commercial associate,Secondary / secondary special,Widow,House / apartment,-1463,1,0,1,0,1,0,54,4.0
789,5066617,F,N,Y,0,139500.0,Working,Secondary / secondary special,Married,House / apartment,-157,1,0,0,1,2,0,51,0.0
790,5126751,M,Y,N,2,135000.0,Working,Secondary / secondary special,Married,With parents,-561,1,0,0,0,4,0,46,2.0
791,5009908,M,Y,N,0,202500.0,Working,Secondary / secondary special,Married,House / apartment,-3661,1,0,0,0,2,0,52,10.0
792,5068337,F,Y,Y,0,112500.0,Working,Higher education,Married,House / apartment,-505,1,1,1,0,2,0,28,1.0
793,5105535,M,Y,Y,0,126000.0,Pensioner,Secondary / secondary special,Separated,House / apartment,0,1,0,1,0,1,0,56,0.0
794,5061724,F,N,Y,0,193500.0,Pensioner,Incomplete higher,Widow,House / apartment,0,1,0,0,0,1,0,67,0.0
795,5028919,F,Y,Y,0,112500.0,Working,Secondary / secondary special,Married,House / apartment,-1787,1,0,0,0,2,0,47,5.0
796,5035627,M,Y,Y,0,337500.0,Working,Higher education,Married,House / apartment,-6764,1,0,0,0,2,0,50,19.0
797,5074705,F,N,Y,0,157500.0,Working,Higher education,Single / not married,House / apartment,-10600,1,0,0,0,1,0,61,29.0
798,5114061,M,Y,N,1,193500.0,Working,Higher education,Married,House / apartment,-3999,1,1,1,0,3,0,49,11.0
799,5100373,F,N,Y,2,180000.0,Commercial associate,Secondary / secondary special,Married,House / apartment,-3960,1,0,0,0,4,0,35,11.0
800,5112765,F,Y,N,1,315000.0,Commercial associate,Higher education,Married,House / apartment,-2065,1,1,1,1,3,0,30,6.0
801,5045439,M,Y,Y,0,180000.0,Pensioner,Higher education,Married,House / apartment,0,1,0,0,0,2,0,65,0.0
802,5113922,F,N,N,0,90000.0,Pensioner,Secondary / secondary special,Single / not married,Municipal apartment,0,1,0,0,0,1,0,64,0.0
803,5037125,M,Y,N,0,180000.0,Working,Higher education,Married,With parents,-2227,1,0,1,0,2,0,32,6.0
804,5029538,F,N,Y,0,112500.0,Working,Higher education,Civil marriage,House / apartment,-1205,1,0,0,0,2,0,35,3.0
805,5010078,M,Y,N,2,157500.0,Working,Secondary / secondary special,Married,Municipal apartment,-1135,1,0,0,0,4,0,34,3.0
806,5085861,F,N,Y,0,135000.0,Working,Secondary / secondary special,Married,House / apartment,-5190,1,0,0,0,2,0,50,14.0
807,5009146,M,Y,N,0,315000.0,Working,Higher education,Married,House / apartment,-3720,1,1,1,0,2,0,43,10.0
808,5149433,F,Y,Y,0,112500.0,Working,Secondary / secondary special,Widow,House / apartment,-2633,1,0,0,0,1,0,54,7.0
809,5061753,F,N,Y,0,135000.0,Pensioner,Secondary / secondary special,Married,House / apartment,0,1,0,1,0,2,0,63,0.0
810,5143009,M,Y,N,1,99000.0,Pensioner,Secondary / secondary special,Married,House / apartment,0,1,0,1,0,3,0,51,0.0
811,5079017,M,Y,Y,2,900000.0,Commercial associate,Higher education,Married,House / apartment,-1000,1,0,0,0,4,0,27,3.0
812,5096318,M,Y,N,0,270000.0,Commercial associate,Higher education,Single / not married,House / apartment,-158,1,0,0,0,1,0,26,0.0
813,5038615,F,N,N,1,112500.0,Commercial associate,Higher education,Married,With parents,-3272,1,0,0,0,3,0,34,9.0
814,5047670,F,N,N,1,180000.0,State servant,Higher education,Married,House / apartment,-2500,1,1,1,1,3,0,39,7.0
815,5044987,F,N,Y,0,141750.0,Pensioner,Higher education,Married,House / apartment,0,1,0,1,0,2,0,56,0.0
816,5036828,F,N,Y,0,180000.0,Working,Higher education,Married,House / apartment,-4327,1,0,0,0,2,0,53,12.0
817,5139892,F,N,Y,0,112500.0,State servant,Secondary / secondary special,Civil marriage,House / apartment,-6033,1,0,1,0,2,0,51,17.0
818,5135446,F,N,Y,1,225000.0,Working,Secondary / secondary special,Married,With parents,-170,1,0,0,0,3,0,27,0.0
819,5095586,F,N,N,0,270000.0,Working,Incomplete higher,Civil marriage,House / apartment,-278,1,1,0,1,2,0,24,1.0
820,5068963,M,Y,N,0,202500.0,Working,Higher education,Married,House / apartment,-3062,1,0,0,0,2,0,42,8.0
821,5022047,M,Y,Y,0,135000.0,Working,Secondary / secondary special,Married,Office apartment,-8157,1,1,1,0,2,0,41,22.0
822,5048121,M,Y,Y,2,292500.0,Commercial associate,Secondary / secondary special,Married,House / apartment,-2653,1,0,1,0,4,0,33,7.0
823,5117219,F,N,Y,0,202500.0,Working,Secondary / secondary special,Civil marriage,House / apartment,-1953,1,0,0,0,2,0,30,5.0
824,5009821,F,Y,N,0,99000.0,Working,Secondary / secondary special,Married,House / apartment,-5457,1,0,1,0,2,0,41,15.0
825,5033500,M,N,Y,0,202500.0,Commercial associate,Secondary / secondary special,Married,House / apartment,-1997,1,0,0,0,2,0,48,5.0
826,5058281,F,N,Y,0,306000.0,Commercial associate,Higher education,Married,House / apartment,-3435,1,1,1,1,2,0,41,9.0
827,5054373,F,N,N,0,148500.0,Pensioner,Secondary / secondary special,Widow,House / apartment,0,1,0,1,0,1,0,57,0.0
828,5142988,F,N,N,1,135000.0,Working,Higher education,Married,House / apartment,-1504,1,1,0,0,3,0,29,4.0
829,5137229,M,Y,N,0,180000.0,Commercial associate,Secondary / secondary special,Married,Municipal apartment,-2696,1,1,0,0,2,0,39,7.0
830,5113373,F,N,Y,1,180000.0,Pensioner,Higher education,Married,House / apartment,0,1,0,1,0,3,0,52,0.0
831,5053152,F,N,Y,0,157500.0,Pensioner,Secondary / secondary special,Widow,House / apartment,0,1,0,0,0,1,0,65,0.0
832,5090386,F,N,Y,0,247500.0,Commercial associate,Higher education,Single / not married,House / apartment,-13735,1,0,0,0,1,0,59,38.0
833,5142899,F,N,N,0,112500.0,Commercial associate,Higher education,Single / not married,With parents,-227,1,0,0,0,1,0,25,1.0
834,5113510,M,Y,Y,0,180000.0,Working,Secondary / secondary special,Married,House / apartment,-132,1,0,0,0,2,0,47,0.0
836,5009791,F,N,N,0,198000.0,Pensioner,Secondary / secondary special,Widow,House / apartment,0,1,0,1,0,1,0,60,0.0
837,5149484,F,Y,Y,1,135000.0,Commercial associate,Higher education,Married,House / apartment,-2481,1,0,0,0,3,0,31,7.0
838,5092221,M,N,N,0,67500.0,State servant,Secondary / secondary special,Married,House / apartment,-2818,1,0,0,0,2,0,32,8.0
839,5067003,M,Y,Y,0,202500.0,Working,Secondary / secondary special,Married,House / apartment,-11906,1,0,1,0,2,0,51,33.0
840,5023838,F,Y,N,0,315000.0,Commercial associate,Secondary / secondary special,Civil marriage,House / apartment,-1077,1,0,1,0,2,0,54,3.0
841,5095433,F,N,Y,0,292500.0,Working,Higher education,Married,House / apartment,-9258,1,0,0,0,2,0,51,25.0
842,5033797,F,Y,Y,0,148500.0,Commercial associate,Secondary / secondary special,Married,Office apartment,-2277,1,0,0,0,2,0,47,6.0
843,5022803,F,Y,Y,0,202500.0,Working,Higher education,Widow,House / apartment,-1497,1,0,0,0,1,0,33,4.0
844,5104953,M,Y,Y,0,180000.0,Working,Secondary / secondary special,Married,House / apartment,-2422,1,0,0,0,2,0,59,7.0
845,5100098,F,N,Y,0,90000.0,Working,Secondary / secondary special,Married,House / apartment,-826,1,0,0,0,2,0,30,2.0
846,5091792,M,Y,Y,1,135000.0,Working,Secondary / secondary special,Married,House / apartment,-2969,1,1,0,0,3,0,42,8.0
847,5149805,F,N,Y,0,135000.0,State servant,Incomplete higher,Single / not married,With parents,-2086,1,0,1,1,1,0,27,6.0
848,5089681,F,N,N,0,261000.0,Commercial associate,Incomplete higher,Married,House / apartment,-1070,1,1,0,0,2,0,27,3.0
849,5052678,F,N,Y,1,135000.0,Working,Higher education,Married,House / apartment,-8172,1,1,1,0,3,0,43,22.0
850,5116809,F,N,Y,0,112500.0,Working,Secondary / secondary special,Married,House / apartment,-701,1,0,0,0,2,0,50,2.0
851,5143353,M,Y,N,0,135000.0,Working,Secondary / secondary special,Married,House / apartment,-1384,1,1,0,0,2,0,29,4.0
852,5090232,F,N,Y,0,135000.0,Working,Secondary / secondary special,Widow,House / apartment,-9447,1,0,0,0,1,0,60,26.0
853,5117095,M,Y,Y,0,360000.0,Pensioner,Secondary / secondary special,Married,House / apartment,0,1,0,0,0,2,0,38,0.0
854,5088987,F,N,N,2,171000.0,Working,Secondary / secondary special,Married,House / apartment,-1160,1,1,1,0,4,0,40,3.0
855,5021584,F,N,N,1,40500.0,State servant,Secondary / secondary special,Married,Rented apartment,-1952,1,0,0,0,3,0,36,5.0
856,5009291,F,N,N,0,130500.0,Working,Secondary / secondary special,Civil marriage,House / apartment,-4816,1,0,1,0,2,0,41,13.0
857,5051007,F,N,N,0,306000.0,Commercial associate,Higher education,Married,House / apartment,-1354,1,0,0,0,2,0,29,4.0
858,5024263,F,Y,N,0,202500.0,Commercial associate,Secondary / secondary special,Married,Municipal apartment,-1128,1,0,1,0,2,0,58,3.0
859,5125771,F,N,Y,0,112500.0,Working,Secondary / secondary special,Married,House / apartment,-469,1,0,0,0,2,0,64,1.0
860,5021879,M,Y,N,2,112500.0,Working,Secondary / secondary special,Married,House / apartment,-217,1,0,1,0,4,0,36,1.0
861,5137247,F,N,N,0,90000.0,Working,Secondary / secondary special,Married,House / apartment,-3273,1,1,1,0,2,0,48,9.0
862,5096336,F,Y,N,0,153000.0,Pensioner,Secondary / secondary special,Widow,House / apartment,0,1,0,1,0,1,0,65,0.0
863,5061762,F,Y,N,1,135000.0,Working,Higher education,Married,Rented apartment,-563,1,0,0,1,3,0,31,2.0
864,5069117,F,N,Y,0,180000.0,Pensioner,Secondary / secondary special,Single / not married,House / apartment,0,1,0,0,0,1,0,56,0.0
865,5009579,F,N,N,0,112500.0,Pensioner,Secondary / secondary special,Married,House / apartment,0,1,0,0,0,2,0,58,0.0
866,5048319,F,N,N,0,90000.0,Working,Higher education,Separated,House / apartment,-1526,1,0,0,0,1,0,60,4.0
867,5023389,M,Y,Y,2,157500.0,Commercial associate,Higher education,Married,House / apartment,-2092,1,0,0,0,4,0,37,6.0
868,5143457,M,Y,Y,0,247500.0,State servant,Secondary / secondary special,Civil marriage,House / apartment,-1749,1,0,0,0,2,0,33,5.0
869,5089225,M,N,N,0,112500.0,Pensioner,Secondary / secondary special,Married,House / apartment,0,1,0,1,0,2,0,63,0.0
870,5069257,F,Y,Y,1,67500.0,Working,Secondary / secondary special,Married,House / apartment,-931,1,0,1,1,3,0,35,3.0
871,5044939,M,N,Y,2,360000.0,State servant,Higher education,Married,House / apartment,-5639,1,0,1,0,4,0,44,15.0
872,5022730,M,Y,N,3,360000.0,Commercial associate,Secondary / secondary special,Married,House / apartment,-1674,1,0,0,0,5,0,42,5.0
873,5149413,F,N,Y,2,315000.0,Commercial associate,Higher education,Married,House / apartment,-168,1,0,1,0,4,0,30,0.0
874,5062745,F,N,Y,0,157500.0,Working,Secondary / secondary special,Married,House / apartment,-1128,1,0,1,0,2,0,41,3.0
875,5105565,M,N,Y,0,135000.0,Pensioner,Secondary / secondary special,Civil marriage,House / apartment,0,1,0,1,0,2,0,63,0.0
876,5114544,F,N,Y,0,166500.0,Working,Incomplete higher,Married,House / apartment,-4029,1,0,0,1,2,0,30,11.0
878,5078841,M,N,Y,0,225000.0,Working,Secondary / secondary special,Married,House / apartment,-3282,1,0,0,0,2,0,56,9.0
879,5117392,F,N,N,0,135000.0,Commercial associate,Incomplete higher,Single / not married,House / apartment,-339,1,0,0,0,1,0,48,1.0
880,5022189,F,N,N,1,135000.0,Commercial associate,Secondary / secondary special,Separated,House / apartment,-7979,1,0,0,0,2,0,42,22.0
881,5105422,F,N,Y,0,193500.0,Working,Secondary / secondary special,Single / not married,House / apartment,-9683,1,0,0,0,1,0,51,27.0
882,5143453,M,Y,Y,0,247500.0,State servant,Secondary / secondary special,Civil marriage,House / apartment,-1749,1,0,0,0,2,0,33,5.0
883,5067832,F,Y,Y,0,315000.0,Working,Higher education,Married,House / apartment,-577,1,0,0,1,2,0,59,2.0
884,5090995,M,Y,Y,0,405000.0,Working,Higher education,Married,House / apartment,-2622,1,1,1,1,2,0,28,7.0
885,5089512,F,Y,N,1,405000.0,Working,Secondary / secondary special,Married,Rented apartment,-1678,1,1,1,1,3,0,38,5.0
886,5116373,F,N,N,1,90000.0,Working,Secondary / secondary special,Married,With parents,-976,1,0,0,0,3,0,28,3.0
887,5149106,M,N,Y,2,270000.0,Working,Secondary / secondary special,Married,House / apartment,-3608,1,0,0,0,4,0,34,10.0
888,5091737,F,Y,Y,0,243000.0,Working,Secondary / secondary special,Single / not married,House / apartment,-2057,1,0,0,0,1,0,40,6.0
889,5052620,M,Y,Y,1,180000.0,Commercial associate,Secondary / secondary special,Married,House / apartment,-1994,1,0,1,0,3,0,44,5.0
890,5087819,M,N,Y,2,112500.0,Working,Secondary / secondary special,Married,House / apartment,-1563,1,0,0,0,4,0,43,4.0
891,5139757,M,Y,Y,0,337500.0,Working,Higher education,Married,House / apartment,-7494,1,0,0,0,2,0,65,21.0
892,5113639,F,N,N,0,135000.0,Pensioner,Higher education,Married,Municipal apartment,0,1,0,0,0,2,0,54,0.0
893,5052811,F,N,Y,0,117000.0,Working,Secondary / secondary special,Married,House / apartment,-4523,1,0,0,0,2,0,47,12.0
894,5095751,F,N,N,0,202500.0,Working,Secondary / secondary special,Married,With parents,-340,1,1,1,0,2,0,35,1.0
895,5096785,F,Y,Y,0,270000.0,Pensioner,Secondary / secondary special,Married,House / apartment,0,1,0,0,0,2,0,66,0.0
896,5062286,M,N,Y,0,202500.0,Commercial associate,Secondary / secondary special,Married,House / apartment,-1081,1,1,0,1,2,0,23,3.0
897,5090805,F,N,N,0,135000.0,Working,Secondary / secondary special,Single / not married,House / apartment,-6614,1,0,0,0,1,0,46,18.0
898,5079075,F,N,Y,0,216000.0,Working,Secondary / secondary special,Married,House / apartment,-1639,1,1,0,0,2,0,43,4.0
899,5146447,F,N,Y,0,135000.0,Working,Secondary / secondary special,Widow,House / apartment,-919,1,0,1,0,1,0,39,3.0
900,5051008,F,N,N,1,225000.0,Commercial associate,Secondary / secondary special,Married,House / apartment,-3392,1,1,1,1,3,0,29,9.0
901,5100106,M,Y,N,0,81000.0,Working,Secondary / secondary special,Married,House / apartment,-3261,1,1,1,0,2,0,48,9.0
902,5094896,M,Y,Y,1,180000.0,Working,Secondary / secondary special,Civil marriage,House / apartment,-3928,1,0,0,0,3,0,39,11.0
903,5050894,M,Y,N,0,292500.0,Pensioner,Secondary / secondary special,Married,House / apartment,0,1,0,0,0,2,0,52,0.0
904,5054414,M,N,N,0,225000.0,Commercial associate,Higher education,Married,With parents,-5082,1,1,0,0,2,0,36,14.0
905,5025791,F,N,Y,0,157500.0,Working,Secondary / secondary special,Married,House / apartment,-3630,1,0,0,0,2,0,51,10.0
906,5067949,F,N,Y,0,157500.0,Commercial associate,Secondary / secondary special,Single / not married,House / apartment,-3591,1,0,1,1,1,0,50,10.0
907,5142482,M,Y,N,2,166500.0,Commercial associate,Higher education,Married,House / apartment,-1199,1,0,0,0,4,0,34,3.0
908,5041271,M,N,Y,0,445500.0,Commercial associate,Higher education,Separated,House / apartment,-2469,1,0,0,0,1,0,53,7.0
909,5115957,F,Y,Y,0,180000.0,Working,Secondary / secondary special,Widow,House / apartment,-4304,1,0,0,0,1,0,42,12.0
910,5010881,F,N,Y,0,45000.0,Pensioner,Secondary / secondary special,Married,House / apartment,0,1,0,1,0,2,0,57,0.0
911,5029423,F,N,Y,1,315000.0,State servant,Secondary / secondary special,Civil marriage,House / apartment,-2514,1,0,0,1,3,0,31,7.0
912,5105159,M,N,Y,2,450000.0,Commercial associate,Higher education,Married,House / apartment,-2187,1,1,1,0,4,0,34,6.0
913,5029610,F,Y,Y,0,180000.0,Commercial associate,Higher education,Single / not married,House / apartment,-7140,1,0,0,0,1,0,42,20.0
914,5117450,F,N,N,2,90000.0,Working,Secondary / secondary special,Married,House / apartment,-96,1,1,0,0,4,0,33,0.0
916,5023949,M,Y,Y,1,148500.0,Working,Secondary / secondary special,Married,House / apartment,-5176,1,0,0,0,3,0,41,14.0
917,5089737,F,Y,N,0,135000.0,Working,Secondary / secondary special,Married,House / apartment,-6761,1,1,1,0,2,0,52,19.0
918,5143402,M,Y,Y,0,144000.0,Commercial associate,Higher education,Married,House / apartment,-2356,1,0,1,0,2,0,53,6.0
920,5136909,M,N,N,1,360000.0,Working,Secondary / secondary special,Married,House / apartment,-2908,1,1,0,1,3,0,42,8.0
921,5143596,F,N,N,0,90000.0,Working,Secondary / secondary special,Civil marriage,House / apartment,-3333,1,1,0,0,2,0,32,9.0
922,5095939,M,N,N,0,157500.0,Working,Secondary / secondary special,Married,House / apartment,-3596,1,0,1,0,2,0,48,10.0
923,5113343,M,N,Y,2,135000.0,Working,Secondary / secondary special,Married,House / apartment,-4606,1,0,0,0,4,0,31,13.0
924,5142920,F,N,N,1,292500.0,Working,Incomplete higher,Married,House / apartment,-4030,1,1,1,0,3,0,34,11.0
925,5114294,F,N,N,0,112500.0,State servant,Secondary / secondary special,Widow,House / apartment,-5246,1,1,0,0,1,0,53,14.0
926,5088055,F,N,Y,0,216000.0,Working,Secondary / secondary special,Single / not married,House / apartment,-3054,1,0,0,0,1,0,49,8.0
927,5142815,M,Y,N,0,126000.0,Commercial associate,Incomplete higher,Married,House / apartment,-2906,1,0,1,0,2,0,28,8.0
928,5054460,M,Y,N,1,135000.0,Working,Secondary / secondary special,Married,House / apartment,-1915,1,0,1,0,3,0,52,5.0
929,5113134,F,N,Y,0,189000.0,Pensioner,Incomplete higher,Widow,House / apartment,0,1,0,0,0,1,0,60,0.0
930,5069380,M,N,Y,0,337500.0,Working,Secondary / secondary special,Single / not married,House / apartment,-1267,1,0,0,0,1,0,46,3.0
931,5065798,F,N,Y,0,44550.0,Pensioner,Secondary / secondary special,Married,House / apartment,0,1,0,0,0,2,0,63,0.0
932,5036396,F,Y,Y,0,112500.0,Working,Secondary / secondary special,Civil marriage,House / apartment,-1256,1,0,0,0,2,0,37,3.0
933,5148535,F,N,Y,1,157500.0,Working,Secondary / secondary special,Married,House / apartment,-1721,1,0,1,0,3,0,29,5.0
934,5105436,M,N,Y,2,112500.0,Working,Secondary / secondary special,Civil marriage,House / apartment,-2317,1,0,0,0,4,0,39,6.0
935,5105412,F,N,Y,2,135000.0,Working,Secondary / secondary special,Married,House / apartment,-1518,1,0,0,0,4,0,35,4.0
936,5026177,M,Y,Y,0,135000.0,Working,Secondary / secondary special,Married,House / apartment,-7804,1,1,0,0,2,0,53,21.0
937,5142584,M,Y,Y,0,301500.0,Working,Secondary / secondary special,Married,Rented apartment,-864,1,0,0,0,2,0,25,2.0
938,5054297,F,Y,N,0,112500.0,Working,Secondary / secondary special,Married,House / apartment,-7364,1,1,0,0,2,0,39,20.0
939,5118108,M,Y,N,0,90000.0,Working,Secondary / secondary special,Single / not married,House / apartment,-1101,1,1,0,0,1,0,23,3.0
940,5054106,F,N,N,0,67500.0,Pensioner,Secondary / secondary special,Separated,House / apartment,0,1,0,0,0,1,0,59,0.0
941,5010683,M,Y,Y,0,292500.0,Working,Higher education,Married,House / apartment,-2231,1,0,0,0,2,0,28,6.0
942,5045850,F,Y,Y,2,315000.0,Commercial associate,Higher education,Married,With parents,-1327,1,0,0,0,4,0,35,4.0
943,5058371,F,N,Y,0,117000.0,Working,Secondary / secondary special,Married,House / apartment,-355,1,1,1,0,2,0,48,1.0
944,5068147,F,N,Y,0,157500.0,Pensioner,Secondary / secondary special,Single / not married,House / apartment,0,1,0,0,0,1,0,56,0.0
945,5137187,F,Y,N,0,67500.0,Working,Secondary / secondary special,Married,House / apartment,-1934,1,1,0,0,2,0,31,5.0
946,5139859,M,Y,Y,0,189000.0,Pensioner,Secondary / secondary special,Separated,House / apartment,0,1,0,0,0,1,0,55,0.0
947,5095873,F,N,N,0,202500.0,Working,Higher education,Civil marriage,House / apartment,-5179,1,1,1,0,2,0,42,14.0
948,5126809,M,N,Y,1,157500.0,Commercial associate,Secondary / secondary special,Married,House / apartment,-2326,1,0,1,1,3,0,29,6.0
949,5096604,F,Y,N,1,225000.0,Working,Higher education,Civil marriage,House / apartment,-980,1,1,1,0,3,0,37,3.0
950,5036765,F,N,N,1,112500.0,Working,Secondary / secondary special,Married,House / apartment,-1224,1,0,0,1,3,0,35,3.0
951,5091880,F,Y,Y,0,202500.0,Commercial associate,Secondary / secondary special,Married,House / apartment,-7048,1,0,0,0,2,0,51,19.0
952,5090082,M,N,N,0,180000.0,Commercial associate,Secondary / secondary special,Married,House / apartment,-1678,1,0,0,0,2,0,41,5.0
953,5061481,F,N,Y,1,225000.0,Commercial associate,Higher education,Married,House / apartment,-2266,1,0,0,1,3,0,26,6.0
954,5125235,F,N,Y,2,157500.0,Commercial associate,Higher education,Married,House / apartment,-73,1,0,0,0,4,0,38,0.0
955,5089474,M,N,N,0,180000.0,Working,Higher education,Married,House / apartment,-3443,1,0,0,0,2,0,39,9.0
956,5126021,F,N,N,1,112500.0,Working,Secondary / secondary special,Civil marriage,House / apartment,-2661,1,1,1,0,3,0,41,7.0
957,5114630,F,N,Y,0,81000.0,Working,Secondary / secondary special,Married,House / apartment,-286,1,1,0,0,2,0,54,1.0
958,5010225,F,Y,Y,1,90000.0,State servant,Secondary / secondary special,Married,House / apartment,-8044,1,0,0,0,3,0,48,22.0
959,5118526,F,N,Y,0,180000.0,Commercial associate,Higher education,Married,House / apartment,-523,1,0,0,0,2,0,61,1.0
960,5061340,F,N,Y,0,94500.0,Pensioner,Secondary / secondary special,Widow,House / apartment,0,1,0,0,0,1,0,67,0.0
961,5118527,F,N,Y,0,180000.0,Commercial associate,Higher education,Married,House / apartment,-523,1,0,0,0,2,0,61,1.0
962,5090186,M,Y,Y,0,450000.0,Pensioner,Higher education,Married,House / apartment,0,1,0,0,0,2,0,64,0.0
963,5089596,M,Y,N,0,315000.0,Commercial associate,Secondary / secondary special,Civil marriage,House / apartment,-978,1,0,0,0,2,0,38,3.0
964,5066865,F,N,Y,2,54000.0,Working,Secondary / secondary special,Married,House / apartment,-795,1,0,0,0,4,0,27,2.0
965,5061832,F,N,Y,0,112500.0,Pensioner,Secondary / secondary special,Married,House / apartment,0,1,0,0,0,2,0,62,0.0
966,5009941,F,N,Y,2,157500.0,Working,Secondary / secondary special,Married,House / apartment,-2351,1,0,0,0,4,0,29,6.0
967,5052731,F,N,Y,0,180000.0,Commercial associate,Secondary / secondary special,Civil marriage,House / apartment,-1114,1,0,0,0,2,0,38,3.0
968,5137175,F,N,N,0,225000.0,Working,Secondary / secondary special,Married,House / apartment,-3760,1,1,1,0,2,0,55,10.0
969,5045614,M,Y,Y,1,360000.0,Working,Higher education,Married,House / apartment,-1327,1,0,0,0,3,0,43,4.0
970,5067926,F,N,Y,0,112500.0,Pensioner,Secondary / secondary special,Widow,House / apartment,0,1,0,0,0,1,0,62,0.0
971,5047870,M,Y,Y,1,292500.0,Commercial associate,Higher education,Married,House / apartment,-3322,1,0,0,0,3,0,34,9.0
972,5025161,M,N,N,0,360000.0,Working,Secondary / secondary special,Civil marriage,House / apartment,-5145,1,0,0,0,2,0,34,14.0
973,5145694,M,Y,Y,0,225000.0,Working,Higher education,Single / not married,With parents,-663,1,1,1,0,1,0,26,2.0
974,5113455,F,N,Y,1,126000.0,Commercial associate,Secondary / secondary special,Married,House / apartment,-4119,1,0,0,0,3,0,50,11.0
975,5150164,F,N,N,0,135000.0,Pensioner,Secondary / secondary special,Widow,Municipal apartment,0,1,0,1,0,1,0,65,0.0
976,5126321,F,N,N,0,270000.0,Working,Secondary / secondary special,Married,House / apartment,-1719,1,1,1,0,2,0,49,5.0
977,5088450,F,N,Y,0,157500.0,State servant,Secondary / secondary special,Widow,House / apartment,-2052,1,0,1,0,1,0,63,6.0
978,5068631,F,Y,Y,0,216000.0,Working,Secondary / secondary special,Married,House / apartment,-3641,1,0,0,0,2,0,58,10.0
979,5021693,M,Y,Y,2,337500.0,Working,Incomplete higher,Married,House / apartment,-1678,1,0,1,0,4,0,34,5.0
980,5111172,M,Y,Y,0,225000.0,Working,Higher education,Married,Rented apartment,-481,1,0,0,0,2,0,29,1.0
981,5029184,F,N,Y,1,108000.0,Working,Secondary / secondary special,Married,House / apartment,-4603,1,0,0,0,3,0,44,13.0
982,5069051,M,Y,N,0,225000.0,Commercial associate,Secondary / secondary special,Married,House / apartment,-2484,1,0,0,0,2,0,49,7.0
983,5046379,F,N,N,0,180000.0,Working,Incomplete higher,Married,House / apartment,-1904,1,0,0,0,2,0,54,5.0
984,5118477,F,N,Y,0,180000.0,Working,Secondary / secondary special,Married,House / apartment,-888,1,0,0,0,2,0,48,2.0
985,5106118,F,Y,Y,1,135000.0,Working,Higher education,Married,House / apartment,-393,1,0,0,0,3,0,37,1.0
986,5024148,F,Y,N,0,180000.0,Working,Higher education,Married,With parents,-1007,1,1,1,0,2,0,31,3.0
987,5112966,F,N,N,0,112500.0,Working,Secondary / secondary special,Married,House / apartment,-10688,1,0,1,0,2,0,52,29.0
988,5089240,F,N,N,0,270000.0,State servant,Secondary / secondary special,Separated,House / apartment,-12332,1,0,1,1,1,0,53,34.0
989,5067262,F,Y,Y,0,270000.0,Working,Secondary / secondary special,Married,House / apartment,-1724,1,0,1,0,2,0,55,5.0
990,5045255,F,N,Y,1,270000.0,Working,Secondary / secondary special,Married,House / apartment,-3689,1,0,0,0,3,0,57,10.0
992,5136020,M,Y,N,1,351000.0,Commercial associate,Secondary / secondary special,Married,House / apartment,-8479,1,0,0,0,3,0,44,23.0
993,5033418,M,Y,N,0,202500.0,Commercial associate,Secondary / secondary special,Married,House / apartment,-2180,1,0,1,0,2,0,29,6.0
994,5021737,F,N,Y,0,189000.0,Pensioner,Secondary / secondary special,Widow,House / apartment,0,1,0,0,0,1,0,57,0.0
995,5023231,M,Y,Y,0,270000.0,Working,Secondary / secondary special,Separated,House / apartment,-1362,1,0,0,0,1,0,48,4.0
996,5029225,F,Y,Y,0,144000.0,Pensioner,Secondary / secondary special,Civil marriage,House / apartment,0,1,0,1,0,2,0,59,0.0
997,5028909,F,N,N,0,67500.0,Working,Secondary / secondary special,Married,House / apartment,-1876,1,0,0,0,2,0,27,5.0
998,5090793,F,N,Y,0,247500.0,Working,Higher education,Married,House / apartment,-3503,1,0,1,0,2,0,38,10.0
999,5126517,M,Y,N,0,157500.0,Working,Higher education,Married,House / apartment,-2265,1,0,1,0,2,0,56,6.0
1000,5146114,F,N,Y,0,157500.0,State servant,Higher education,Separated,House / apartment,-11389,1,0,1,0,1,0,57,31.0
1001,5146034,M,N,Y,0,157500.0,Working,Secondary / secondary special,Single / not married,House / apartment,-4146,1,0,0,0,1,0,47,11.0
1002,5142972,M,N,N,1,180000.0,Working,Secondary / secondary special,Single / not married,House / apartment,-926,1,1,1,0,3,0,29,3.0
1003,5028569,F,Y,Y,0,315000.0,Commercial associate,Secondary / secondary special,Married,House / apartment,-5500,1,0,0,1,2,0,43,15.0
1004,5114032,F,N,N,0,99000.0,Working,Higher education,Married,House / apartment,-5521,1,0,0,0,2,0,40,15.0
1005,5085826,F,N,N,0,351000.0,Commercial associate,Higher education,Married,House / apartment,-1081,1,0,1,0,2,0,59,3.0
1006,5053089,F,N,N,0,175500.0,Working,Secondary / secondary special,Single / not married,House / apartment,-658,1,0,0,0,1,0,51,2.0
1007,5117753,M,Y,N,0,306000.0,Working,Secondary / secondary special,Married,House / apartment,-1649,1,0,0,0,2,0,44,5.0
1008,5126826,F,N,N,1,157500.0,Working,Secondary / secondary special,Civil marriage,With parents,-3695,1,0,0,0,3,0,32,10.0
1009,5018505,F,N,N,0,58500.0,Pensioner,Secondary / secondary special,Married,House / apartment,0,1,0,0,0,2,0,57,0.0
1010,5067893,M,Y,Y,0,292500.0,Working,Secondary / secondary special,Married,Rented apartment,-901,1,0,0,0,2,0,47,2.0
1012,5135531,M,Y,Y,0,225000.0,Working,Secondary / secondary special,Separated,House / apartment,-1751,1,0,0,0,1,0,38,5.0
1013,5067019,F,Y,Y,1,247500.0,Working,Secondary / secondary special,Civil marriage,House / apartment,-1253,1,0,0,1,3,0,47,3.0
1014,5115671,M,Y,Y,1,189000.0,Working,Higher education,Married,House / apartment,-3663,1,0,0,0,3,0,36,10.0
1015,5136985,M,Y,N,0,247500.0,Working,Secondary / secondary special,Single / not married,House / apartment,-3334,1,1,0,0,1,0,34,9.0
1016,5126687,F,N,Y,0,90000.0,Working,Secondary / secondary special,Married,House / apartment,-3149,1,1,0,0,2,0,55,9.0
1017,5058509,F,N,Y,0,148500.0,Pensioner,Secondary / secondary special,Married,House / apartment,0,1,0,0,0,2,0,62,0.0
1018,5045513,M,Y,N,1,180000.0,Working,Secondary / secondary special,Married,House / apartment,-4491,1,0,0,0,3,0,32,12.0
1019,5021730,F,Y,Y,1,180000.0,Commercial associate,Secondary / secondary special,Married,House / apartment,-1375,1,0,0,1,3,0,46,4.0
1020,5048542,F,N,Y,0,121900.5,Pensioner,Secondary / secondary special,Married,House / apartment,0,1,0,0,0,2,0,44,0.0
1021,5096342,F,N,N,0,112500.0,Working,Secondary / secondary special,Married,Municipal apartment,-1162,1,1,0,0,2,0,32,3.0
1022,5021293,F,Y,Y,1,180000.0,Commercial associate,Higher education,Married,House / apartment,-183,1,0,0,1,3,0,33,1.0
1023,5143079,F,Y,N,0,225000.0,Commercial associate,Secondary / secondary special,Married,House / apartment,-500,1,0,0,0,2,0,38,1.0
1024,5116478,M,Y,Y,2,450000.0,Commercial associate,Secondary / secondary special,Married,House / apartment,-489,1,0,1,0,4,0,37,1.0
1025,5062294,F,Y,Y,0,225000.0,Working,Higher education,Married,House / apartment,-2450,1,0,0,1,2,0,49,7.0
1026,5091222,F,N,Y,3,135000.0,Working,Secondary / secondary special,Married,House / apartment,-1539,1,0,0,0,5,0,41,4.0
1027,5089887,F,N,Y,0,157500.0,Working,Higher education,Married,House / apartment,-1556,1,0,0,0,2,0,29,4.0
1028,5090790,F,Y,Y,0,238500.0,Working,Higher education,Married,House / apartment,-7095,1,0,0,0,2,0,42,19.0
1029,5146429,M,Y,N,0,261000.0,Commercial associate,Incomplete higher,Civil marriage,With parents,-674,1,0,0,0,2,0,24,2.0
1030,5069292,F,Y,Y,1,180000.0,Commercial associate,Secondary / secondary special,Married,House / apartment,-2605,1,1,1,0,3,0,42,7.0
1031,5054407,M,N,N,0,225000.0,Commercial associate,Higher education,Married,With parents,-5082,1,1,0,0,2,0,36,14.0
1032,5028616,M,N,Y,1,135000.0,Working,Higher education,Married,House / apartment,-1999,1,1,1,0,3,0,26,5.0
1033,5036319,F,N,Y,0,112500.0,Commercial associate,Secondary / secondary special,Single / not married,House / apartment,-555,1,0,0,0,1,0,49,2.0
1034,5116606,M,Y,Y,0,180000.0,Working,Incomplete higher,Married,House / apartment,-4599,1,0,1,0,2,0,47,13.0
1035,5089218,F,Y,N,1,171000.0,Working,Secondary / secondary special,Civil marriage,House / apartment,-6488,1,1,1,0,3,0,38,18.0
1036,5068648,M,N,Y,0,135000.0,Working,Secondary / secondary special,Single / not married,With parents,-1054,1,0,0,0,1,0,31,3.0
1037,5143560,M,N,N,2,202500.0,Working,Secondary / secondary special,Married,With parents,-745,1,0,0,0,4,0,30,2.0
1038,5024925,F,N,N,0,33750.0,Pensioner,Higher education,Married,House / apartment,0,1,0,0,0,2,0,52,0.0
1039,5029082,F,N,Y,0,135000.0,Pensioner,Secondary / secondary special,Widow,House / apartment,0,1,0,1,0,1,0,60,0.0
1040,5116633,F,N,Y,0,135000.0,Pensioner,Higher education,Single / not married,House / apartment,0,1,0,0,0,1,0,62,0.0
1041,5126518,M,Y,N,0,157500.0,Working,Higher education,Married,House / apartment,-2265,1,0,1,0,2,0,56,6.0
1042,5104945,F,N,Y,3,67500.0,Commercial associate,Secondary / secondary special,Married,House / apartment,-412,1,1,1,0,5,0,46,1.0
1043,5116991,M,Y,Y,0,135000.0,Working,Secondary / secondary special,Married,House / apartment,-3505,1,0,1,0,2,0,40,10.0
1044,5096340,F,Y,N,0,153000.0,Pensioner,Secondary / secondary special,Widow,House / apartment,0,1,0,1,0,1,0,65,0.0
1045,5024670,F,N,Y,1,180000.0,Working,Higher education,Separated,House / apartment,-1585,1,0,0,0,2,0,41,4.0
1046,5062095,M,Y,N,0,180000.0,Working,Secondary / secondary special,Single / not married,House / apartment,-1812,1,1,1,0,1,0,28,5.0
1047,5079057,M,Y,N,0,121500.0,Working,Secondary / secondary special,Married,House / apartment,-6904,1,0,1,0,2,0,41,19.0
1048,5041881,M,N,N,0,112500.0,Working,Secondary / secondary special,Civil marriage,Rented apartment,-2530,1,0,0,0,2,0,40,7.0
1049,5053117,M,Y,N,1,270000.0,Commercial associate,Secondary / secondary special,Civil marriage,House / apartment,-1420,1,0,0,0,3,0,37,4.0
1050,5115921,M,Y,Y,0,360000.0,Commercial associate,Secondary / secondary special,Married,House / apartment,-314,1,0,0,0,2,0,42,1.0
1051,5150221,M,Y,Y,0,116100.0,Working,Secondary / secondary special,Married,House / apartment,-2441,1,0,0,0,2,0,28,7.0
1052,5026166,M,Y,Y,0,225000.0,Pensioner,Higher education,Married,House / apartment,0,1,0,0,0,2,0,66,0.0
1053,5100171,M,Y,Y,0,450000.0,Pensioner,Higher education,Married,House / apartment,0,1,0,0,0,2,0,47,0.0
1054,5126294,M,N,N,0,225000.0,Working,Secondary / secondary special,Married,House / apartment,-11884,1,1,0,0,2,0,58,33.0
1055,5149980,F,N,Y,1,405000.0,State servant,Higher education,Married,House / apartment,-4520,1,0,0,0,3,0,35,12.0
1056,5089580,F,Y,N,0,112500.0,State servant,Secondary / secondary special,Married,House / apartment,-460,1,1,1,0,2,0,32,1.0
1057,5041320,F,N,N,0,157500.0,Working,Higher education,Single / not married,Office apartment,-3289,1,0,0,0,1,0,52,9.0
1058,5105499,F,N,Y,0,202500.0,Working,Higher education,Married,House / apartment,-1495,1,0,0,0,2,0,29,4.0
1059,5095514,M,Y,Y,0,297000.0,Working,Secondary / secondary special,Married,House / apartment,-1161,1,0,1,0,2,0,56,3.0
1060,5089275,F,Y,N,0,315000.0,Working,Higher education,Married,House / apartment,-3504,1,0,1,1,2,0,37,10.0
1061,5069066,M,N,Y,0,202500.0,Working,Secondary / secondary special,Single / not married,House / apartment,-3093,1,0,0,0,1,0,27,8.0
1062,5125542,M,N,N,0,180000.0,Working,Higher education,Married,With parents,-2417,1,1,1,0,2,0,37,7.0
1063,5095033,M,Y,Y,0,202500.0,Commercial associate,Higher education,Married,House / apartment,-1463,1,0,0,0,2,0,42,4.0
1064,5142163,M,N,Y,1,360000.0,Working,Secondary / secondary special,Civil marriage,House / apartment,-2554,1,0,0,0,3,0,32,7.0
1065,5029529,M,Y,Y,0,112500.0,Pensioner,Lower secondary,Married,House / apartment,0,1,0,1,0,2,0,60,0.0
1066,5090493,F,N,N,0,121500.0,Pensioner,Secondary / secondary special,Married,House / apartment,0,1,0,0,0,2,0,58,0.0
1067,5105291,F,N,N,0,112500.0,Working,Secondary / secondary special,Widow,With parents,-818,1,1,1,0,1,0,28,2.0
1068,5116005,M,Y,Y,1,900000.0,Commercial associate,Higher education,Civil marriage,House / apartment,-2537,1,0,0,0,3,0,46,7.0
1069,5115679,M,N,Y,0,112500.0,Pensioner,Secondary / secondary special,Married,House / apartment,0,1,0,1,0,2,0,61,0.0
1070,5061500,F,N,Y,1,135000.0,Working,Incomplete higher,Married,House / apartment,-9359,1,0,0,0,3,0,44,26.0
1071,5045380,M,Y,Y,0,261000.0,Working,Incomplete higher,Married,House / apartment,-1508,1,0,1,0,2,0,44,4.0
1072,5041355,M,Y,Y,0,121500.0,Pensioner,Higher education,Married,House / apartment,0,1,0,1,0,2,0,66,0.0
1073,5113057,F,Y,N,0,202500.0,Commercial associate,Incomplete higher,Separated,House / apartment,-1344,1,0,1,1,1,0,39,4.0
1074,5148981,F,Y,Y,0,94500.0,Working,Secondary / secondary special,Married,House / apartment,-10364,1,0,0,0,2,0,50,28.0
1075,5010238,M,Y,Y,0,225000.0,Working,Secondary / secondary special,Married,House / apartment,-4331,1,0,0,0,2,0,45,12.0
1076,5024604,F,N,Y,0,630000.0,Pensioner,Secondary / secondary special,Single / not married,House / apartment,0,1,0,1,0,1,0,60,0.0
1077,5090705,F,N,N,0,202500.0,Pensioner,Higher education,Single / not married,House / apartment,0,1,0,0,0,1,0,64,0.0
1078,5050724,F,Y,N,0,360000.0,Working,Higher education,Married,House / apartment,-2296,1,1,1,0,2,0,35,6.0
1079,5142781,M,Y,N,2,157500.0,Working,Secondary / secondary special,Separated,With parents,-1626,1,0,0,0,3,0,38,4.0
1080,5114643,F,Y,N,0,247500.0,Working,Secondary / secondary special,Separated,House / apartment,-2142,1,0,0,0,1,0,37,6.0
1081,5087536,M,N,Y,0,81000.0,Commercial associate,Higher education,Single / not married,House / apartment,-1928,1,0,1,0,1,0,27,5.0
1082,5053744,F,N,Y,0,360000.0,State servant,Higher education,Married,House / apartment,-3163,1,0,1,0,2,0,44,9.0
1083,5117698,M,Y,N,0,315000.0,Working,Higher education,Married,House / apartment,-3961,1,1,0,0,2,0,56,11.0
1084,5118560,F,N,Y,0,126000.0,Working,Secondary / secondary special,Single / not married,House / apartment,-2896,1,0,1,0,1,0,46,8.0
1085,5054496,F,Y,Y,0,225000.0,Commercial associate,Higher education,Separated,House / apartment,-1185,1,0,0,0,1,0,33,3.0
1086,5033895,F,N,N,2,135000.0,Working,Secondary / secondary special,Married,With parents,-1670,1,0,0,0,4,0,31,5.0
1087,5033659,M,N,Y,0,225000.0,Commercial associate,Secondary / secondary special,Married,House / apartment,-3670,1,0,0,0,2,0,52,10.0
1088,5062205,F,N,Y,0,112500.0,Commercial associate,Higher education,Married,House / apartment,-1202,1,1,1,0,2,0,48,3.0
1089,5056237,F,N,Y,0,40500.0,Working,Secondary / secondary special,Married,House / apartment,-4936,1,1,0,0,2,0,35,14.0
1090,5061773,F,N,Y,0,157500.0,Pensioner,Secondary / secondary special,Separated,House / apartment,0,1,0,0,0,1,0,58,0.0
1091,5135863,F,N,Y,2,67500.0,Working,Secondary / secondary special,Married,House / apartment,-596,1,0,0,0,4,0,33,2.0
1092,5050793,F,N,N,0,315000.0,State servant,Higher education,Married,House / apartment,-6648,1,0,0,0,2,0,58,18.0
1093,5091057,F,N,Y,2,270000.0,Commercial associate,Higher education,Married,House / apartment,-2197,1,0,0,1,4,0,42,6.0
1094,5149368,F,N,Y,0,180000.0,Pensioner,Secondary / secondary special,Civil marriage,House / apartment,0,1,0,1,0,2,0,59,0.0
1095,5053156,F,N,Y,0,157500.0,Pensioner,Secondary / secondary special,Widow,House / apartment,0,1,0,0,0,1,0,65,0.0
1096,5091651,F,Y,Y,1,252000.0,Commercial associate,Secondary / secondary special,Separated,House / apartment,-747,1,0,0,0,2,0,29,2.0
1097,5118545,F,Y,N,0,270000.0,Working,Secondary / secondary special,Married,House / apartment,-1741,1,0,1,0,2,0,50,5.0
1098,5024592,M,Y,Y,0,157500.0,Working,Secondary / secondary special,Married,With parents,-1615,1,1,0,0,2,0,24,4.0
1099,5125804,F,N,Y,0,270000.0,Working,Secondary / secondary special,Separated,House / apartment,-2052,1,0,0,1,1,0,50,6.0
1100,5024726,M,N,Y,0,162000.0,Pensioner,Higher education,Married,House / apartment,0,1,0,1,0,2,0,64,0.0
1102,5033728,F,Y,Y,1,202500.0,Working,Secondary / secondary special,Married,House / apartment,-2089,1,1,1,0,3,0,37,6.0
1103,5149327,F,Y,Y,1,180000.0,Working,Higher education,Separated,House / apartment,-5981,1,0,0,0,2,0,52,16.0
1104,5024033,F,N,Y,2,112500.0,Working,Secondary / secondary special,Married,With parents,-397,1,0,0,0,4,0,40,1.0
1105,5113841,F,N,Y,0,135000.0,Commercial associate,Higher education,Married,House / apartment,-923,1,1,0,1,2,0,25,3.0
1106,5022918,F,N,Y,0,225000.0,Working,Higher education,Single / not married,House / apartment,-2592,1,0,1,0,1,0,33,7.0
1107,5142649,M,Y,N,0,157500.0,Working,Secondary / secondary special,Civil marriage,House / apartment,-2234,1,0,1,0,2,0,48,6.0
1108,5048276,F,Y,N,1,112500.0,Working,Higher education,Single / not married,House / apartment,-1618,1,0,0,0,2,0,27,4.0
1109,5022612,M,Y,Y,1,202500.0,Working,Secondary / secondary special,Married,House / apartment,-825,1,0,0,0,3,0,28,2.0
1110,5028446,F,Y,Y,0,162000.0,Working,Secondary / secondary special,Single / not married,House / apartment,-2822,1,0,0,0,1,0,50,8.0
1111,5113556,M,Y,Y,0,450000.0,Commercial associate,Secondary / secondary special,Married,House / apartment,-923,1,0,1,1,2,0,50,3.0
1112,5091894,M,N,N,0,157500.0,Commercial associate,Higher education,Single / not married,House / apartment,-1600,1,0,0,0,1,0,28,4.0
1113,5025181,F,N,N,0,270000.0,Commercial associate,Secondary / secondary special,Single / not married,House / apartment,-2558,1,0,0,0,1,0,63,7.0
1114,5091795,F,Y,N,1,90000.0,Working,Secondary / secondary special,Married,House / apartment,-991,1,0,0,0,3,0,42,3.0
1115,5022343,F,N,Y,0,67500.0,Pensioner,Secondary / secondary special,Widow,House / apartment,0,1,0,0,0,1,0,64,0.0
1116,5065704,M,Y,Y,0,225000.0,Pensioner,Secondary / secondary special,Single / not married,House / apartment,0,1,0,1,0,1,0,48,0.0
1117,5068511,F,N,Y,0,135000.0,Commercial associate,Secondary / secondary special,Married,House / apartment,-2758,1,1,1,0,2,0,43,8.0
1118,5053941,F,N,N,0,135000.0,Pensioner,Secondary / secondary special,Widow,House / apartment,0,1,0,1,0,1,0,58,0.0
1119,5036926,F,Y,Y,0,157500.0,Commercial associate,Secondary / secondary special,Married,House / apartment,-2988,1,1,1,1,2,0,33,8.0
1120,5114138,F,N,N,2,180000.0,State servant,Secondary / secondary special,Married,Office apartment,-2904,1,1,0,0,4,0,31,8.0
1121,5142595,M,Y,Y,0,418500.0,Working,Higher education,Married,House / apartment,-73,1,0,1,0,2,0,52,0.0
1122,5052883,M,Y,Y,0,225000.0,Working,Secondary / secondary special,Married,House / apartment,-3366,1,0,0,0,2,0,49,9.0
1123,5068019,M,Y,Y,0,135000.0,Working,Secondary / secondary special,Married,House / apartment,-3377,1,0,0,0,2,0,42,9.0
1124,5146024,F,N,Y,0,360000.0,Commercial associate,Higher education,Married,House / apartment,-3902,1,0,1,0,2,0,30,11.0
1125,5036093,F,N,Y,0,135000.0,Working,Secondary / secondary special,Married,House / apartment,-3202,1,1,0,0,2,0,59,9.0
1126,5068339,F,Y,Y,0,112500.0,Working,Higher education,Married,House / apartment,-505,1,1,1,0,2,0,28,1.0
1127,5095020,F,N,Y,0,225000.0,Commercial associate,Secondary / secondary special,Civil marriage,House / apartment,-671,1,0,0,0,2,0,36,2.0
1128,5105185,M,N,Y,0,180000.0,Working,Secondary / secondary special,Married,House / apartment,-848,1,1,0,0,2,0,44,2.0
1129,5117216,F,N,Y,0,202500.0,Working,Secondary / secondary special,Civil marriage,House / apartment,-1953,1,0,0,0,2,0,30,5.0
1130,5089632,F,N,N,0,315000.0,Commercial associate,Higher education,Married,House / apartment,-309,1,1,1,1,2,0,44,1.0
1131,5100464,M,Y,Y,1,315000.0,Working,Higher education,Married,House / apartment,-552,1,0,1,0,3,0,47,2.0
1132,5028930,F,Y,Y,0,112500.0,Working,Secondary / secondary special,Married,House / apartment,-1787,1,0,0,0,2,0,47,5.0
1133,5036412,F,N,Y,0,83250.0,Pensioner,Secondary / secondary special,Civil marriage,House / apartment,0,1,0,1,0,2,0,55,0.0
1134,5116643,F,N,Y,0,261000.0,Working,Secondary / secondary special,Married,House / apartment,-2559,1,0,0,0,2,0,55,7.0
1135,5091766,M,N,Y,0,247500.0,Working,Secondary / secondary special,Married,House / apartment,-2361,1,0,0,0,2,0,48,6.0
1136,5067961,M,Y,Y,0,360000.0,Working,Higher education,Married,House / apartment,-3854,1,0,0,0,2,0,61,11.0
1137,5033814,F,N,Y,0,135000.0,Working,Secondary / secondary special,Married,House / apartment,-1182,1,0,0,0,2,0,36,3.0
1138,5113847,F,N,Y,0,225000.0,Working,Secondary / secondary special,Widow,House / apartment,-2384,1,1,0,0,1,0,54,7.0
1139,5142239,F,Y,Y,0,270000.0,State servant,Higher education,Married,House / apartment,-8230,1,0,0,0,2,0,45,23.0
1140,5117182,M,Y,N,0,112500.0,Pensioner,Secondary / secondary special,Married,House / apartment,0,1,0,0,0,2,0,56,0.0
1141,5126308,F,N,N,0,112500.0,Working,Higher education,Single / not married,Co-op apartment,-531,1,1,1,0,1,0,35,1.0
1142,5142118,M,N,N,1,225000.0,Working,Higher education,Married,House / apartment,-2493,1,0,0,0,3,0,50,7.0
1143,5068196,M,Y,Y,0,173250.0,Working,Secondary / secondary special,Civil marriage,House / apartment,-2362,1,1,0,0,2,0,45,6.0
1144,5068692,M,N,Y,0,148500.0,Working,Secondary / secondary special,Single / not married,House / apartment,-962,1,0,0,0,1,0,32,3.0
1145,5085780,M,N,Y,0,315000.0,Commercial associate,Secondary / secondary special,Civil marriage,House / apartment,-4034,1,0,0,0,2,0,49,11.0
1146,5096095,F,N,N,1,135000.0,Working,Secondary / secondary special,Married,House / apartment,-1619,1,1,1,0,3,0,29,4.0
1147,5046093,F,N,Y,0,157500.0,Pensioner,Secondary / secondary special,Widow,House / apartment,0,1,0,0,0,1,0,65,0.0
1148,5142599,F,N,Y,2,76500.0,State servant,Higher education,Married,House / apartment,-2143,1,0,0,0,4,0,40,6.0
1149,5045742,M,Y,N,0,225000.0,Commercial associate,Higher education,Married,House / apartment,-1569,1,0,0,0,2,0,36,4.0
1150,5053173,F,Y,Y,0,157500.0,Working,Secondary / secondary special,Married,House / apartment,-2393,1,0,0,0,2,0,46,7.0
1151,5074735,M,Y,Y,2,216000.0,State servant,Higher education,Married,House / apartment,-2565,1,0,0,0,4,0,30,7.0
1152,5036996,F,N,Y,0,90000.0,Pensioner,Secondary / secondary special,Separated,House / apartment,0,1,0,1,0,1,0,58,0.0
1153,5146410,M,N,Y,0,211500.0,Working,Secondary / secondary special,Single / not married,House / apartment,-1101,1,1,1,0,1,0,28,3.0
1154,5054097,M,Y,N,2,202500.0,Working,Higher education,Married,House / apartment,-727,1,0,0,0,4,0,32,2.0
1155,5050975,F,N,N,1,112500.0,State servant,Secondary / secondary special,Single / not married,House / apartment,-7591,1,0,0,0,2,0,44,21.0
1156,5068340,F,Y,Y,0,112500.0,Working,Higher education,Married,House / apartment,-505,1,1,1,0,2,0,28,1.0
1157,5037254,M,N,N,0,166500.0,Working,Secondary / secondary special,Single / not married,House / apartment,-450,1,0,0,1,1,0,23,1.0
1158,5091921,F,N,Y,2,72000.0,Working,Secondary / secondary special,Married,House / apartment,-5496,1,1,1,0,4,0,42,15.0
1159,5139729,F,N,Y,0,135000.0,Working,Secondary / secondary special,Married,House / apartment,-2319,1,0,0,0,2,0,56,6.0
1160,5117605,F,N,N,0,157500.0,Working,Higher education,Married,House / apartment,-2257,1,0,0,0,2,0,39,6.0
1161,5029152,F,N,Y,1,67500.0,State servant,Secondary / secondary special,Civil marriage,House / apartment,-191,1,0,0,0,3,0,49,1.0
1162,5066465,F,Y,Y,0,135000.0,Working,Secondary / secondary special,Separated,House / apartment,-1406,1,0,0,0,1,0,44,4.0
1163,5117254,F,Y,Y,0,207000.0,State servant,Higher education,Married,House / apartment,-3506,1,0,0,0,2,0,61,10.0
1164,5117551,M,Y,N,1,148500.0,Commercial associate,Secondary / secondary special,Married,House / apartment,-2865,1,1,1,0,3,0,35,8.0
1165,5079181,F,N,N,0,112500.0,Commercial associate,Incomplete higher,Married,House / apartment,-2339,1,0,1,0,2,0,28,6.0
1166,5028802,F,N,N,2,112500.0,Working,Secondary / secondary special,Married,House / apartment,-1086,1,0,0,0,4,0,43,3.0
1167,5024838,F,N,Y,0,202500.0,Commercial associate,Higher education,Single / not married,House / apartment,-2072,1,0,0,0,1,0,39,6.0
1168,5088279,F,N,N,0,67500.0,Working,Secondary / secondary special,Married,House / apartment,-7013,1,1,1,0,2,0,55,19.0
1169,5079141,F,N,Y,2,67500.0,Working,Secondary / secondary special,Separated,House / apartment,-3008,1,1,0,0,3,0,38,8.0
1170,5058286,F,N,Y,0,306000.0,Commercial associate,Higher education,Married,House / apartment,-3435,1,1,1,1,2,0,41,9.0
1171,5010218,F,Y,Y,1,90000.0,State servant,Secondary / secondary special,Married,House / apartment,-8044,1,0,0,0,3,0,48,22.0
1172,5112870,M,Y,Y,1,360000.0,Working,Secondary / secondary special,Married,House / apartment,-2932,1,0,1,0,3,0,58,8.0
1173,5061253,F,N,Y,0,112500.0,Working,Incomplete higher,Civil marriage,House / apartment,-1751,1,0,0,0,2,0,25,5.0
1174,5046191,M,Y,Y,2,270000.0,Commercial associate,Higher education,Married,House / apartment,-565,1,1,0,0,4,0,47,2.0
1175,5094884,M,N,Y,0,450000.0,Commercial associate,Secondary / secondary special,Single / not married,With parents,-1282,1,0,0,0,1,0,28,4.0
1176,5146296,F,N,N,0,67500.0,Working,Secondary / secondary special,Married,House / apartment,-3902,1,1,0,0,2,0,49,11.0
1177,5033966,F,N,Y,0,180000.0,Commercial associate,Secondary / secondary special,Married,House / apartment,-3154,1,0,0,0,2,0,41,9.0
1178,5065571,M,Y,Y,0,270000.0,Commercial associate,Secondary / secondary special,Married,House / apartment,-1539,1,0,0,0,2,0,50,4.0
1179,5023475,F,Y,Y,0,315000.0,Pensioner,Secondary / secondary special,Single / not married,House / apartment,0,1,0,0,0,1,0,58,0.0
1180,5035866,F,N,Y,0,247500.0,Commercial associate,Secondary / secondary special,Married,House / apartment,-1225,1,0,0,0,2,0,48,3.0
1181,5088501,M,Y,Y,0,72000.0,Working,Higher education,Married,House / apartment,-619,1,0,0,0,2,0,60,2.0
1182,5028990,F,N,N,2,81000.0,Working,Lower secondary,Single / not married,House / apartment,-2333,1,0,0,0,3,0,42,6.0
1183,5126503,F,N,N,0,171000.0,Pensioner,Secondary / secondary special,Married,House / apartment,0,1,0,1,0,2,0,57,0.0
1184,5023209,F,N,N,1,135000.0,Commercial associate,Secondary / secondary special,Married,House / apartment,-235,1,0,0,0,3,0,40,1.0
1185,5142860,F,N,N,0,135000.0,Working,Secondary / secondary special,Married,House / apartment,-1869,1,0,1,0,2,0,39,5.0
1186,5087852,F,Y,N,0,202500.0,State servant,Secondary / secondary special,Married,House / apartment,-11940,1,0,1,0,2,0,54,33.0
1187,5061896,M,N,Y,1,292500.0,State servant,Higher education,Married,House / apartment,-3515,1,0,0,1,3,0,46,10.0
1188,5044940,M,N,Y,2,360000.0,State servant,Higher education,Married,House / apartment,-5639,1,0,1,0,4,0,44,15.0
1189,5048610,F,N,Y,0,315000.0,Working,Secondary / secondary special,Separated,House / apartment,-3291,1,0,0,0,1,0,42,9.0
1190,5113711,F,Y,Y,1,405000.0,State servant,Secondary / secondary special,Married,House / apartment,-407,1,0,1,1,3,0,46,1.0
1191,5069199,F,Y,Y,1,225000.0,Commercial associate,Secondary / secondary special,Married,House / apartment,-3246,1,0,0,0,3,0,37,9.0
1192,5091101,M,N,Y,0,198000.0,Pensioner,Higher education,Married,House / apartment,0,1,0,0,0,2,0,68,0.0
1193,5033496,M,Y,N,1,202500.0,Commercial associate,Higher education,Married,With parents,-444,1,0,0,0,3,0,27,1.0
1194,5132752,M,N,Y,0,90000.0,Working,Secondary / secondary special,Single / not married,House / apartment,-226,1,1,1,0,1,0,29,1.0
1195,5018471,F,N,Y,1,166500.0,Working,Secondary / secondary special,Married,House / apartment,-8033,1,0,1,0,3,0,55,22.0
1196,5096059,F,N,N,2,73350.0,Working,Secondary / secondary special,Married,House / apartment,-7068,1,0,0,0,4,0,39,19.0
1197,5036958,M,Y,Y,1,135000.0,Working,Secondary / secondary special,Married,House / apartment,-1923,1,1,1,0,3,0,33,5.0
1198,5038619,F,N,N,0,103500.0,Pensioner,Secondary / secondary special,Married,House / apartment,0,1,0,0,0,2,0,67,0.0
1200,5053293,F,N,Y,0,76500.0,Pensioner,Secondary / secondary special,Married,Municipal apartment,0,1,0,0,0,2,0,56,0.0
1201,5117022,M,Y,Y,2,225000.0,Working,Secondary / secondary special,Married,House / apartment,-279,1,1,0,0,4,0,34,1.0
1202,5143362,F,N,Y,0,126000.0,Working,Secondary / secondary special,Married,House / apartment,-2234,1,1,1,0,2,0,62,6.0
1203,5137163,F,N,N,0,211500.0,Working,Secondary / secondary special,Married,House / apartment,-1661,1,1,1,0,2,0,47,5.0
1204,5054064,M,N,N,1,157500.0,Working,Secondary / secondary special,Married,House / apartment,-1458,1,0,0,0,3,0,45,4.0
1205,5145968,F,N,Y,0,112500.0,Pensioner,Secondary / secondary special,Widow,House / apartment,0,1,0,0,0,1,0,63,0.0
1206,5065705,M,Y,Y,0,225000.0,Pensioner,Secondary / secondary special,Single / not married,House / apartment,0,1,0,1,0,1,0,48,0.0
1207,5051187,M,Y,N,0,135000.0,Working,Secondary / secondary special,Single / not married,House / apartment,-896,1,0,0,0,1,0,34,2.0
1208,5067203,M,N,N,1,405000.0,Working,Secondary / secondary special,Married,With parents,-1328,1,0,0,0,3,0,35,4.0
1209,5116714,F,N,N,0,135000.0,Commercial associate,Secondary / secondary special,Separated,Municipal apartment,-670,1,0,0,0,1,0,52,2.0
1210,5045069,F,N,N,0,112500.0,Working,Secondary / secondary special,Married,House / apartment,-2533,1,0,0,0,2,0,28,7.0
1211,5042130,F,N,N,0,247500.0,Working,Higher education,Married,House / apartment,-7400,1,1,1,0,2,0,39,20.0
1212,5066879,M,Y,Y,0,270000.0,Working,Secondary / secondary special,Single / not married,House / apartment,-1557,1,0,0,0,1,0,38,4.0
1213,5047787,F,Y,Y,0,225000.0,Commercial associate,Higher education,Married,House / apartment,-979,1,0,0,0,2,0,29,3.0
1214,5062131,M,Y,Y,0,90000.0,Pensioner,Secondary / secondary special,Married,House / apartment,0,1,0,0,0,2,0,61,0.0
1215,5023692,F,N,Y,0,135000.0,Working,Secondary / secondary special,Single / not married,House / apartment,-3339,1,0,0,0,1,0,41,9.0
1216,5028907,F,N,N,0,67500.0,Working,Secondary / secondary special,Married,House / apartment,-1876,1,0,0,0,2,0,27,5.0
1217,5113861,M,N,N,0,135000.0,Working,Secondary / secondary special,Married,House / apartment,-1259,1,1,0,0,2,0,28,3.0
1218,5009301,F,N,N,0,193500.0,Working,Secondary / secondary special,Single / not married,Municipal apartment,-1866,1,0,1,0,1,0,44,5.0
1219,5135705,F,N,N,0,135000.0,Working,Secondary / secondary special,Married,House / apartment,-1570,1,0,0,0,2,0,30,4.0
1220,5023616,M,Y,Y,0,202500.0,Commercial associate,Secondary / secondary special,Married,House / apartment,-235,1,0,0,0,2,0,48,1.0
1221,5028468,F,Y,Y,2,135000.0,Working,Secondary / secondary special,Married,House / apartment,-265,1,0,0,1,4,0,34,1.0
1222,5113374,F,N,Y,1,180000.0,Pensioner,Higher education,Married,House / apartment,0,1,0,1,0,3,0,52,0.0
1223,5125775,F,N,Y,0,112500.0,Working,Secondary / secondary special,Married,House / apartment,-469,1,0,0,0,2,0,64,1.0
1224,5051156,M,N,N,1,247500.0,Working,Higher education,Single / not married,House / apartment,-1870,1,0,0,0,2,0,38,5.0
1225,5143046,M,Y,N,2,360000.0,Working,Secondary / secondary special,Married,House / apartment,-2540,1,1,0,0,4,0,44,7.0
1226,5114060,M,Y,N,1,193500.0,Working,Higher education,Married,House / apartment,-3999,1,1,1,0,3,0,49,11.0
1227,5113171,F,Y,Y,1,67500.0,Working,Secondary / secondary special,Married,House / apartment,-1678,1,0,1,1,3,0,31,5.0
1228,5078805,F,N,Y,0,306000.0,Working,Secondary / secondary special,Married,House / apartment,-2978,1,0,0,0,2,0,52,8.0
1229,5088205,F,N,Y,0,153000.0,Pensioner,Secondary / secondary special,Separated,House / apartment,0,1,0,1,0,1,0,60,0.0
1230,5112975,F,N,N,3,171000.0,Working,Secondary / secondary special,Married,House / apartment,-3505,1,1,1,0,5,0,38,10.0
1231,5022789,F,N,N,0,112500.0,Working,Secondary / secondary special,Separated,House / apartment,-187,1,0,0,0,1,0,34,1.0
1232,5028302,M,Y,Y,0,360000.0,Commercial associate,Incomplete higher,Married,House / apartment,-477,1,0,0,0,2,0,54,1.0
1233,5146558,M,N,Y,2,157500.0,Working,Secondary / secondary special,Married,House / apartment,-1436,1,0,0,0,4,0,41,4.0
1234,5029400,F,N,N,0,112500.0,Pensioner,Secondary / secondary special,Married,House / apartment,0,1,0,0,0,2,0,52,0.0
1235,5009207,F,N,N,0,292500.0,State servant,Secondary / secondary special,Married,House / apartment,-8684,1,1,1,0,2,0,57,24.0
1236,5022449,F,N,N,0,315000.0,Working,Secondary / secondary special,Separated,House / apartment,-1978,1,0,0,1,1,0,48,5.0
1237,5044818,F,N,Y,0,135000.0,Working,Higher education,Single / not married,House / apartment,-1133,1,0,0,0,1,0,25,3.0
1238,5089070,M,N,N,3,180000.0,Working,Secondary / secondary special,Married,House / apartment,-3535,1,0,0,0,5,0,39,10.0
1239,5041367,F,N,N,0,180000.0,State servant,Incomplete higher,Married,House / apartment,-2985,1,0,0,0,2,0,28,8.0
1240,5050485,F,N,N,0,292500.0,Commercial associate,Secondary / secondary special,Civil marriage,House / apartment,-10758,1,0,0,0,2,0,51,29.0
1241,5062296,F,N,Y,0,135000.0,Pensioner,Incomplete higher,Separated,House / apartment,0,1,0,0,0,1,0,56,0.0
1242,5090039,M,N,N,1,225000.0,Working,Higher education,Married,House / apartment,-6273,1,0,0,0,3,0,38,17.0
1243,5069296,F,N,Y,0,225000.0,Pensioner,Secondary / secondary special,Married,House / apartment,0,1,0,0,0,2,0,58,0.0
1244,5058271,F,N,Y,0,135000.0,Working,Secondary / secondary special,Married,House / apartment,-4288,1,0,0,0,2,0,54,12.0
1245,5047929,M,Y,N,0,292500.0,Working,Secondary / secondary special,Single / not married,House / apartment,-1526,1,0,1,0,1,0,38,4.0
1246,5054228,F,N,N,2,180000.0,Working,Secondary / secondary special,Married,House / apartment,-89,1,1,0,0,4,0,32,0.0
1247,5023527,F,N,Y,0,274500.0,Commercial associate,Secondary / secondary special,Married,House / apartment,-6930,1,0,0,0,2,0,56,19.0
1248,5088433,F,N,Y,0,225000.0,Working,Secondary / secondary special,Single / not married,House / apartment,-1807,1,0,0,0,1,0,49,5.0
1249,5009567,M,Y,N,0,180000.0,Working,Secondary / secondary special,Married,House / apartment,-3143,1,1,1,0,2,0,42,9.0
1250,5148915,M,Y,N,2,225000.0,Commercial associate,Secondary / secondary special,Married,House / apartment,-3850,1,0,0,0,4,0,40,11.0
1251,5053646,M,N,N,0,360000.0,Commercial associate,Higher education,Married,House / apartment,-1823,1,0,1,0,2,0,56,5.0
1252,5035546,F,N,Y,0,126000.0,Pensioner,Secondary / secondary special,Widow,House / apartment,0,1,0,0,0,1,0,67,0.0
1253,5118472,M,N,N,0,180000.0,Working,Secondary / secondary special,Married,House / apartment,-1649,1,0,1,0,2,0,27,5.0
1254,5111178,F,N,Y,2,54000.0,Working,Higher education,Married,House / apartment,-4560,1,1,0,0,4,0,31,12.0
1255,5065808,F,N,N,1,76500.0,Working,Higher education,Married,House / apartment,-785,1,1,1,0,3,0,44,2.0
1256,5091771,M,N,Y,0,247500.0,Working,Secondary / secondary special,Married,House / apartment,-2361,1,0,0,0,2,0,48,6.0
1257,5010010,F,N,Y,1,112500.0,State servant,Incomplete higher,Civil marriage,House / apartment,-3570,1,0,1,0,3,0,30,10.0
1258,5148573,F,N,Y,0,81000.0,Pensioner,Secondary / secondary special,Married,House / apartment,0,1,0,0,0,2,0,57,0.0
1259,5096729,M,Y,N,0,135000.0,Commercial associate,Secondary / secondary special,Married,House / apartment,-2349,1,1,0,0,2,0,30,6.0
1260,5092021,F,N,Y,0,135000.0,Working,Secondary / secondary special,Married,House / apartment,-777,1,1,1,0,2,0,36,2.0
1261,5046083,F,Y,Y,0,99000.0,Working,Secondary / secondary special,Married,House / apartment,-2299,1,0,0,0,2,0,58,6.0
1262,5096085,F,N,N,0,67500.0,Working,Secondary / secondary special,Married,Municipal apartment,-11451,1,0,0,0,2,0,50,31.0
1264,5142953,M,N,N,1,202500.0,Working,Secondary / secondary special,Separated,House / apartment,-742,1,1,1,0,2,0,23,2.0
1265,5061135,F,N,Y,2,58500.0,Working,Higher education,Married,House / apartment,-5950,1,0,0,0,4,0,39,16.0
1266,5010172,F,N,Y,0,135000.0,Commercial associate,Secondary / secondary special,Married,House / apartment,-464,1,0,0,0,2,0,58,1.0
1267,5068523,F,N,Y,0,135000.0,Working,Secondary / secondary special,Single / not married,House / apartment,-385,1,0,0,1,1,0,34,1.0
1268,5087756,F,N,N,0,180000.0,Working,Secondary / secondary special,Married,House / apartment,-2475,1,0,0,0,2,0,42,7.0
1269,5132845,F,N,Y,0,112500.0,State servant,Secondary / secondary special,Married,House / apartment,-3694,1,0,0,1,2,0,48,10.0
1270,5116046,F,Y,Y,0,144000.0,Working,Secondary / secondary special,Married,House / apartment,-2051,1,0,0,0,2,0,37,6.0
1271,5091983,M,N,Y,0,112500.0,Commercial associate,Higher education,Married,House / apartment,-808,1,1,0,1,2,0,59,2.0
1272,5062106,M,Y,Y,0,135000.0,Commercial associate,Secondary / secondary special,Married,House / apartment,-3607,1,0,0,0,2,0,52,10.0
1273,5052806,F,N,Y,0,81000.0,Working,Secondary / secondary special,Single / not married,House / apartment,-2454,1,0,1,0,1,0,53,7.0
1274,5095952,F,N,N,2,193500.0,Working,Higher education,Married,With parents,-7614,1,1,1,0,4,0,41,21.0
1275,5022458,M,Y,Y,1,144000.0,Working,Secondary / secondary special,Married,House / apartment,-1070,1,0,0,1,3,0,24,3.0
1276,5149647,F,N,Y,0,292500.0,Pensioner,Secondary / secondary special,Single / not married,House / apartment,0,1,0,0,0,1,0,62,0.0
1277,5114438,F,N,Y,1,157500.0,Working,Secondary / secondary special,Married,House / apartment,-1107,1,1,1,0,3,0,47,3.0
1278,5112737,M,Y,Y,0,315000.0,Working,Higher education,Married,House / apartment,-2796,1,0,0,0,2,0,50,8.0
1279,5024038,F,N,N,0,135000.0,Working,Secondary / secondary special,Married,House / apartment,-642,1,0,0,0,2,0,42,2.0
1280,5139846,M,Y,Y,0,202500.0,Commercial associate,Secondary / secondary special,Married,Rented apartment,-2654,1,0,0,0,2,0,29,7.0
1281,5140019,F,Y,Y,1,180000.0,Commercial associate,Secondary / secondary special,Single / not married,House / apartment,-1436,1,0,0,0,2,0,31,4.0
1282,5104868,F,N,Y,0,112500.0,Working,Higher education,Married,House / apartment,-4004,1,0,0,0,2,0,33,11.0
1283,5062525,F,N,Y,1,112500.0,Working,Higher education,Married,House / apartment,-2207,1,0,1,0,3,0,37,6.0
1284,5118118,M,N,N,1,270000.0,Commercial associate,Secondary / secondary special,Married,House / apartment,-5422,1,1,1,0,3,0,37,15.0
1286,5054384,M,Y,N,0,292500.0,Commercial associate,Higher education,Single / not married,House / apartment,-3680,1,1,1,0,1,0,38,10.0
1287,5085768,M,Y,Y,1,405000.0,State servant,Higher education,Married,House / apartment,-4917,1,0,0,0,3,0,32,13.0
1288,5097105,F,N,Y,0,193500.0,Working,Secondary / secondary special,Married,House / apartment,-11448,1,0,1,0,2,0,58,31.0
1289,5023706,F,N,Y,0,180000.0,Working,Secondary / secondary special,Married,House / apartment,-5622,1,0,1,0,2,0,49,15.0
1290,5046183,F,N,Y,2,115200.0,Commercial associate,Secondary / secondary special,Married,House / apartment,-716,1,0,0,0,4,0,41,2.0
1291,5142930,F,Y,N,0,56250.0,Pensioner,Secondary / secondary special,Married,House / apartment,0,1,0,0,0,2,0,58,0.0
1292,5145920,M,Y,Y,1,180000.0,Commercial associate,Higher education,Married,House / apartment,-1466,1,0,0,1,3,0,41,4.0
1293,5069028,F,N,Y,0,157500.0,Commercial associate,Secondary / secondary special,Married,House / apartment,-1359,1,0,0,1,2,0,45,4.0
1294,5010498,M,Y,Y,1,202500.0,Working,Secondary / secondary special,Married,House / apartment,-313,1,1,0,0,3,0,28,1.0
1295,5091564,F,Y,Y,1,135000.0,Working,Secondary / secondary special,Married,House / apartment,-1753,1,0,1,0,3,0,41,5.0
1296,5149887,F,N,Y,0,202500.0,Commercial associate,Secondary / secondary special,Married,House / apartment,-5830,1,0,0,0,2,0,44,16.0
1297,5052952,F,N,Y,0,157500.0,Pensioner,Secondary / secondary special,Widow,House / apartment,0,1,0,1,0,1,0,67,0.0
1298,5116801,M,N,Y,1,225000.0,Working,Secondary / secondary special,Married,House / apartment,-1677,1,0,0,0,3,0,45,5.0
1300,5091639,M,Y,Y,0,202500.0,Working,Secondary / secondary special,Single / not married,House / apartment,-3061,1,0,0,0,1,0,50,8.0
1301,5116817,M,N,Y,0,85500.0,State servant,Secondary / secondary special,Separated,Co-op apartment,-8737,1,1,1,0,1,0,45,24.0
1302,5036936,F,N,Y,0,157500.0,Pensioner,Secondary / secondary special,Separated,House / apartment,0,1,0,0,0,1,0,61,0.0
1303,5022930,F,N,Y,0,270000.0,Working,Higher education,Married,House / apartment,-187,1,0,0,1,2,0,25,1.0
1304,5148732,F,N,Y,1,157500.0,Working,Secondary / secondary special,Separated,Municipal apartment,-625,1,0,0,0,2,0,37,2.0
1305,5023877,F,N,Y,0,360000.0,Pensioner,Higher education,Married,House / apartment,0,1,0,1,0,2,0,63,0.0
1306,5061139,F,Y,Y,0,90000.0,Pensioner,Secondary / secondary special,Married,House / apartment,0,1,0,0,0,2,0,59,0.0
1307,5010435,F,N,Y,0,90000.0,Pensioner,Secondary / secondary special,Married,House / apartment,0,1,0,0,0,2,0,59,0.0
1308,5090310,M,Y,Y,0,135000.0,Pensioner,Secondary / secondary special,Married,House / apartment,0,1,0,0,0,2,0,67,0.0
1309,5026539,F,N,Y,0,112500.0,Working,Secondary / secondary special,Single / not married,House / apartment,-1381,1,0,1,0,1,0,43,4.0
1310,5048478,M,Y,N,0,225000.0,Working,Secondary / secondary special,Single / not married,House / apartment,-308,1,0,0,0,1,0,25,1.0
1311,5052762,M,Y,Y,0,225000.0,Commercial associate,Higher education,Single / not married,House / apartment,-932,1,0,0,1,1,0,32,3.0
1312,5067767,F,N,Y,0,202500.0,State servant,Secondary / secondary special,Single / not married,House / apartment,-5437,1,0,0,0,1,0,64,15.0
1313,5056179,F,N,Y,0,202500.0,Commercial associate,Higher education,Married,House / apartment,-218,1,0,0,0,2,0,26,1.0
1314,5045537,M,Y,N,2,225000.0,State servant,Higher education,Married,With parents,-1539,1,0,0,0,4,0,30,4.0
1315,5053980,F,Y,N,0,108000.0,Working,Secondary / secondary special,Married,With parents,-3195,1,1,0,0,2,0,34,9.0
1316,5092349,F,N,Y,0,225000.0,Working,Secondary / secondary special,Widow,House / apartment,-2057,1,0,0,0,1,0,53,6.0
1317,5090383,F,Y,Y,0,180000.0,Commercial associate,Secondary / secondary special,Married,House / apartment,-1198,1,0,1,0,2,0,42,3.0
1318,5088687,M,N,Y,1,135000.0,Working,Secondary / secondary special,Married,House / apartment,-1473,1,1,1,0,3,0,51,4.0
1319,5105466,F,N,Y,0,112500.0,Pensioner,Secondary / secondary special,Married,House / apartment,0,1,0,0,0,2,0,58,0.0
1320,5089117,F,Y,N,0,90000.0,Working,Higher education,Single / not married,House / apartment,-5483,1,1,1,0,1,0,44,15.0
1321,5117497,M,N,Y,0,90000.0,Commercial associate,Secondary / secondary special,Civil marriage,House / apartment,-704,1,1,0,0,2,0,45,2.0
1322,5112599,F,N,Y,0,103500.0,Working,Secondary / secondary special,Married,House / apartment,-12870,1,1,1,0,2,0,62,35.0
1323,5126121,F,Y,N,0,72000.0,Working,Secondary / secondary special,Married,House / apartment,-227,1,1,1,0,2,0,42,1.0
1324,5125710,F,Y,Y,0,135000.0,Working,Lower secondary,Married,House / apartment,-622,1,0,1,0,2,0,45,2.0
1325,5148972,M,Y,Y,0,495000.0,Working,Secondary / secondary special,Single / not married,Rented apartment,-5373,1,0,0,0,1,0,39,15.0
1326,5117233,M,N,Y,0,135000.0,Working,Secondary / secondary special,Married,House / apartment,-7128,1,0,0,0,2,0,38,20.0
1327,5142733,M,N,N,1,360000.0,Working,Higher education,Married,House / apartment,-469,1,1,1,0,3,0,30,1.0
1328,5089736,F,Y,N,0,135000.0,Working,Secondary / secondary special,Married,House / apartment,-6761,1,1,1,0,2,0,52,19.0
1329,5021214,M,Y,Y,1,225000.0,State servant,Higher education,Married,House / apartment,-2255,1,0,1,0,3,0,35,6.0
1330,5044809,F,N,Y,0,135000.0,Working,Higher education,Single / not married,House / apartment,-1133,1,0,0,0,1,0,25,3.0
1331,5037088,F,N,Y,0,81000.0,Pensioner,Secondary / secondary special,Married,House / apartment,0,1,0,0,0,2,0,59,0.0
1332,5068712,F,Y,Y,0,90000.0,Working,Secondary / secondary special,Married,House / apartment,-5345,1,0,0,0,2,0,37,15.0
1333,5142153,M,Y,Y,0,450000.0,Working,Secondary / secondary special,Single / not married,House / apartment,-3574,1,0,0,0,1,0,44,10.0
1334,5146045,F,N,Y,0,360000.0,Commercial associate,Secondary / secondary special,Single / not married,House / apartment,-2441,1,0,0,0,1,0,51,7.0
1335,5142529,M,N,Y,0,225000.0,State servant,Higher education,Married,House / apartment,-164,1,0,0,0,2,0,25,0.0
1336,5091630,F,N,Y,0,202500.0,Working,Secondary / secondary special,Married,House / apartment,-6226,1,0,0,0,2,0,53,17.0
1337,5023089,F,N,N,0,202500.0,Working,Secondary / secondary special,Separated,House / apartment,-4161,1,0,0,0,1,0,46,11.0
1338,5142698,F,Y,N,0,95850.0,Commercial associate,Secondary / secondary special,Married,House / apartment,-6678,1,1,0,0,2,0,52,18.0
1339,5105550,F,N,Y,0,112500.0,Working,Higher education,Married,With parents,-825,1,0,0,0,2,0,26,2.0
1340,5149799,F,N,Y,0,126000.0,Commercial associate,Secondary / secondary special,Civil marriage,Municipal apartment,-2024,1,1,1,0,2,0,29,6.0
1341,5036219,F,N,Y,0,99000.0,Working,Secondary / secondary special,Married,House / apartment,-890,1,0,0,0,2,0,43,2.0
1342,5061246,F,N,Y,0,112500.0,Working,Incomplete higher,Civil marriage,House / apartment,-1751,1,0,0,0,2,0,25,5.0
1343,5135851,F,N,Y,1,180000.0,Commercial associate,Secondary / secondary special,Married,House / apartment,-6075,1,0,1,0,3,0,44,17.0
1344,5009663,M,N,N,0,225000.0,Working,Higher education,Single / not married,House / apartment,-1774,1,1,0,0,1,0,28,5.0
1345,5146002,M,Y,Y,0,225000.0,Working,Secondary / secondary special,Single / not married,House / apartment,-189,1,0,0,1,1,0,28,1.0
1346,5125203,F,N,Y,0,202500.0,Working,Incomplete higher,Single / not married,House / apartment,-7288,1,0,0,0,1,0,51,20.0
1347,5148525,F,N,Y,0,180000.0,Pensioner,Secondary / secondary special,Married,House / apartment,0,1,0,0,0,2,0,64,0.0
1348,5148748,F,Y,Y,1,135000.0,Commercial associate,Incomplete higher,Civil marriage,House / apartment,-686,1,0,1,0,3,0,31,2.0
1349,5024582,F,Y,Y,2,315000.0,State servant,Secondary / secondary special,Married,House / apartment,-1220,1,0,0,0,4,0,34,3.0
1350,5105878,F,N,N,1,387000.0,Commercial associate,Higher education,Married,House / apartment,-727,1,0,0,0,3,0,42,2.0
1351,5010874,F,N,Y,0,45000.0,Pensioner,Secondary / secondary special,Married,House / apartment,0,1,0,1,0,2,0,57,0.0
1352,5099948,F,Y,N,0,185400.0,Commercial associate,Secondary / secondary special,Married,House / apartment,-3229,1,0,0,0,2,0,40,9.0
1353,5096415,F,N,N,0,76500.0,Working,Secondary / secondary special,Married,House / apartment,-97,1,1,0,0,2,0,46,0.0
1354,5096609,F,Y,N,1,225000.0,Working,Higher education,Civil marriage,House / apartment,-980,1,1,1,0,3,0,37,3.0
1355,5148669,M,Y,Y,1,810000.0,Commercial associate,Incomplete higher,Civil marriage,Office apartment,-3455,1,0,0,0,3,0,49,9.0
1356,5090027,F,N,Y,0,126000.0,Working,Higher education,Married,House / apartment,-460,1,0,1,1,2,0,28,1.0
1357,5132329,F,N,N,0,135000.0,Pensioner,Secondary / secondary special,Married,House / apartment,0,1,0,0,0,2,0,62,0.0
1358,5125277,F,N,Y,1,90000.0,Working,Secondary / secondary special,Married,House / apartment,-3694,1,0,0,1,3,0,45,10.0
1359,5067006,M,N,Y,1,157500.0,Working,Secondary / secondary special,Civil marriage,House / apartment,-5454,1,0,0,0,3,0,56,15.0
1360,5022063,F,N,Y,0,180000.0,Pensioner,Higher education,Married,House / apartment,0,1,0,1,0,2,0,55,0.0
1361,5126108,F,N,Y,0,112500.0,State servant,Secondary / secondary special,Single / not married,House / apartment,-13010,1,1,0,0,1,0,56,36.0
1362,5038723,M,Y,Y,1,270000.0,Pensioner,Secondary / secondary special,Married,House / apartment,0,1,0,0,0,3,0,42,0.0
1363,5054079,F,N,N,0,135000.0,Working,Secondary / secondary special,Married,House / apartment,-5507,1,0,1,0,2,0,47,15.0
1364,5096483,F,N,N,0,103500.0,Working,Higher education,Married,House / apartment,-6640,1,1,1,0,2,0,44,18.0
1365,5025951,F,N,Y,0,130500.0,Working,Secondary / secondary special,Married,House / apartment,-5488,1,0,0,0,2,0,37,15.0
1366,5010995,F,N,Y,0,90000.0,Working,Secondary / secondary special,Married,House / apartment,-221,1,0,0,0,2,0,55,1.0
1367,5117622,M,Y,N,2,112500.0,Working,Higher education,Married,House / apartment,-127,1,0,0,0,4,0,40,0.0
1368,5091826,F,N,Y,0,157500.0,Pensioner,Secondary / secondary special,Married,House / apartment,0,1,0,0,0,2,0,65,0.0
1369,5065723,F,N,Y,1,202500.0,State servant,Secondary / secondary special,Civil marriage,House / apartment,-8760,1,0,0,0,3,0,44,24.0
1370,5044594,M,N,Y,0,67500.0,Pensioner,Secondary / secondary special,Separated,House / apartment,0,1,0,1,0,1,0,61,0.0
1371,5125425,F,Y,Y,1,189000.0,Working,Lower secondary,Married,House / apartment,-864,1,0,0,1,3,0,45,2.0
1372,5135474,F,N,Y,0,180000.0,Working,Secondary / secondary special,Married,House / apartment,-7718,1,0,0,0,2,0,54,21.0
1373,5085865,F,N,Y,0,135000.0,Working,Secondary / secondary special,Married,House / apartment,-5190,1,0,0,0,2,0,50,14.0
1374,5113180,M,Y,Y,0,135000.0,Commercial associate,Higher education,Civil marriage,House / apartment,-613,1,0,0,0,2,0,48,2.0
1375,5069466,F,Y,Y,0,166500.0,Working,Secondary / secondary special,Married,House / apartment,-3123,1,0,0,0,2,0,33,9.0
1376,5025089,F,N,Y,0,90000.0,Pensioner,Secondary / secondary special,Married,House / apartment,0,1,0,0,0,2,0,60,0.0
1377,5009269,M,Y,N,0,337500.0,State servant,Higher education,Married,With parents,-1652,1,1,1,0,2,0,28,5.0
1378,5010226,F,Y,Y,1,90000.0,State servant,Secondary / secondary special,Married,House / apartment,-8044,1,0,0,0,3,0,48,22.0
1379,5021790,F,Y,Y,2,157500.0,Working,Secondary / secondary special,Married,House / apartment,-6879,1,0,0,0,4,0,41,19.0
1380,5143374,F,N,N,0,112500.0,Pensioner,Secondary / secondary special,Married,House / apartment,0,1,0,0,0,2,0,66,0.0
1381,5036474,M,Y,N,2,180000.0,Commercial associate,Higher education,Married,House / apartment,-2673,1,0,0,0,4,0,43,7.0
1382,5037202,F,Y,Y,1,112500.0,Working,Higher education,Married,House / apartment,-420,1,0,0,0,3,0,25,1.0
1383,5092020,F,N,Y,0,135000.0,Working,Secondary / secondary special,Married,House / apartment,-777,1,1,1,0,2,0,36,2.0
1384,5142849,F,N,N,0,135000.0,Working,Secondary / secondary special,Married,House / apartment,-1869,1,0,1,0,2,0,39,5.0
1385,5069141,F,N,N,0,135000.0,Commercial associate,Higher education,Married,With parents,-413,1,0,0,1,2,0,42,1.0
1387,5090464,F,N,N,0,126000.0,Commercial associate,Secondary / secondary special,Married,House / apartment,-5760,1,1,0,0,2,0,46,16.0
1388,5149296,F,Y,Y,0,247500.0,Commercial associate,Higher education,Married,House / apartment,-1871,1,0,1,1,2,0,40,5.0
1389,5023914,F,N,Y,2,184500.0,Working,Secondary / secondary special,Married,House / apartment,-1707,1,1,1,0,4,0,27,5.0
1390,5079004,F,N,Y,0,165600.0,Pensioner,Secondary / secondary special,Widow,House / apartment,0,1,0,1,0,1,0,59,0.0
1391,5112736,M,Y,Y,0,315000.0,Working,Higher education,Married,House / apartment,-2796,1,0,0,0,2,0,50,8.0
1392,5023147,F,N,N,0,112500.0,Pensioner,Secondary / secondary special,Single / not married,House / apartment,0,1,0,0,0,1,0,58,0.0
1393,5050619,M,Y,N,0,112500.0,Working,Secondary / secondary special,Civil marriage,House / apartment,-1962,1,0,1,0,2,0,27,5.0
1394,5052606,M,N,Y,0,202500.0,Commercial associate,Secondary / secondary special,Single / not married,Rented apartment,-1598,1,0,0,0,1,0,51,4.0
1395,5036870,F,N,Y,0,72000.0,Pensioner,Secondary / secondary special,Married,House / apartment,0,1,0,0,0,2,0,60,0.0
1396,5021551,F,N,Y,0,202500.0,Commercial associate,Secondary / secondary special,Married,House / apartment,-1583,1,0,0,0,2,0,57,4.0
1397,5067242,F,Y,Y,0,391500.0,Working,Secondary / secondary special,Married,House / apartment,-7264,1,0,0,0,2,0,47,20.0
1398,5068807,M,Y,Y,1,112500.0,Working,Higher education,Married,House / apartment,-536,1,0,0,1,3,0,32,1.0
1399,5024666,F,N,Y,0,157500.0,Working,Secondary / secondary special,Married,House / apartment,-4568,1,1,1,0,2,0,40,13.0
1400,5089497,F,N,N,1,112500.0,Working,Secondary / secondary special,Widow,House / apartment,-1313,1,0,0,0,2,0,55,4.0
1401,5045623,F,N,Y,1,270000.0,State servant,Secondary / secondary special,Married,House / apartment,-2512,1,0,0,0,3,0,39,7.0
1402,5091822,M,N,Y,0,270000.0,Commercial associate,Secondary / secondary special,Single / not married,House / apartment,-5891,1,0,0,0,1,0,40,16.0
1403,5114227,M,Y,N,2,247500.0,Working,Secondary / secondary special,Married,House / apartment,-5673,1,1,0,0,4,0,50,16.0
1404,5067259,M,Y,Y,0,360000.0,Pensioner,Secondary / secondary special,Married,House / apartment,0,1,0,0,1,2,0,57,0.0
1405,5068320,F,N,Y,0,189000.0,Pensioner,Higher education,Separated,House / apartment,0,1,0,0,0,1,0,62,0.0
1406,5116621,F,Y,Y,1,157500.0,State servant,Secondary / secondary special,Married,House / apartment,-3380,1,0,0,0,3,0,38,9.0
1407,5091925,F,Y,Y,0,405000.0,Commercial associate,Incomplete higher,Married,House / apartment,-3944,1,0,1,0,2,0,51,11.0
1408,5041758,F,N,Y,0,157500.0,State servant,Higher education,Married,House / apartment,-3654,1,0,1,0,2,0,41,10.0
1409,5025936,F,N,Y,0,130500.0,Working,Secondary / secondary special,Married,House / apartment,-5488,1,0,0,0,2,0,37,15.0
1410,5041540,F,N,Y,1,135000.0,Pensioner,Secondary / secondary special,Civil marriage,House / apartment,0,1,0,0,0,3,0,53,0.0
1411,5061145,F,Y,Y,0,90000.0,Pensioner,Secondary / secondary special,Married,House / apartment,0,1,0,0,0,2,0,59,0.0
1412,5033608,F,N,N,0,67500.0,Commercial associate,Secondary / secondary special,Civil marriage,House / apartment,-171,1,0,0,0,2,0,52,0.0
1413,5146456,F,N,Y,0,135000.0,Commercial associate,Secondary / secondary special,Married,House / apartment,-1801,1,0,0,0,2,0,42,5.0
1414,5091369,M,Y,Y,0,247500.0,Working,Secondary / secondary special,Married,House / apartment,-1266,1,1,1,0,2,0,42,3.0
1416,5091708,F,Y,Y,0,135000.0,Working,Higher education,Married,House / apartment,-3944,1,0,0,0,2,0,34,11.0
1417,5022136,F,N,Y,0,126000.0,Pensioner,Secondary / secondary special,Married,House / apartment,0,1,0,0,0,2,0,57,0.0
1418,5088181,F,N,N,0,180000.0,Working,Incomplete higher,Widow,House / apartment,-1897,1,1,1,0,1,0,54,5.0
1419,5104981,F,N,N,0,112500.0,Pensioner,Secondary / secondary special,Separated,Municipal apartment,0,1,0,0,0,1,0,59,0.0
1420,5093248,F,N,Y,0,247500.0,Commercial associate,Higher education,Married,House / apartment,-2980,1,0,0,0,2,0,33,8.0
1421,5145970,F,N,Y,0,112500.0,Pensioner,Secondary / secondary special,Widow,House / apartment,0,1,0,0,0,1,0,63,0.0
1422,5112738,M,Y,Y,0,315000.0,Working,Higher education,Married,House / apartment,-2796,1,0,0,0,2,0,50,8.0
1423,5143219,F,N,Y,0,67500.0,Pensioner,Lower secondary,Single / not married,House / apartment,0,1,0,0,0,1,0,61,0.0
1424,5069007,M,Y,Y,0,337500.0,Working,Higher education,Married,With parents,-1175,1,0,0,0,2,0,29,3.0
1425,5113801,F,N,Y,1,337500.0,Working,Secondary / secondary special,Married,House / apartment,-3329,1,0,0,1,3,0,35,9.0
1426,5054625,F,N,Y,0,112500.0,Pensioner,Secondary / secondary special,Widow,House / apartment,0,1,0,0,0,1,0,60,0.0
1427,5054733,F,N,N,1,157500.0,Commercial associate,Higher education,Married,House / apartment,-1581,1,0,0,0,3,0,30,4.0
1428,5050482,F,N,N,0,292500.0,Commercial associate,Secondary / secondary special,Civil marriage,House / apartment,-10758,1,0,0,0,2,0,51,29.0
1429,5142691,M,Y,N,2,135000.0,State servant,Secondary / secondary special,Married,House / apartment,-6558,1,1,1,0,4,0,38,18.0
1430,5067696,M,Y,Y,0,450000.0,Working,Higher education,Married,House / apartment,-4434,1,0,1,0,2,0,52,12.0
1431,5105577,F,N,N,0,180000.0,Working,Secondary / secondary special,Married,Municipal apartment,-210,1,1,1,0,2,0,33,1.0
1432,5033714,M,N,Y,1,135000.0,Working,Secondary / secondary special,Married,House / apartment,-3032,1,1,1,0,3,0,38,8.0
1433,5062016,F,N,N,0,180000.0,Commercial associate,Secondary / secondary special,Single / not married,House / apartment,-2389,1,0,0,0,1,0,31,7.0
1434,5045798,F,Y,N,0,202500.0,Working,Higher education,Married,House / apartment,-139,1,0,0,0,2,0,25,0.0
1435,5066915,M,Y,Y,0,180000.0,Working,Higher education,Married,With parents,-1467,1,0,0,0,2,0,30,4.0
1436,5088853,F,Y,Y,0,112500.0,Working,Higher education,Married,House / apartment,-2316,1,0,0,1,2,0,31,6.0
1437,5037169,M,Y,Y,0,135000.0,Pensioner,Secondary / secondary special,Married,House / apartment,0,1,0,0,0,2,0,67,0.0
1438,5142752,F,N,N,0,81000.0,Working,Secondary / secondary special,Single / not married,House / apartment,-377,1,1,1,0,1,0,49,1.0
1439,5116056,F,N,N,0,135000.0,Working,Secondary / secondary special,Married,House / apartment,-10762,1,0,0,0,2,0,49,29.0
1440,5143025,M,N,N,0,270000.0,Working,Secondary / secondary special,Married,With parents,-622,1,1,1,0,2,0,32,2.0
1441,5091549,F,N,Y,0,247500.0,Commercial associate,Secondary / secondary special,Married,House / apartment,-2788,1,0,1,0,2,0,34,8.0
1442,5061161,M,Y,Y,3,202500.0,Working,Secondary / secondary special,Married,House / apartment,-3668,1,0,1,0,5,0,36,10.0
1443,5142248,F,N,Y,0,225000.0,State servant,Secondary / secondary special,Married,House / apartment,-2340,1,0,0,0,2,0,54,6.0
1444,5068262,F,N,N,2,157500.0,State servant,Higher education,Married,House / apartment,-5345,1,0,0,0,4,0,35,15.0
1445,5090415,F,Y,N,0,216000.0,Working,Secondary / secondary special,Single / not married,House / apartment,-9925,1,1,1,0,1,0,54,27.0
1447,5068843,F,N,Y,0,135000.0,Working,Secondary / secondary special,Single / not married,House / apartment,-4219,1,1,1,0,1,0,62,12.0
1448,5114166,M,Y,N,1,247500.0,Working,Higher education,Married,House / apartment,-194,1,1,0,1,3,0,25,1.0
1449,5105715,F,N,Y,0,180000.0,Working,Secondary / secondary special,Married,House / apartment,-3010,1,0,0,0,2,0,38,8.0
1450,5105842,M,Y,Y,0,67500.0,Pensioner,Secondary / secondary special,Married,House / apartment,0,1,0,0,0,2,0,63,0.0
1451,5145964,F,N,N,2,130500.0,Working,Secondary / secondary special,Married,House / apartment,-3476,1,0,0,0,4,0,42,10.0
1452,5089658,F,N,N,0,99000.0,Commercial associate,Secondary / secondary special,Single / not married,House / apartment,-370,1,1,0,0,1,0,45,1.0
1453,5068233,M,N,Y,1,112500.0,State servant,Secondary / secondary special,Married,House / apartment,-232,1,0,0,0,3,0,38,1.0
1454,5113259,F,Y,Y,0,247500.0,Working,Secondary / secondary special,Single / not married,With parents,-285,1,0,0,0,1,0,32,1.0
1455,5052622,M,Y,Y,1,180000.0,Commercial associate,Secondary / secondary special,Married,House / apartment,-1994,1,0,1,0,3,0,44,5.0
1456,5137151,F,N,N,0,225000.0,Pensioner,Secondary / secondary special,Married,House / apartment,0,1,0,1,0,2,0,56,0.0
1457,5095423,M,Y,Y,0,405000.0,Working,Higher education,Married,House / apartment,-1830,1,1,0,1,2,0,32,5.0
1458,5058408,M,Y,Y,0,247500.0,Working,Higher education,Married,House / apartment,-2609,1,0,0,0,2,0,35,7.0
1459,5068324,F,N,Y,0,171000.0,Working,Higher education,Married,House / apartment,-3853,1,0,0,0,2,0,50,11.0
1460,5022156,F,Y,Y,2,180000.0,Commercial associate,Higher education,Married,House / apartment,-2866,1,0,1,1,4,0,32,8.0
1461,5137365,M,Y,N,0,337500.0,Working,Secondary / secondary special,Married,House / apartment,-1022,1,0,1,0,2,0,40,3.0
1462,5068811,F,N,Y,0,315000.0,Commercial associate,Secondary / secondary special,Married,House / apartment,-2423,1,0,0,0,2,0,40,7.0
1463,5068238,F,N,Y,0,247500.0,Working,Secondary / secondary special,Married,House / apartment,-2545,1,1,1,0,2,0,31,7.0
1464,5046495,F,N,Y,0,180000.0,Pensioner,Secondary / secondary special,Married,House / apartment,0,1,0,0,0,2,0,59,0.0
1465,5023491,M,Y,Y,0,83250.0,Working,Secondary / secondary special,Married,House / apartment,-6230,1,1,1,1,2,0,56,17.0
1466,5125510,M,N,Y,1,202500.0,Commercial associate,Secondary / secondary special,Married,House / apartment,-104,1,0,1,0,3,0,41,0.0
1467,5113401,M,Y,Y,0,450000.0,Commercial associate,Higher education,Single / not married,House / apartment,-588,1,0,0,1,1,0,30,2.0
1468,5010202,M,Y,Y,0,135000.0,Working,Lower secondary,Married,With parents,-1866,1,0,0,1,2,0,27,5.0
1469,5143175,M,Y,N,0,225000.0,Commercial associate,Secondary / secondary special,Single / not married,House / apartment,-2631,1,0,0,0,1,0,48,7.0
1470,5041739,M,N,Y,1,157500.0,Working,Secondary / secondary special,Married,House / apartment,-367,1,0,0,0,3,0,34,1.0
1471,5048217,M,Y,Y,1,270000.0,Commercial associate,Secondary / secondary special,Married,House / apartment,-857,1,0,0,0,3,0,34,2.0
1472,5091382,F,Y,Y,2,216000.0,Working,Higher education,Married,House / apartment,-4887,1,0,0,0,4,0,35,13.0
1473,5143314,M,N,Y,0,114750.0,Pensioner,Secondary / secondary special,Separated,House / apartment,0,1,0,0,0,1,0,58,0.0
1474,5009918,F,N,Y,2,99000.0,Commercial associate,Higher education,Married,House / apartment,-433,1,0,1,0,4,0,35,1.0
1475,5024238,F,N,Y,0,47250.0,Pensioner,Secondary / secondary special,Married,Municipal apartment,0,1,0,1,0,2,0,59,0.0
1476,5114427,F,N,N,0,49500.0,Pensioner,Secondary / secondary special,Married,House / apartment,0,1,0,0,0,2,0,65,0.0
1477,5091406,F,N,Y,0,135000.0,Working,Secondary / secondary special,Single / not married,House / apartment,-1904,1,1,0,0,1,0,48,5.0
1478,5023816,F,Y,Y,1,225000.0,Commercial associate,Higher education,Married,House / apartment,-803,1,1,1,0,3,0,47,2.0
1479,5126562,F,N,N,0,450000.0,Working,Higher education,Married,House / apartment,-3361,1,0,0,0,2,0,30,9.0
1480,5054775,M,N,Y,0,225000.0,Working,Secondary / secondary special,Married,House / apartment,-1520,1,0,0,0,2,0,59,4.0
1481,5091171,M,N,Y,0,90000.0,Pensioner,Secondary / secondary special,Married,House / apartment,0,1,0,0,0,2,0,66,0.0
1482,5062011,F,N,N,0,180000.0,Commercial associate,Secondary / secondary special,Single / not married,House / apartment,-2389,1,0,0,0,1,0,31,7.0
1483,5062407,F,N,Y,0,103500.0,Pensioner,Secondary / secondary special,Widow,House / apartment,0,1,0,1,0,1,0,66,0.0
1484,5094926,F,Y,Y,0,135000.0,Commercial associate,Secondary / secondary special,Married,House / apartment,-1463,1,1,0,0,2,0,33,4.0
1485,5067312,F,Y,Y,0,225000.0,Pensioner,Secondary / secondary special,Married,House / apartment,0,1,0,0,0,2,0,63,0.0
1486,5125462,M,N,Y,1,112500.0,Working,Secondary / secondary special,Married,House / apartment,-5155,1,0,0,0,3,0,50,14.0
1487,5114240,F,N,N,0,270000.0,Working,Secondary / secondary special,Married,House / apartment,-712,1,1,0,0,2,0,46,2.0
1488,5068367,F,Y,Y,1,270000.0,Working,Secondary / secondary special,Married,House / apartment,-3246,1,0,0,0,3,0,39,9.0
1489,5051120,M,N,N,0,202500.0,State servant,Higher education,Married,House / apartment,-5006,1,0,0,0,2,0,35,14.0
1490,5114348,M,Y,N,0,180000.0,Commercial associate,Secondary / secondary special,Married,Municipal apartment,-2993,1,1,0,0,2,0,27,8.0
1491,5067506,M,N,Y,0,180000.0,Working,Lower secondary,Civil marriage,House / apartment,-2191,1,0,0,0,2,0,36,6.0
1492,5118441,F,Y,N,1,108000.0,Commercial associate,Higher education,Married,House / apartment,-431,1,1,0,0,3,0,44,1.0
1493,5054343,F,Y,N,0,225000.0,Working,Secondary / secondary special,Married,House / apartment,-1064,1,0,1,0,2,0,57,3.0
1494,5009000,M,Y,Y,0,157500.0,Working,Secondary / secondary special,Married,House / apartment,-828,1,0,0,0,2,0,27,2.0
1495,5090302,F,N,Y,0,405000.0,Commercial associate,Secondary / secondary special,Married,House / apartment,-4874,1,0,0,1,2,0,48,13.0
1496,5067299,M,N,Y,0,225000.0,Commercial associate,Secondary / secondary special,Single / not married,House / apartment,-1217,1,0,0,1,1,0,25,3.0
1497,5010344,F,N,N,0,216000.0,Pensioner,Secondary / secondary special,Married,House / apartment,0,1,0,0,0,2,0,63,0.0
1498,5011032,F,N,Y,1,135000.0,Working,Academic degree,Civil marriage,House / apartment,-7557,1,0,1,0,3,0,48,21.0
1499,5038582,F,N,Y,0,112500.0,Pensioner,Secondary / secondary special,Married,House / apartment,0,1,0,0,0,2,0,67,0.0
1500,5067729,F,N,Y,1,135000.0,Commercial associate,Incomplete higher,Married,House / apartment,-2616,1,1,1,0,3,0,28,7.0
1501,5067638,F,N,Y,0,157500.0,Pensioner,Secondary / secondary special,Single / not married,House / apartment,0,1,0,1,0,1,0,63,0.0
1502,5010795,F,N,N,0,45000.0,State servant,Secondary / secondary special,Married,House / apartment,-5334,1,1,1,0,2,0,38,15.0
1503,5116594,M,Y,N,0,157500.0,Working,Higher education,Married,House / apartment,-611,1,0,0,0,2,0,43,2.0
1504,5068310,M,N,Y,1,198000.0,Commercial associate,Incomplete higher,Single / not married,House / apartment,-140,1,0,0,0,2,0,26,0.0
1505,5087880,F,N,N,0,234000.0,State servant,Higher education,Civil marriage,House / apartment,-5215,1,0,0,1,2,0,60,14.0
1506,5125172,F,Y,Y,0,157500.0,Working,Secondary / secondary special,Married,House / apartment,-438,1,0,0,0,2,0,41,1.0
1507,5117190,F,N,Y,3,207000.0,Commercial associate,Secondary / secondary special,Widow,House / apartment,-461,1,1,1,0,4,0,42,1.0
1508,5009798,F,N,N,0,198000.0,Pensioner,Secondary / secondary special,Widow,House / apartment,0,1,0,1,0,1,0,60,0.0
1509,5024077,F,Y,Y,0,157500.0,Pensioner,Secondary / secondary special,Widow,House / apartment,0,1,0,0,0,1,0,56,0.0
1510,5118580,F,Y,Y,0,180000.0,Working,Secondary / secondary special,Married,House / apartment,-1741,1,0,0,0,2,0,36,5.0
1511,5053535,F,N,Y,0,216000.0,Pensioner,Higher education,Single / not married,House / apartment,0,1,0,0,0,1,0,56,0.0
1512,5045070,F,N,N,0,112500.0,Working,Secondary / secondary special,Married,House / apartment,-2533,1,0,0,0,2,0,28,7.0
1513,5062334,F,N,N,0,94500.0,Working,Higher education,Married,House / apartment,-958,1,0,0,0,2,0,25,3.0
1514,5051097,F,N,N,0,69750.0,Pensioner,Secondary / secondary special,Widow,Municipal apartment,0,1,0,1,0,1,0,60,0.0
1515,5021968,F,N,N,1,103500.0,Working,Secondary / secondary special,Married,House / apartment,-1191,1,0,0,0,3,0,32,3.0
1516,5028858,M,Y,Y,1,157500.0,Working,Secondary / secondary special,Married,House / apartment,-3095,1,0,0,0,3,0,38,8.0
1517,5067182,F,N,Y,0,112500.0,Working,Higher education,Married,House / apartment,-820,1,1,0,0,2,0,31,2.0
1518,5112652,F,N,N,0,67500.0,Working,Secondary / secondary special,Married,With parents,-2827,1,1,1,0,2,0,44,8.0
1519,5115523,F,N,Y,3,112500.0,Working,Secondary / secondary special,Married,House / apartment,-3693,1,0,0,0,5,0,36,10.0
1520,5105069,M,N,Y,0,157500.0,Working,Incomplete higher,Married,House / apartment,-453,1,1,1,0,2,0,37,1.0
1521,5079127,M,N,Y,0,270000.0,Working,Higher education,Married,House / apartment,-2262,1,0,0,0,2,0,33,6.0
1522,5088689,M,N,Y,1,135000.0,Working,Secondary / secondary special,Married,House / apartment,-1473,1,1,1,0,3,0,51,4.0
1523,5132784,M,Y,Y,0,112500.0,Working,Secondary / secondary special,Single / not married,House / apartment,-195,1,1,0,0,1,0,24,1.0
1524,5048458,F,Y,Y,1,126000.0,Working,Higher education,Married,House / apartment,-157,1,0,0,0,3,0,26,0.0
1525,5023719,F,Y,Y,0,175500.0,Pensioner,Higher education,Married,House / apartment,0,1,0,1,0,2,0,60,0.0
1526,5065477,M,N,N,1,148500.0,Working,Secondary / secondary special,Married,House / apartment,-109,1,0,0,0,3,0,37,0.0
1527,5024096,F,Y,N,0,126000.0,State servant,Incomplete higher,Single / not married,House / apartment,-5206,1,1,0,0,1,0,33,14.0
1528,5033520,F,Y,Y,3,180000.0,Working,Secondary / secondary special,Married,Municipal apartment,-5862,1,0,1,0,5,0,34,16.0
1529,5028612,M,Y,Y,0,225000.0,Commercial associate,Higher education,Single / not married,With parents,-2152,1,0,1,0,1,0,29,6.0
1530,5089954,M,N,Y,1,126000.0,Commercial associate,Secondary / secondary special,Civil marriage,House / apartment,-2105,1,0,0,0,3,0,35,6.0
1531,5048642,F,N,N,0,157500.0,Pensioner,Secondary / secondary special,Separated,House / apartment,0,1,0,0,0,1,0,66,0.0
1532,5125261,M,N,Y,0,157500.0,Commercial associate,Higher education,Married,House / apartment,-1200,1,1,1,0,2,0,42,3.0
1533,5100133,M,Y,Y,2,270000.0,Commercial associate,Higher education,Married,House / apartment,-1891,1,0,0,0,4,0,38,5.0
1534,5096856,M,Y,Y,0,180000.0,Commercial associate,Secondary / secondary special,Married,House / apartment,-3476,1,0,0,0,2,0,49,10.0
1535,5089719,F,N,N,0,144000.0,Working,Secondary / secondary special,Married,House / apartment,-4662,1,0,1,0,2,0,55,13.0
1536,5033447,F,Y,N,0,112500.0,Commercial associate,Higher education,Married,House / apartment,-657,1,0,0,0,2,0,30,2.0
1537,5090942,M,N,N,0,225000.0,Commercial associate,Secondary / secondary special,Married,House / apartment,-1436,1,0,0,0,2,0,37,4.0
1538,5125816,F,Y,N,0,450000.0,Pensioner,Higher education,Married,House / apartment,-5521,1,1,1,0,2,0,54,15.0
1539,5149946,F,N,Y,0,180000.0,Working,Higher education,Married,House / apartment,-686,1,1,1,0,2,0,61,2.0
1540,5024049,F,Y,Y,1,144000.0,Working,Higher education,Married,House / apartment,-2924,1,0,0,0,3,0,35,8.0
1542,5118268,M,Y,N,1,360000.0,State servant,Secondary / secondary special,Married,House / apartment,-3536,1,0,1,0,3,0,31,10.0
1544,5023655,F,N,N,0,225000.0,Commercial associate,Incomplete higher,Single / not married,House / apartment,-1209,1,0,0,0,1,0,28,3.0
1545,5115992,M,Y,Y,2,180000.0,Working,Higher education,Married,House / apartment,-2477,1,0,0,0,4,0,36,7.0
1546,5118219,M,Y,N,0,270000.0,Working,Secondary / secondary special,Civil marriage,House / apartment,-645,1,1,1,0,2,0,42,2.0
1547,5053790,F,Y,Y,0,225000.0,Working,Higher education,Married,House / apartment,-2859,1,0,0,0,2,0,45,8.0
