[0m22:33:49.253245 [debug] [MainThread]: Sending event: {'category': 'dbt', 'action': 'invocation', 'label': 'start', 'context': [<snowplow_tracker.self_describing_json.SelfDescribingJson object at 0x000001D2BC3179E0>, <snowplow_tracker.self_describing_json.SelfDescribingJson object at 0x000001D2BCAEF050>, <snowplow_tracker.self_describing_json.SelfDescribingJson object at 0x000001D2BF1D53D0>]}


============================== 22:33:49.265401 | 5d8ecf0d-2454-4281-ab3b-5a65df401239 ==============================
[0m22:33:49.265401 [info ] [MainThread]: Running with dbt=1.11.2
[0m22:33:49.265401 [debug] [MainThread]: running dbt with arguments {'static_parser': 'True', 'no_print': 'None', 'version_check': 'True', 'target_path': 'None', 'warn_error_options': 'WarnErrorOptionsV2(error=[], warn=[], silence=[])', 'printer_width': '80', 'write_json': 'True', 'empty': 'False', 'log_cache_events': 'False', 'introspect': 'True', 'cache_selected_only': 'False', 'log_format': 'default', 'debug': 'False', 'fail_fast': 'False', 'partial_parse': 'True', 'send_anonymous_usage_stats': 'True', 'quiet': 'False', 'warn_error': 'None', 'profiles_dir': '.', 'indirect_selection': 'eager', 'invocation_command': 'dbt run --profiles-dir .', 'use_colors': 'True', 'use_experimental_parser': 'False', 'log_path': 'logs'}
[0m22:33:49.267414 [error] [MainThread]: Encountered an error:
Runtime Error
  No dbt_project.yml found at expected path C:\Users\bey77\OneDrive\Desktop\Projects\FinanceProj\Credit Card Approval Model\my_dbt_project\dbt_project.yml
  Verify that each entry within packages.yml (and their transitive dependencies) contains a file named dbt_project.yml
  
[0m22:33:49.269926 [debug] [MainThread]: Command `dbt run` failed at 22:33:49.269926 after 0.17 seconds
[0m22:33:49.269926 [debug] [MainThread]: Sending event: {'category': 'dbt', 'action': 'invocation', 'label': 'end', 'context': [<snowplow_tracker.self_describing_json.SelfDescribingJson object at 0x000001D2BEB0A4E0>, <snowplow_tracker.self_describing_json.SelfDescribingJson object at 0x000001D2BF622330>, <snowplow_tracker.self_describing_json.SelfDescribingJson object at 0x000001D2BC3179E0>]}
[0m22:33:49.269926 [debug] [MainThread]: Flushing usage events
[0m22:33:49.595523 [debug] [MainThread]: An error was encountered while trying to flush usage events
[0m22:39:49.490926 [debug] [MainThread]: Sending event: {'category': 'dbt', 'action': 'invocation', 'label': 'start', 'context': [<snowplow_tracker.self_describing_json.SelfDescribingJson object at 0x000001A29D067530>, <snowplow_tracker.self_describing_json.SelfDescribingJson object at 0x000001A29CC792E0>, <snowplow_tracker.self_describing_json.SelfDescribingJson object at 0x000001A29A2B62A0>]}


============================== 22:39:49.501410 | 0b85ec80-5f09-4a86-b896-26917e78b2de ==============================
[0m22:39:49.501410 [info ] [MainThread]: Running with dbt=1.11.2
[0m22:39:49.501410 [debug] [MainThread]: running dbt with arguments {'static_parser': 'True', 'no_print': 'None', 'version_check': 'True', 'target_path': 'None', 'warn_error_options': 'WarnErrorOptionsV2(error=[], warn=[], silence=[])', 'printer_width': '80', 'write_json': 'True', 'introspect': 'True', 'log_cache_events': 'False', 'empty': 'False', 'cache_selected_only': 'False', 'log_format': 'default', 'debug': 'False', 'fail_fast': 'False', 'partial_parse': 'True', 'send_anonymous_usage_stats': 'True', 'quiet': 'False', 'warn_error': 'None', 'profiles_dir': '.', 'invocation_command': 'dbt run --profiles-dir .', 'use_colors': 'True', 'indirect_selection': 'eager', 'use_experimental_parser': 'False', 'log_path': 'C:\\Users\\bey77\\OneDrive\\Desktop\\Projects\\FinanceProj\\Credit Card Approval Model\\my_dbt_project\\logs'}
[0m22:39:49.501410 [error] [MainThread]: Encountered an error:
Runtime Error
  Could not find profile named 'default'
[0m22:39:49.501410 [debug] [MainThread]: Command `dbt run` failed at 22:39:49.501410 after 0.16 seconds
[0m22:39:49.501410 [debug] [MainThread]: Sending event: {'category': 'dbt', 'action': 'invocation', 'label': 'end', 'context': [<snowplow_tracker.self_describing_json.SelfDescribingJson object at 0x000001A29D154D70>, <snowplow_tracker.self_describing_json.SelfDescribingJson object at 0x000001A29E684320>, <snowplow_tracker.self_describing_json.SelfDescribingJson object at 0x000001A29D4B7650>]}
[0m22:39:49.505604 [debug] [MainThread]: Flushing usage events
[0m22:39:49.846072 [debug] [MainThread]: An error was encountered while trying to flush usage events
[0m22:40:40.356094 [debug] [MainThread]: Sending event: {'category': 'dbt', 'action': 'invocation', 'label': 'start', 'context': [<snowplow_tracker.self_describing_json.SelfDescribingJson object at 0x000001F696EF7620>, <snowplow_tracker.self_describing_json.SelfDescribingJson object at 0x000001F696EF5190>, <snowplow_tracker.self_describing_json.SelfDescribingJson object at 0x000001F6942D8230>]}


============================== 22:40:40.363645 | 38e9041a-73cd-4dc4-9bcf-e2b2a5e9a44c ==============================
[0m22:40:40.363645 [info ] [MainThread]: Running with dbt=1.11.2
[0m22:40:40.364258 [debug] [MainThread]: running dbt with arguments {'version_check': 'True', 'no_print': 'None', 'static_parser': 'True', 'warn_error_options': 'WarnErrorOptionsV2(error=[], warn=[], silence=[])', 'target_path': 'None', 'printer_width': '80', 'write_json': 'True', 'empty': 'False', 'log_cache_events': 'False', 'introspect': 'True', 'cache_selected_only': 'False', 'fail_fast': 'False', 'debug': 'False', 'log_format': 'default', 'partial_parse': 'True', 'send_anonymous_usage_stats': 'True', 'quiet': 'False', 'warn_error': 'None', 'profiles_dir': '.', 'use_colors': 'True', 'indirect_selection': 'eager', 'invocation_command': 'dbt run --profiles-dir .', 'use_experimental_parser': 'False', 'log_path': 'C:\\Users\\bey77\\OneDrive\\Desktop\\Projects\\FinanceProj\\Credit Card Approval Model\\my_dbt_project\\logs'}
[0m22:40:40.366374 [error] [MainThread]: Encountered an error:
Runtime Error
  Could not find profile named 'credit_pipeline'
[0m22:40:40.368343 [debug] [MainThread]: Command `dbt run` failed at 22:40:40.367758 after 0.18 seconds
[0m22:40:40.368343 [debug] [MainThread]: Sending event: {'category': 'dbt', 'action': 'invocation', 'label': 'end', 'context': [<snowplow_tracker.self_describing_json.SelfDescribingJson object at 0x000001F69682A720>, <snowplow_tracker.self_describing_json.SelfDescribingJson object at 0x000001F6973426F0>, <snowplow_tracker.self_describing_json.SelfDescribingJson object at 0x000001F6972FD8B0>]}
[0m22:40:40.368970 [debug] [MainThread]: Flushing usage events
[0m22:40:40.557285 [debug] [MainThread]: An error was encountered while trying to flush usage events
[0m22:42:28.214179 [debug] [MainThread]: Sending event: {'category': 'dbt', 'action': 'invocation', 'label': 'start', 'context': [<snowplow_tracker.self_describing_json.SelfDescribingJson object at 0x000001C5AB0677D0>, <snowplow_tracker.self_describing_json.SelfDescribingJson object at 0x000001C5AB064B60>, <snowplow_tracker.self_describing_json.SelfDescribingJson object at 0x000001C5A9099E50>]}


============================== 22:42:28.221438 | da79e8a3-294b-4bc5-8ac8-2ead577cacec ==============================
[0m22:42:28.221438 [info ] [MainThread]: Running with dbt=1.11.2
[0m22:42:28.221438 [debug] [MainThread]: running dbt with arguments {'version_check': 'True', 'no_print': 'None', 'static_parser': 'True', 'warn_error_options': 'WarnErrorOptionsV2(error=[], warn=[], silence=[])', 'target_path': 'None', 'printer_width': '80', 'write_json': 'True', 'empty': 'False', 'log_cache_events': 'False', 'introspect': 'True', 'cache_selected_only': 'False', 'fail_fast': 'False', 'debug': 'False', 'log_format': 'default', 'profiles_dir': '.', 'send_anonymous_usage_stats': 'True', 'quiet': 'False', 'warn_error': 'None', 'partial_parse': 'True', 'use_colors': 'True', 'indirect_selection': 'eager', 'invocation_command': 'dbt run --profiles-dir .', 'use_experimental_parser': 'False', 'log_path': 'C:\\Users\\bey77\\OneDrive\\Desktop\\Projects\\FinanceProj\\Credit Card Approval Model\\my_dbt_project\\logs'}
[0m22:42:28.224507 [info ] [MainThread]: Error importing adapter: No module named 'dbt.adapters.sqlite'
[0m22:42:28.226519 [error] [MainThread]: Encountered an error:
Runtime Error
  Credentials in profile "credit_pipeline", target "dev" invalid: Runtime Error
    Could not find adapter type sqlite!
[0m22:42:28.227374 [debug] [MainThread]: Command `dbt run` failed at 22:42:28.227374 after 0.15 seconds
[0m22:42:28.228301 [debug] [MainThread]: Sending event: {'category': 'dbt', 'action': 'invocation', 'label': 'end', 'context': [<snowplow_tracker.self_describing_json.SelfDescribingJson object at 0x000001C5ABC07740>, <snowplow_tracker.self_describing_json.SelfDescribingJson object at 0x000001C5A5655B80>, <snowplow_tracker.self_describing_json.SelfDescribingJson object at 0x000001C5AB9DB1A0>]}
[0m22:42:28.228301 [debug] [MainThread]: Flushing usage events
[0m22:42:28.418650 [debug] [MainThread]: An error was encountered while trying to flush usage events
[0m22:43:13.614771 [debug] [MainThread]: Sending event: {'category': 'dbt', 'action': 'invocation', 'label': 'start', 'context': [<snowplow_tracker.self_describing_json.SelfDescribingJson object at 0x000001F7330211C0>, <snowplow_tracker.self_describing_json.SelfDescribingJson object at 0x000001F735DEA000>, <snowplow_tracker.self_describing_json.SelfDescribingJson object at 0x000001F735DE92B0>]}


============================== 22:43:13.622308 | c72b0301-e003-446a-b392-6b68ac2899d5 ==============================
[0m22:43:13.622308 [info ] [MainThread]: Running with dbt=1.11.2
[0m22:43:13.623653 [debug] [MainThread]: running dbt with arguments {'static_parser': 'True', 'no_print': 'None', 'version_check': 'True', 'target_path': 'None', 'warn_error_options': 'WarnErrorOptionsV2(error=[], warn=[], silence=[])', 'printer_width': '80', 'write_json': 'True', 'empty': 'False', 'log_cache_events': 'False', 'introspect': 'True', 'cache_selected_only': 'False', 'fail_fast': 'False', 'debug': 'False', 'log_format': 'default', 'partial_parse': 'True', 'send_anonymous_usage_stats': 'True', 'quiet': 'False', 'warn_error': 'None', 'profiles_dir': '.', 'use_colors': 'True', 'invocation_command': 'dbt run --profiles-dir .', 'indirect_selection': 'eager', 'use_experimental_parser': 'False', 'log_path': 'C:\\Users\\bey77\\OneDrive\\Desktop\\Projects\\FinanceProj\\Credit Card Approval Model\\my_dbt_project\\logs'}
[0m22:43:13.646897 [error] [MainThread]: Encountered an error:
Runtime Error
  Credentials in profile "credit_pipeline", target "dev" invalid: 'schemas_and_paths' is a required property
[0m22:43:13.646897 [debug] [MainThread]: Command `dbt run` failed at 22:43:13.646897 after 0.20 seconds
[0m22:43:13.646897 [debug] [MainThread]: Sending event: {'category': 'dbt', 'action': 'invocation', 'label': 'end', 'context': [<snowplow_tracker.self_describing_json.SelfDescribingJson object at 0x000001F73736ACF0>, <snowplow_tracker.self_describing_json.SelfDescribingJson object at 0x000001F7356E6600>, <snowplow_tracker.self_describing_json.SelfDescribingJson object at 0x000001F7362206B0>]}
[0m22:43:13.646897 [debug] [MainThread]: Flushing usage events
[0m22:43:14.068130 [debug] [MainThread]: An error was encountered while trying to flush usage events
[0m22:44:42.711499 [debug] [MainThread]: Sending event: {'category': 'dbt', 'action': 'invocation', 'label': 'start', 'context': [<snowplow_tracker.self_describing_json.SelfDescribingJson object at 0x000001B5D430C5C0>, <snowplow_tracker.self_describing_json.SelfDescribingJson object at 0x000001B5D6F55580>, <snowplow_tracker.self_describing_json.SelfDescribingJson object at 0x000001B5D6F565A0>]}


============================== 22:44:42.722850 | a272e8f5-2a33-477f-9935-2b05cf313b2e ==============================
[0m22:44:42.722850 [info ] [MainThread]: Running with dbt=1.11.2
[0m22:44:42.722850 [debug] [MainThread]: running dbt with arguments {'static_parser': 'True', 'no_print': 'None', 'version_check': 'True', 'target_path': 'None', 'warn_error_options': 'WarnErrorOptionsV2(error=[], warn=[], silence=[])', 'printer_width': '80', 'write_json': 'True', 'empty': 'False', 'log_cache_events': 'False', 'introspect': 'True', 'cache_selected_only': 'False', 'log_format': 'default', 'debug': 'False', 'fail_fast': 'False', 'partial_parse': 'True', 'send_anonymous_usage_stats': 'True', 'quiet': 'False', 'warn_error': 'None', 'profiles_dir': '.', 'invocation_command': 'dbt run --profiles-dir .', 'indirect_selection': 'eager', 'use_colors': 'True', 'use_experimental_parser': 'False', 'log_path': 'C:\\Users\\bey77\\OneDrive\\Desktop\\Projects\\FinanceProj\\Credit Card Approval Model\\my_dbt_project\\logs'}
[0m22:44:42.749318 [error] [MainThread]: Encountered an error:
Runtime Error
  Credentials in profile "credit_pipeline", target "dev" invalid: 'schema' is a required property
[0m22:44:42.753420 [debug] [MainThread]: Command `dbt run` failed at 22:44:42.753420 after 0.22 seconds
[0m22:44:42.753420 [debug] [MainThread]: Sending event: {'category': 'dbt', 'action': 'invocation', 'label': 'end', 'context': [<snowplow_tracker.self_describing_json.SelfDescribingJson object at 0x000001B5D6FB9280>, <snowplow_tracker.self_describing_json.SelfDescribingJson object at 0x000001B5D73F5070>, <snowplow_tracker.self_describing_json.SelfDescribingJson object at 0x000001B5D6C95880>]}
[0m22:44:42.753420 [debug] [MainThread]: Flushing usage events
[0m22:44:42.985999 [debug] [MainThread]: An error was encountered while trying to flush usage events
[0m22:45:15.210506 [debug] [MainThread]: Sending event: {'category': 'dbt', 'action': 'invocation', 'label': 'start', 'context': [<snowplow_tracker.self_describing_json.SelfDescribingJson object at 0x00000164E0BA9FA0>, <snowplow_tracker.self_describing_json.SelfDescribingJson object at 0x00000164E0D6D490>, <snowplow_tracker.self_describing_json.SelfDescribingJson object at 0x00000164DFFBAB40>]}


============================== 22:45:15.219823 | dade4de7-5b02-44b7-8d6e-413e0471b6f1 ==============================
[0m22:45:15.219823 [info ] [MainThread]: Running with dbt=1.11.2
[0m22:45:15.220349 [debug] [MainThread]: running dbt with arguments {'version_check': 'True', 'no_print': 'None', 'static_parser': 'True', 'warn_error_options': 'WarnErrorOptionsV2(error=[], warn=[], silence=[])', 'target_path': 'None', 'printer_width': '80', 'write_json': 'True', 'introspect': 'True', 'log_cache_events': 'False', 'empty': 'False', 'cache_selected_only': 'False', 'log_format': 'default', 'debug': 'False', 'fail_fast': 'False', 'partial_parse': 'True', 'send_anonymous_usage_stats': 'True', 'quiet': 'False', 'warn_error': 'None', 'profiles_dir': '.', 'use_colors': 'True', 'indirect_selection': 'eager', 'invocation_command': 'dbt run --profiles-dir .', 'use_experimental_parser': 'False', 'log_path': 'C:\\Users\\bey77\\OneDrive\\Desktop\\Projects\\FinanceProj\\Credit Card Approval Model\\my_dbt_project\\logs'}
[0m22:45:15.240285 [error] [MainThread]: Encountered an error:
Runtime Error
  Credentials in profile "credit_pipeline", target "dev" invalid: 'schemas_and_paths' is a required property
[0m22:45:15.240285 [debug] [MainThread]: Command `dbt run` failed at 22:45:15.240285 after 0.15 seconds
[0m22:45:15.240285 [debug] [MainThread]: Sending event: {'category': 'dbt', 'action': 'invocation', 'label': 'end', 'context': [<snowplow_tracker.self_describing_json.SelfDescribingJson object at 0x00000164E0F985F0>, <snowplow_tracker.self_describing_json.SelfDescribingJson object at 0x00000164E21BDB50>, <snowplow_tracker.self_describing_json.SelfDescribingJson object at 0x00000164E07905C0>]}
[0m22:45:15.240285 [debug] [MainThread]: Flushing usage events
[0m22:45:15.630422 [debug] [MainThread]: An error was encountered while trying to flush usage events
[0m22:45:28.944532 [debug] [MainThread]: Sending event: {'category': 'dbt', 'action': 'invocation', 'label': 'start', 'context': [<snowplow_tracker.self_describing_json.SelfDescribingJson object at 0x0000022E67953860>, <snowplow_tracker.self_describing_json.SelfDescribingJson object at 0x0000022E64D3C590>, <snowplow_tracker.self_describing_json.SelfDescribingJson object at 0x0000022E67980110>]}


============================== 22:45:28.950937 | a31cb285-5f89-4260-adfb-a6a7fc4aac6d ==============================
[0m22:45:28.950937 [info ] [MainThread]: Running with dbt=1.11.2
[0m22:45:28.950937 [debug] [MainThread]: running dbt with arguments {'version_check': 'True', 'no_print': 'None', 'static_parser': 'True', 'target_path': 'None', 'warn_error_options': 'WarnErrorOptionsV2(error=[], warn=[], silence=[])', 'printer_width': '80', 'write_json': 'True', 'empty': 'False', 'log_cache_events': 'False', 'introspect': 'True', 'cache_selected_only': 'False', 'log_format': 'default', 'debug': 'False', 'fail_fast': 'False', 'profiles_dir': '.', 'send_anonymous_usage_stats': 'True', 'quiet': 'False', 'warn_error': 'None', 'partial_parse': 'True', 'invocation_command': 'dbt run --profiles-dir .', 'use_colors': 'True', 'indirect_selection': 'eager', 'use_experimental_parser': 'False', 'log_path': 'C:\\Users\\bey77\\OneDrive\\Desktop\\Projects\\FinanceProj\\Credit Card Approval Model\\my_dbt_project\\logs'}
[0m22:45:28.981462 [error] [MainThread]: Encountered an error:
Runtime Error
  Credentials in profile "credit_pipeline", target "dev" invalid: 'schema_directory' is a required property
[0m22:45:28.983077 [debug] [MainThread]: Command `dbt run` failed at 22:45:28.983077 after 0.23 seconds
[0m22:45:28.983585 [debug] [MainThread]: Sending event: {'category': 'dbt', 'action': 'invocation', 'label': 'end', 'context': [<snowplow_tracker.self_describing_json.SelfDescribingJson object at 0x0000022E67DD84A0>, <snowplow_tracker.self_describing_json.SelfDescribingJson object at 0x0000022E67E25700>, <snowplow_tracker.self_describing_json.SelfDescribingJson object at 0x0000022E64D3C590>]}
[0m22:45:28.983585 [debug] [MainThread]: Flushing usage events
[0m22:45:29.112783 [debug] [MainThread]: An error was encountered while trying to flush usage events
[0m22:46:09.935064 [debug] [MainThread]: Sending event: {'category': 'dbt', 'action': 'invocation', 'label': 'start', 'context': [<snowplow_tracker.self_describing_json.SelfDescribingJson object at 0x0000021F291CC590>, <snowplow_tracker.self_describing_json.SelfDescribingJson object at 0x0000021F2BD5A870>, <snowplow_tracker.self_describing_json.SelfDescribingJson object at 0x0000021F290C6510>]}


============================== 22:46:09.943108 | 0ea3b885-ae6d-48bc-90f5-b1804173b537 ==============================
[0m22:46:09.943108 [info ] [MainThread]: Running with dbt=1.11.2
[0m22:46:09.945642 [debug] [MainThread]: running dbt with arguments {'version_check': 'True', 'no_print': 'None', 'static_parser': 'True', 'target_path': 'None', 'warn_error_options': 'WarnErrorOptionsV2(error=[], warn=[], silence=[])', 'printer_width': '80', 'write_json': 'True', 'empty': 'False', 'log_cache_events': 'False', 'introspect': 'True', 'cache_selected_only': 'False', 'log_format': 'default', 'debug': 'False', 'fail_fast': 'False', 'profiles_dir': '.', 'send_anonymous_usage_stats': 'True', 'quiet': 'False', 'warn_error': 'None', 'partial_parse': 'True', 'indirect_selection': 'eager', 'use_colors': 'True', 'invocation_command': 'dbt run --profiles-dir .', 'use_experimental_parser': 'False', 'log_path': 'C:\\Users\\bey77\\OneDrive\\Desktop\\Projects\\FinanceProj\\Credit Card Approval Model\\my_dbt_project\\logs'}
[0m22:46:10.122720 [debug] [MainThread]: Sending event: {'category': 'dbt', 'action': 'project_id', 'label': '0ea3b885-ae6d-48bc-90f5-b1804173b537', 'context': [<snowplow_tracker.self_describing_json.SelfDescribingJson object at 0x0000021F2B807AA0>]}
[0m22:46:10.198404 [debug] [MainThread]: Sending event: {'category': 'dbt', 'action': 'adapter_info', 'label': '0ea3b885-ae6d-48bc-90f5-b1804173b537', 'context': [<snowplow_tracker.self_describing_json.SelfDescribingJson object at 0x0000021F2D48B830>]}
[0m22:46:10.199613 [info ] [MainThread]: Registered adapter: sqlite=1.10.0
[0m22:46:10.579136 [debug] [MainThread]: checksum: 3d40d8bbe1bef07db1c24822f2dbfff8bc07f2a48ed4fe2658a40653aec0b54b, vars: {}, profile: , target: , version: 1.11.2
[0m22:46:10.580372 [info ] [MainThread]: Unable to do partial parsing because saved manifest not found. Starting full parse.
[0m22:46:10.581007 [debug] [MainThread]: Sending event: {'category': 'dbt', 'action': 'partial_parser', 'label': '0ea3b885-ae6d-48bc-90f5-b1804173b537', 'context': [<snowplow_tracker.self_describing_json.SelfDescribingJson object at 0x0000021F2D956720>]}
[0m22:46:14.003016 [warn ] [MainThread]: [[33mWARNING[0m]: Configuration paths exist in your dbt_project.yml file which do not apply to any resources.
There are 1 unused configuration paths:
- models.my_dbt_project.example
[0m22:46:14.010042 [debug] [MainThread]: Sending event: {'category': 'dbt', 'action': 'load_project', 'label': '0ea3b885-ae6d-48bc-90f5-b1804173b537', 'context': [<snowplow_tracker.self_describing_json.SelfDescribingJson object at 0x0000021F2DDF31A0>]}
[0m22:46:14.059476 [debug] [MainThread]: Wrote artifact WritableManifest to C:\Users\bey77\OneDrive\Desktop\Projects\FinanceProj\Credit Card Approval Model\my_dbt_project\target\manifest.json
[0m22:46:14.063662 [debug] [MainThread]: Wrote artifact SemanticManifest to C:\Users\bey77\OneDrive\Desktop\Projects\FinanceProj\Credit Card Approval Model\my_dbt_project\target\semantic_manifest.json
[0m22:46:14.132286 [debug] [MainThread]: Sending event: {'category': 'dbt', 'action': 'resource_counts', 'label': '0ea3b885-ae6d-48bc-90f5-b1804173b537', 'context': [<snowplow_tracker.self_describing_json.SelfDescribingJson object at 0x0000021F2DDDC980>]}
[0m22:46:14.133423 [info ] [MainThread]: Found 2 models, 1 source, 416 macros
[0m22:46:14.133979 [debug] [MainThread]: Sending event: {'category': 'dbt', 'action': 'runnable_timing', 'label': '0ea3b885-ae6d-48bc-90f5-b1804173b537', 'context': [<snowplow_tracker.self_describing_json.SelfDescribingJson object at 0x0000021F2DDF3B00>]}
[0m22:46:14.133979 [info ] [MainThread]: 
[0m22:46:14.133979 [info ] [MainThread]: Concurrency: 1 threads (target='dev')
[0m22:46:14.133979 [info ] [MainThread]: 
[0m22:46:14.133979 [debug] [MainThread]: Acquiring new sqlite connection 'master'
[0m22:46:14.145004 [debug] [ThreadPool]: Acquiring new sqlite connection 'list_warehouse.db'
[0m22:46:18.686991 [debug] [ThreadPool]: Using sqlite connection "list_warehouse.db"
[0m22:46:18.686991 [debug] [ThreadPool]: On list_warehouse.db: BEGIN
[0m22:46:18.686991 [debug] [ThreadPool]: Opening a new connection, currently in state init
[0m22:46:18.694277 [debug] [ThreadPool]: SQL status: OK in 0.007 seconds
[0m22:46:18.695274 [debug] [ThreadPool]: Using sqlite connection "list_warehouse.db"
[0m22:46:18.695773 [debug] [ThreadPool]: On list_warehouse.db: /* {"app": "dbt", "dbt_version": "1.11.2", "profile_name": "credit_pipeline", "target_name": "dev", "connection_name": "list_warehouse.db"} */

        pragma database_list
    
[0m22:46:18.695773 [debug] [ThreadPool]: SQL status: OK in 0.000 seconds
[0m22:46:18.696876 [debug] [ThreadPool]: On list_warehouse.db: ROLLBACK
[0m22:46:18.696876 [debug] [ThreadPool]: On list_warehouse.db: Close
[0m22:46:18.698875 [debug] [ThreadPool]: Acquiring new sqlite connection 'list_warehouse.db_main'
[0m22:46:18.704459 [debug] [ThreadPool]: Using sqlite connection "list_warehouse.db_main"
[0m22:46:18.705461 [debug] [ThreadPool]: On list_warehouse.db_main: BEGIN
[0m22:46:18.705973 [debug] [ThreadPool]: Opening a new connection, currently in state init
[0m22:46:18.705973 [debug] [ThreadPool]: SQL status: OK in 0.001 seconds
[0m22:46:18.706979 [debug] [ThreadPool]: Using sqlite connection "list_warehouse.db_main"
[0m22:46:18.706979 [debug] [ThreadPool]: On list_warehouse.db_main: /* {"app": "dbt", "dbt_version": "1.11.2", "profile_name": "credit_pipeline", "target_name": "dev", "connection_name": "list_warehouse.db_main"} */

        pragma database_list
    
[0m22:46:18.706979 [debug] [ThreadPool]: SQL status: OK in 0.000 seconds
[0m22:46:18.707978 [debug] [ThreadPool]: Using sqlite connection "list_warehouse.db_main"
[0m22:46:18.707978 [debug] [ThreadPool]: On list_warehouse.db_main: /* {"app": "dbt", "dbt_version": "1.11.2", "profile_name": "credit_pipeline", "target_name": "dev", "connection_name": "list_warehouse.db_main"} */

            SELECT
                'warehouse.db' as database
                ,name
                ,'main' AS schema
                ,type as data_type
            FROM
                main.sqlite_master
            WHERE
                name NOT LIKE 'sqlite_%'
        
[0m22:46:18.710008 [debug] [ThreadPool]: SQL status: OK in 0.002 seconds
[0m22:46:18.711840 [debug] [ThreadPool]: On list_warehouse.db_main: ROLLBACK
[0m22:46:18.711840 [debug] [ThreadPool]: On list_warehouse.db_main: Close
[0m22:46:18.711840 [debug] [MainThread]: Sending event: {'category': 'dbt', 'action': 'runnable_timing', 'label': '0ea3b885-ae6d-48bc-90f5-b1804173b537', 'context': [<snowplow_tracker.self_describing_json.SelfDescribingJson object at 0x0000021F2DE4B9E0>]}
[0m22:46:18.711840 [debug] [MainThread]: Using sqlite connection "master"
[0m22:46:18.711840 [debug] [MainThread]: On master: BEGIN
[0m22:46:18.713503 [debug] [MainThread]: Opening a new connection, currently in state init
[0m22:46:18.713503 [debug] [MainThread]: SQL status: OK in 0.001 seconds
[0m22:46:18.713503 [debug] [MainThread]: On master: COMMIT
[0m22:46:18.714510 [debug] [MainThread]: Using sqlite connection "master"
[0m22:46:18.714510 [debug] [MainThread]: On master: COMMIT
[0m22:46:18.714510 [debug] [MainThread]: SQL status: OK in 0.000 seconds
[0m22:46:18.714510 [debug] [MainThread]: On master: Close
[0m22:46:18.740854 [debug] [Thread-1 (]: Began running node model.my_dbt_project.credit_risk
[0m22:46:18.741923 [info ] [Thread-1 (]: 1 of 2 START sql view model main.credit_risk ................................... [RUN]
[0m22:46:18.741923 [debug] [Thread-1 (]: Acquiring new sqlite connection 'model.my_dbt_project.credit_risk'
[0m22:46:18.741923 [debug] [Thread-1 (]: Began compiling node model.my_dbt_project.credit_risk
[0m22:46:18.746949 [debug] [Thread-1 (]: Writing injected SQL for node "model.my_dbt_project.credit_risk"
[0m22:46:18.747957 [debug] [Thread-1 (]: Began executing node model.my_dbt_project.credit_risk
[0m22:46:18.763323 [debug] [Thread-1 (]: Writing runtime sql for node "model.my_dbt_project.credit_risk"
[0m22:46:18.766404 [debug] [Thread-1 (]: Using sqlite connection "model.my_dbt_project.credit_risk"
[0m22:46:18.766404 [debug] [Thread-1 (]: On model.my_dbt_project.credit_risk: BEGIN
[0m22:46:18.766404 [debug] [Thread-1 (]: Opening a new connection, currently in state init
[0m22:46:18.768001 [debug] [Thread-1 (]: SQL status: OK in 0.001 seconds
[0m22:46:18.768001 [debug] [Thread-1 (]: Using sqlite connection "model.my_dbt_project.credit_risk"
[0m22:46:18.768001 [debug] [Thread-1 (]: On model.my_dbt_project.credit_risk: /* {"app": "dbt", "dbt_version": "1.11.2", "profile_name": "credit_pipeline", "target_name": "dev", "node_id": "model.my_dbt_project.credit_risk"} */

    
    create view main."credit_risk" as
    -- income per child
-- annual income / # of children

SELECT Ind_ID, Annual_income, children,
CASE 
    WHEN children > 0 THEN Annual_income / children
    ELSE NULL
END AS income_per_child
FROM raw_credit_data;
[0m22:46:18.768001 [debug] [Thread-1 (]: SQL status: OK in 0.003 seconds
[0m22:46:18.773530 [debug] [Thread-1 (]: On model.my_dbt_project.credit_risk: COMMIT
[0m22:46:18.778569 [debug] [Thread-1 (]: Using sqlite connection "model.my_dbt_project.credit_risk"
[0m22:46:18.778569 [debug] [Thread-1 (]: On model.my_dbt_project.credit_risk: COMMIT
[0m22:46:18.784159 [debug] [Thread-1 (]: SQL status: OK in 0.005 seconds
[0m22:46:18.786158 [debug] [Thread-1 (]: On model.my_dbt_project.credit_risk: Close
[0m22:46:18.788673 [debug] [Thread-1 (]: Sending event: {'category': 'dbt', 'action': 'run_model', 'label': '0ea3b885-ae6d-48bc-90f5-b1804173b537', 'context': [<snowplow_tracker.self_describing_json.SelfDescribingJson object at 0x0000021F2DDDF980>]}
[0m22:46:18.789719 [info ] [Thread-1 (]: 1 of 2 OK created sql view model main.credit_risk .............................. [[32mOK[0m in 0.04s]
[0m22:46:18.790684 [debug] [Thread-1 (]: Finished running node model.my_dbt_project.credit_risk
[0m22:46:18.790684 [debug] [Thread-1 (]: Began running node model.my_dbt_project.stg_applications
[0m22:46:18.791679 [info ] [Thread-1 (]: 2 of 2 START sql view model main.stg_applications .............................. [RUN]
[0m22:46:18.792679 [debug] [Thread-1 (]: Re-using an available connection from the pool (formerly model.my_dbt_project.credit_risk, now model.my_dbt_project.stg_applications)
[0m22:46:18.793186 [debug] [Thread-1 (]: Began compiling node model.my_dbt_project.stg_applications
[0m22:46:18.796197 [debug] [Thread-1 (]: Writing injected SQL for node "model.my_dbt_project.stg_applications"
[0m22:46:18.797197 [debug] [Thread-1 (]: Began executing node model.my_dbt_project.stg_applications
[0m22:46:18.799711 [debug] [Thread-1 (]: Writing runtime sql for node "model.my_dbt_project.stg_applications"
[0m22:46:18.800721 [debug] [Thread-1 (]: Using sqlite connection "model.my_dbt_project.stg_applications"
[0m22:46:18.801720 [debug] [Thread-1 (]: On model.my_dbt_project.stg_applications: BEGIN
[0m22:46:18.801720 [debug] [Thread-1 (]: Opening a new connection, currently in state closed
[0m22:46:18.804874 [debug] [Thread-1 (]: SQL status: OK in 0.003 seconds
[0m22:46:18.804874 [debug] [Thread-1 (]: Using sqlite connection "model.my_dbt_project.stg_applications"
[0m22:46:18.804874 [debug] [Thread-1 (]: On model.my_dbt_project.stg_applications: /* {"app": "dbt", "dbt_version": "1.11.2", "profile_name": "credit_pipeline", "target_name": "dev", "node_id": "model.my_dbt_project.stg_applications"} */

    
    create view main."stg_applications" as
    -- models/stg_applications.sql
WITH source AS (
    SELECT * FROM main."raw_applications"
)

SELECT
    ID as applicant_id,
    annual_income,
    -- Convert days to years (absolute value because days are often negative in these datasets)
    ABS(employed_days) / 365.0 as years_employed,
    -- Map education to numeric within the SQL layer
    CASE 
        WHEN education = 'Higher education' THEN 1 
        ELSE 0 
    END as is_higher_ed,
    label as rejected
FROM source;
[0m22:46:18.804874 [debug] [Thread-1 (]: SQL status: OK in 0.001 seconds
[0m22:46:18.804874 [debug] [Thread-1 (]: On model.my_dbt_project.stg_applications: COMMIT
[0m22:46:18.804874 [debug] [Thread-1 (]: Using sqlite connection "model.my_dbt_project.stg_applications"
[0m22:46:18.808917 [debug] [Thread-1 (]: On model.my_dbt_project.stg_applications: COMMIT
[0m22:46:18.809948 [debug] [Thread-1 (]: SQL status: OK in 0.002 seconds
[0m22:46:18.809948 [debug] [Thread-1 (]: On model.my_dbt_project.stg_applications: Close
[0m22:46:18.809948 [debug] [Thread-1 (]: Sending event: {'category': 'dbt', 'action': 'run_model', 'label': '0ea3b885-ae6d-48bc-90f5-b1804173b537', 'context': [<snowplow_tracker.self_describing_json.SelfDescribingJson object at 0x0000021F2DE71FA0>]}
[0m22:46:18.813474 [info ] [Thread-1 (]: 2 of 2 OK created sql view model main.stg_applications ......................... [[32mOK[0m in 0.02s]
[0m22:46:18.813474 [debug] [Thread-1 (]: Finished running node model.my_dbt_project.stg_applications
[0m22:46:18.813474 [debug] [MainThread]: Using sqlite connection "master"
[0m22:46:18.813474 [debug] [MainThread]: On master: BEGIN
[0m22:46:18.813474 [debug] [MainThread]: Opening a new connection, currently in state closed
[0m22:46:18.817531 [debug] [MainThread]: SQL status: OK in 0.002 seconds
[0m22:46:18.817531 [debug] [MainThread]: On master: COMMIT
[0m22:46:18.817531 [debug] [MainThread]: Using sqlite connection "master"
[0m22:46:18.817531 [debug] [MainThread]: On master: COMMIT
[0m22:46:18.817531 [debug] [MainThread]: SQL status: OK in 0.000 seconds
[0m22:46:18.817531 [debug] [MainThread]: On master: Close
[0m22:46:18.817531 [debug] [MainThread]: Connection 'master' was properly closed.
[0m22:46:18.820298 [debug] [MainThread]: Connection 'list_warehouse.db' was properly closed.
[0m22:46:18.820298 [debug] [MainThread]: Connection 'list_warehouse.db_main' was properly closed.
[0m22:46:18.820298 [debug] [MainThread]: Connection 'model.my_dbt_project.stg_applications' was properly closed.
[0m22:46:18.820298 [info ] [MainThread]: 
[0m22:46:18.820298 [info ] [MainThread]: Finished running 2 view models in 0 hours 0 minutes and 4.69 seconds (4.69s).
[0m22:46:18.822447 [debug] [MainThread]: Command end result
[0m22:46:18.834201 [debug] [MainThread]: Wrote artifact WritableManifest to C:\Users\bey77\OneDrive\Desktop\Projects\FinanceProj\Credit Card Approval Model\my_dbt_project\target\manifest.json
[0m22:46:18.836194 [debug] [MainThread]: Wrote artifact SemanticManifest to C:\Users\bey77\OneDrive\Desktop\Projects\FinanceProj\Credit Card Approval Model\my_dbt_project\target\semantic_manifest.json
[0m22:46:18.841050 [debug] [MainThread]: Wrote artifact RunExecutionResult to C:\Users\bey77\OneDrive\Desktop\Projects\FinanceProj\Credit Card Approval Model\my_dbt_project\target\run_results.json
[0m22:46:18.841557 [info ] [MainThread]: 
[0m22:46:18.841557 [info ] [MainThread]: [32mCompleted successfully[0m
[0m22:46:18.842525 [info ] [MainThread]: 
[0m22:46:18.843252 [info ] [MainThread]: Done. PASS=2 WARN=0 ERROR=0 SKIP=0 NO-OP=0 TOTAL=2
[0m22:46:18.843920 [debug] [MainThread]: Command `dbt run` succeeded at 22:46:18.843920 after 9.07 seconds
[0m22:46:18.843920 [debug] [MainThread]: Sending event: {'category': 'dbt', 'action': 'invocation', 'label': 'end', 'context': [<snowplow_tracker.self_describing_json.SelfDescribingJson object at 0x0000021F2DE1AFF0>, <snowplow_tracker.self_describing_json.SelfDescribingJson object at 0x0000021F2D3F38F0>, <snowplow_tracker.self_describing_json.SelfDescribingJson object at 0x0000021F2DE42480>]}
[0m22:46:18.844932 [debug] [MainThread]: Flushing usage events
[0m22:46:19.095434 [debug] [MainThread]: An error was encountered while trying to flush usage events
[0m22:48:57.363261 [debug] [MainThread]: Sending event: {'category': 'dbt', 'action': 'invocation', 'label': 'start', 'context': [<snowplow_tracker.self_describing_json.SelfDescribingJson object at 0x00000267AE8A3FE0>, <snowplow_tracker.self_describing_json.SelfDescribingJson object at 0x00000267ABC079E0>, <snowplow_tracker.self_describing_json.SelfDescribingJson object at 0x00000267AE9523C0>]}


============================== 22:48:57.373120 | 7f217273-49f2-4c09-a184-74ca1f1b0386 ==============================
[0m22:48:57.373120 [info ] [MainThread]: Running with dbt=1.11.2
[0m22:48:57.373120 [debug] [MainThread]: running dbt with arguments {'static_parser': 'True', 'no_print': 'None', 'version_check': 'True', 'target_path': 'None', 'warn_error_options': 'WarnErrorOptionsV2(error=[], warn=[], silence=[])', 'printer_width': '80', 'write_json': 'True', 'empty': 'False', 'log_cache_events': 'False', 'introspect': 'True', 'cache_selected_only': 'False', 'log_format': 'default', 'debug': 'False', 'fail_fast': 'False', 'partial_parse': 'True', 'send_anonymous_usage_stats': 'True', 'quiet': 'False', 'warn_error': 'None', 'profiles_dir': '.', 'invocation_command': 'dbt run --profiles-dir .', 'indirect_selection': 'eager', 'use_colors': 'True', 'use_experimental_parser': 'False', 'log_path': 'C:\\Users\\bey77\\OneDrive\\Desktop\\Projects\\FinanceProj\\Credit Card Approval Model\\my_dbt_project\\logs'}
[0m22:48:57.529210 [debug] [MainThread]: Sending event: {'category': 'dbt', 'action': 'project_id', 'label': '7f217273-49f2-4c09-a184-74ca1f1b0386', 'context': [<snowplow_tracker.self_describing_json.SelfDescribingJson object at 0x00000267B02267E0>]}
[0m22:48:57.575934 [debug] [MainThread]: Sending event: {'category': 'dbt', 'action': 'adapter_info', 'label': '7f217273-49f2-4c09-a184-74ca1f1b0386', 'context': [<snowplow_tracker.self_describing_json.SelfDescribingJson object at 0x00000267AEBCB980>]}
[0m22:48:57.577946 [info ] [MainThread]: Registered adapter: sqlite=1.10.0
[0m22:48:57.710552 [debug] [MainThread]: checksum: 3d40d8bbe1bef07db1c24822f2dbfff8bc07f2a48ed4fe2658a40653aec0b54b, vars: {}, profile: , target: , version: 1.11.2
[0m22:48:57.840973 [info ] [MainThread]: Unable to do partial parsing because a project config has changed
[0m22:48:57.840973 [debug] [MainThread]: Sending event: {'category': 'dbt', 'action': 'partial_parser', 'label': '7f217273-49f2-4c09-a184-74ca1f1b0386', 'context': [<snowplow_tracker.self_describing_json.SelfDescribingJson object at 0x00000267B0797320>]}
[0m22:48:58.598739 [warn ] [MainThread]: [[33mWARNING[0m][MissingArgumentsPropertyInGenericTestDeprecation]: Deprecated
functionality
Found top-level arguments to test `relationships` defined on 'credit_risk' in
package 'my_dbt_project' (models\models.yml). Arguments to generic tests should
be nested under the `arguments` property.
[0m22:48:58.600746 [debug] [MainThread]: Sending event: {'category': 'dbt', 'action': 'deprecation', 'label': '7f217273-49f2-4c09-a184-74ca1f1b0386', 'property_': 'warn', 'context': [<snowplow_tracker.self_describing_json.SelfDescribingJson object at 0x00000267B0A28230>]}
[0m22:48:58.738165 [debug] [MainThread]: Sending event: {'category': 'dbt', 'action': 'load_project', 'label': '7f217273-49f2-4c09-a184-74ca1f1b0386', 'context': [<snowplow_tracker.self_describing_json.SelfDescribingJson object at 0x00000267B0A06CC0>]}
[0m22:48:58.817947 [debug] [MainThread]: Wrote artifact WritableManifest to C:\Users\bey77\OneDrive\Desktop\Projects\FinanceProj\Credit Card Approval Model\my_dbt_project\target\manifest.json
[0m22:48:58.820488 [debug] [MainThread]: Wrote artifact SemanticManifest to C:\Users\bey77\OneDrive\Desktop\Projects\FinanceProj\Credit Card Approval Model\my_dbt_project\target\semantic_manifest.json
[0m22:48:58.860614 [debug] [MainThread]: Sending event: {'category': 'dbt', 'action': 'resource_counts', 'label': '7f217273-49f2-4c09-a184-74ca1f1b0386', 'context': [<snowplow_tracker.self_describing_json.SelfDescribingJson object at 0x00000267B079F9E0>]}
[0m22:48:58.862370 [info ] [MainThread]: Found 2 models, 4 data tests, 1 source, 416 macros
[0m22:48:58.862370 [debug] [MainThread]: Sending event: {'category': 'dbt', 'action': 'runnable_timing', 'label': '7f217273-49f2-4c09-a184-74ca1f1b0386', 'context': [<snowplow_tracker.self_describing_json.SelfDescribingJson object at 0x00000267B0888740>]}
[0m22:48:58.865399 [info ] [MainThread]: 
[0m22:48:58.865399 [info ] [MainThread]: Concurrency: 1 threads (target='dev')
[0m22:48:58.867434 [info ] [MainThread]: 
[0m22:48:58.869339 [debug] [MainThread]: Acquiring new sqlite connection 'master'
[0m22:48:58.874199 [debug] [ThreadPool]: Acquiring new sqlite connection 'list_warehouse.db'
[0m22:48:58.915366 [debug] [ThreadPool]: Using sqlite connection "list_warehouse.db"
[0m22:48:58.915366 [debug] [ThreadPool]: On list_warehouse.db: BEGIN
[0m22:48:58.915366 [debug] [ThreadPool]: Opening a new connection, currently in state init
[0m22:48:58.920712 [debug] [ThreadPool]: SQL status: OK in 0.001 seconds
[0m22:48:58.920712 [debug] [ThreadPool]: Using sqlite connection "list_warehouse.db"
[0m22:48:58.920712 [debug] [ThreadPool]: On list_warehouse.db: /* {"app": "dbt", "dbt_version": "1.11.2", "profile_name": "credit_pipeline", "target_name": "dev", "connection_name": "list_warehouse.db"} */

        pragma database_list
    
[0m22:48:58.921242 [debug] [ThreadPool]: SQL status: OK in 0.000 seconds
[0m22:48:58.921242 [debug] [ThreadPool]: On list_warehouse.db: ROLLBACK
[0m22:48:58.921242 [debug] [ThreadPool]: On list_warehouse.db: Close
[0m22:48:58.923738 [debug] [ThreadPool]: Acquiring new sqlite connection 'list_warehouse.db_main'
[0m22:48:58.924752 [debug] [ThreadPool]: Using sqlite connection "list_warehouse.db_main"
[0m22:48:58.929717 [debug] [ThreadPool]: On list_warehouse.db_main: BEGIN
[0m22:48:58.929717 [debug] [ThreadPool]: Opening a new connection, currently in state init
[0m22:48:58.930728 [debug] [ThreadPool]: SQL status: OK in 0.001 seconds
[0m22:48:58.930728 [debug] [ThreadPool]: Using sqlite connection "list_warehouse.db_main"
[0m22:48:58.930728 [debug] [ThreadPool]: On list_warehouse.db_main: /* {"app": "dbt", "dbt_version": "1.11.2", "profile_name": "credit_pipeline", "target_name": "dev", "connection_name": "list_warehouse.db_main"} */

        pragma database_list
    
[0m22:48:58.930728 [debug] [ThreadPool]: SQL status: OK in 0.000 seconds
[0m22:48:58.931759 [debug] [ThreadPool]: Using sqlite connection "list_warehouse.db_main"
[0m22:48:58.931759 [debug] [ThreadPool]: On list_warehouse.db_main: /* {"app": "dbt", "dbt_version": "1.11.2", "profile_name": "credit_pipeline", "target_name": "dev", "connection_name": "list_warehouse.db_main"} */

            SELECT
                'warehouse.db' as database
                ,name
                ,'main' AS schema
                ,type as data_type
            FROM
                main.sqlite_master
            WHERE
                name NOT LIKE 'sqlite_%'
        
[0m22:48:58.931759 [debug] [ThreadPool]: SQL status: OK in 0.001 seconds
[0m22:48:58.934290 [debug] [ThreadPool]: On list_warehouse.db_main: ROLLBACK
[0m22:48:58.934290 [debug] [ThreadPool]: On list_warehouse.db_main: Close
[0m22:48:58.934290 [debug] [MainThread]: Sending event: {'category': 'dbt', 'action': 'runnable_timing', 'label': '7f217273-49f2-4c09-a184-74ca1f1b0386', 'context': [<snowplow_tracker.self_describing_json.SelfDescribingJson object at 0x00000267B083E330>]}
[0m22:48:58.934290 [debug] [MainThread]: Using sqlite connection "master"
[0m22:48:58.936328 [debug] [MainThread]: On master: BEGIN
[0m22:48:58.936328 [debug] [MainThread]: Opening a new connection, currently in state init
[0m22:48:58.936328 [debug] [MainThread]: SQL status: OK in 0.001 seconds
[0m22:48:58.936328 [debug] [MainThread]: On master: COMMIT
[0m22:48:58.936328 [debug] [MainThread]: Using sqlite connection "master"
[0m22:48:58.936328 [debug] [MainThread]: On master: COMMIT
[0m22:48:58.936328 [debug] [MainThread]: SQL status: OK in 0.000 seconds
[0m22:48:58.936328 [debug] [MainThread]: On master: Close
[0m22:48:58.942292 [debug] [Thread-1 (]: Began running node model.my_dbt_project.credit_risk
[0m22:48:58.942292 [info ] [Thread-1 (]: 1 of 2 START sql view model main.credit_risk ................................... [RUN]
[0m22:48:58.943301 [debug] [Thread-1 (]: Acquiring new sqlite connection 'model.my_dbt_project.credit_risk'
[0m22:48:58.943301 [debug] [Thread-1 (]: Began compiling node model.my_dbt_project.credit_risk
[0m22:48:58.949303 [debug] [Thread-1 (]: Writing injected SQL for node "model.my_dbt_project.credit_risk"
[0m22:48:58.950809 [debug] [Thread-1 (]: Began executing node model.my_dbt_project.credit_risk
[0m22:48:58.963208 [debug] [Thread-1 (]: Using sqlite connection "model.my_dbt_project.credit_risk"
[0m22:48:58.965740 [debug] [Thread-1 (]: On model.my_dbt_project.credit_risk: /* {"app": "dbt", "dbt_version": "1.11.2", "profile_name": "credit_pipeline", "target_name": "dev", "node_id": "model.my_dbt_project.credit_risk"} */
drop view if exists "main"."credit_risk"
[0m22:48:58.965740 [debug] [Thread-1 (]: Opening a new connection, currently in state init
[0m22:48:58.970930 [debug] [Thread-1 (]: SQL status: OK in 0.006 seconds
[0m22:48:58.974672 [debug] [Thread-1 (]: Writing runtime sql for node "model.my_dbt_project.credit_risk"
[0m22:48:58.976688 [debug] [Thread-1 (]: Using sqlite connection "model.my_dbt_project.credit_risk"
[0m22:48:58.976688 [debug] [Thread-1 (]: On model.my_dbt_project.credit_risk: BEGIN
[0m22:48:58.976688 [debug] [Thread-1 (]: SQL status: OK in 0.000 seconds
[0m22:48:58.976688 [debug] [Thread-1 (]: Using sqlite connection "model.my_dbt_project.credit_risk"
[0m22:48:58.976688 [debug] [Thread-1 (]: On model.my_dbt_project.credit_risk: /* {"app": "dbt", "dbt_version": "1.11.2", "profile_name": "credit_pipeline", "target_name": "dev", "node_id": "model.my_dbt_project.credit_risk"} */

    
    create view main."credit_risk" as
    -- income per child
-- annual income / # of children

SELECT Ind_ID, Annual_income, children,
CASE 
    WHEN children > 0 THEN Annual_income / children
    ELSE NULL
END AS income_per_child
FROM raw_credit_data;
[0m22:48:58.978700 [debug] [Thread-1 (]: SQL status: OK in 0.001 seconds
[0m22:48:58.980715 [debug] [Thread-1 (]: On model.my_dbt_project.credit_risk: COMMIT
[0m22:48:58.984384 [debug] [Thread-1 (]: Using sqlite connection "model.my_dbt_project.credit_risk"
[0m22:48:58.984384 [debug] [Thread-1 (]: On model.my_dbt_project.credit_risk: COMMIT
[0m22:48:58.987442 [debug] [Thread-1 (]: SQL status: OK in 0.003 seconds
[0m22:48:58.990373 [debug] [Thread-1 (]: On model.my_dbt_project.credit_risk: Close
[0m22:48:58.992384 [debug] [Thread-1 (]: Sending event: {'category': 'dbt', 'action': 'run_model', 'label': '7f217273-49f2-4c09-a184-74ca1f1b0386', 'context': [<snowplow_tracker.self_describing_json.SelfDescribingJson object at 0x00000267B0227A40>]}
[0m22:48:58.992384 [info ] [Thread-1 (]: 1 of 2 OK created sql view model main.credit_risk .............................. [[32mOK[0m in 0.05s]
[0m22:48:58.993382 [debug] [Thread-1 (]: Finished running node model.my_dbt_project.credit_risk
[0m22:48:58.993382 [debug] [Thread-1 (]: Began running node model.my_dbt_project.stg_applications
[0m22:48:58.993382 [info ] [Thread-1 (]: 2 of 2 START sql view model main.stg_applications .............................. [RUN]
[0m22:48:58.994894 [debug] [Thread-1 (]: Re-using an available connection from the pool (formerly model.my_dbt_project.credit_risk, now model.my_dbt_project.stg_applications)
[0m22:48:58.994894 [debug] [Thread-1 (]: Began compiling node model.my_dbt_project.stg_applications
[0m22:48:58.997906 [debug] [Thread-1 (]: Writing injected SQL for node "model.my_dbt_project.stg_applications"
[0m22:48:58.998908 [debug] [Thread-1 (]: Began executing node model.my_dbt_project.stg_applications
[0m22:48:59.001430 [debug] [Thread-1 (]: Using sqlite connection "model.my_dbt_project.stg_applications"
[0m22:48:59.002430 [debug] [Thread-1 (]: On model.my_dbt_project.stg_applications: /* {"app": "dbt", "dbt_version": "1.11.2", "profile_name": "credit_pipeline", "target_name": "dev", "node_id": "model.my_dbt_project.stg_applications"} */
drop view if exists "main"."stg_applications"
[0m22:48:59.002430 [debug] [Thread-1 (]: Opening a new connection, currently in state closed
[0m22:48:59.009672 [debug] [Thread-1 (]: SQL status: OK in 0.008 seconds
[0m22:48:59.010672 [debug] [Thread-1 (]: Writing runtime sql for node "model.my_dbt_project.stg_applications"
[0m22:48:59.012738 [debug] [Thread-1 (]: Using sqlite connection "model.my_dbt_project.stg_applications"
[0m22:48:59.012738 [debug] [Thread-1 (]: On model.my_dbt_project.stg_applications: BEGIN
[0m22:48:59.012738 [debug] [Thread-1 (]: SQL status: OK in 0.000 seconds
[0m22:48:59.012738 [debug] [Thread-1 (]: Using sqlite connection "model.my_dbt_project.stg_applications"
[0m22:48:59.012738 [debug] [Thread-1 (]: On model.my_dbt_project.stg_applications: /* {"app": "dbt", "dbt_version": "1.11.2", "profile_name": "credit_pipeline", "target_name": "dev", "node_id": "model.my_dbt_project.stg_applications"} */

    
    create view main."stg_applications" as
    -- models/stg_applications.sql
WITH source AS (
    SELECT * FROM main."raw_applications"
)

SELECT
    ID as applicant_id,
    annual_income,
    -- Convert days to years (absolute value because days are often negative in these datasets)
    ABS(employed_days) / 365.0 as years_employed,
    -- Map education to numeric within the SQL layer
    CASE 
        WHEN education = 'Higher education' THEN 1 
        ELSE 0 
    END as is_higher_ed,
    label as rejected
FROM source;
[0m22:48:59.014757 [debug] [Thread-1 (]: SQL status: OK in 0.001 seconds
[0m22:48:59.015798 [debug] [Thread-1 (]: On model.my_dbt_project.stg_applications: COMMIT
[0m22:48:59.015798 [debug] [Thread-1 (]: Using sqlite connection "model.my_dbt_project.stg_applications"
[0m22:48:59.015798 [debug] [Thread-1 (]: On model.my_dbt_project.stg_applications: COMMIT
[0m22:48:59.015798 [debug] [Thread-1 (]: SQL status: OK in 0.002 seconds
[0m22:48:59.015798 [debug] [Thread-1 (]: On model.my_dbt_project.stg_applications: Close
[0m22:48:59.020126 [debug] [Thread-1 (]: Sending event: {'category': 'dbt', 'action': 'run_model', 'label': '7f217273-49f2-4c09-a184-74ca1f1b0386', 'context': [<snowplow_tracker.self_describing_json.SelfDescribingJson object at 0x00000267B0FB06E0>]}
[0m22:48:59.020634 [info ] [Thread-1 (]: 2 of 2 OK created sql view model main.stg_applications ......................... [[32mOK[0m in 0.03s]
[0m22:48:59.020634 [debug] [Thread-1 (]: Finished running node model.my_dbt_project.stg_applications
[0m22:48:59.022098 [debug] [MainThread]: Using sqlite connection "master"
[0m22:48:59.023226 [debug] [MainThread]: On master: BEGIN
[0m22:48:59.023226 [debug] [MainThread]: Opening a new connection, currently in state closed
[0m22:48:59.025457 [debug] [MainThread]: SQL status: OK in 0.002 seconds
[0m22:48:59.026077 [debug] [MainThread]: On master: COMMIT
[0m22:48:59.026077 [debug] [MainThread]: Using sqlite connection "master"
[0m22:48:59.026077 [debug] [MainThread]: On master: COMMIT
[0m22:48:59.026077 [debug] [MainThread]: SQL status: OK in 0.000 seconds
[0m22:48:59.027101 [debug] [MainThread]: On master: Close
[0m22:48:59.027101 [debug] [MainThread]: Connection 'master' was properly closed.
[0m22:48:59.027101 [debug] [MainThread]: Connection 'list_warehouse.db' was properly closed.
[0m22:48:59.027101 [debug] [MainThread]: Connection 'list_warehouse.db_main' was properly closed.
[0m22:48:59.028094 [debug] [MainThread]: Connection 'model.my_dbt_project.stg_applications' was properly closed.
[0m22:48:59.028094 [info ] [MainThread]: 
[0m22:48:59.028094 [info ] [MainThread]: Finished running 2 view models in 0 hours 0 minutes and 0.16 seconds (0.16s).
[0m22:48:59.029924 [debug] [MainThread]: Command end result
[0m22:48:59.041915 [debug] [MainThread]: Wrote artifact WritableManifest to C:\Users\bey77\OneDrive\Desktop\Projects\FinanceProj\Credit Card Approval Model\my_dbt_project\target\manifest.json
[0m22:48:59.044436 [debug] [MainThread]: Wrote artifact SemanticManifest to C:\Users\bey77\OneDrive\Desktop\Projects\FinanceProj\Credit Card Approval Model\my_dbt_project\target\semantic_manifest.json
[0m22:48:59.048898 [debug] [MainThread]: Wrote artifact RunExecutionResult to C:\Users\bey77\OneDrive\Desktop\Projects\FinanceProj\Credit Card Approval Model\my_dbt_project\target\run_results.json
[0m22:48:59.048898 [info ] [MainThread]: 
[0m22:48:59.048898 [info ] [MainThread]: [32mCompleted successfully[0m
[0m22:48:59.050373 [info ] [MainThread]: 
[0m22:48:59.050938 [info ] [MainThread]: Done. PASS=2 WARN=0 ERROR=0 SKIP=0 NO-OP=0 TOTAL=2
[0m22:48:59.050938 [warn ] [MainThread]: [[33mWARNING[0m][DeprecationsSummary]: Deprecated functionality
Summary of encountered deprecations:
- MissingArgumentsPropertyInGenericTestDeprecation: 1 occurrence
To see all deprecation instances instead of just the first occurrence of each,
run command again with the `--show-all-deprecations` flag. You may also need to
run with `--no-partial-parse` as some deprecations are only encountered during
parsing.
[0m22:48:59.052226 [debug] [MainThread]: Command `dbt run` succeeded at 22:48:59.052226 after 1.87 seconds
[0m22:48:59.052755 [debug] [MainThread]: Sending event: {'category': 'dbt', 'action': 'invocation', 'label': 'end', 'context': [<snowplow_tracker.self_describing_json.SelfDescribingJson object at 0x00000267B0A00F20>, <snowplow_tracker.self_describing_json.SelfDescribingJson object at 0x00000267ABFF8AA0>, <snowplow_tracker.self_describing_json.SelfDescribingJson object at 0x00000267B0DB8920>]}
[0m22:48:59.052755 [debug] [MainThread]: Flushing usage events
[0m22:48:59.556627 [debug] [MainThread]: An error was encountered while trying to flush usage events
[0m22:53:30.468809 [debug] [MainThread]: Sending event: {'category': 'dbt', 'action': 'invocation', 'label': 'start', 'context': [<snowplow_tracker.self_describing_json.SelfDescribingJson object at 0x0000020CD7CE1E20>, <snowplow_tracker.self_describing_json.SelfDescribingJson object at 0x0000020CD7AAC3B0>, <snowplow_tracker.self_describing_json.SelfDescribingJson object at 0x0000020CD7CE0C20>]}


============================== 22:53:30.476007 | 8ee92e3a-a6f0-477d-87cb-fac17da4de9d ==============================
[0m22:53:30.476007 [info ] [MainThread]: Running with dbt=1.11.2
[0m22:53:30.476007 [debug] [MainThread]: running dbt with arguments {'version_check': 'True', 'no_print': 'None', 'static_parser': 'True', 'target_path': 'None', 'warn_error_options': 'WarnErrorOptionsV2(error=[], warn=[], silence=[])', 'printer_width': '80', 'write_json': 'True', 'introspect': 'True', 'log_cache_events': 'False', 'empty': 'False', 'cache_selected_only': 'False', 'fail_fast': 'False', 'debug': 'False', 'log_format': 'default', 'partial_parse': 'True', 'send_anonymous_usage_stats': 'True', 'quiet': 'False', 'warn_error': 'None', 'profiles_dir': '.', 'invocation_command': 'dbt run --profiles-dir .', 'use_colors': 'True', 'indirect_selection': 'eager', 'use_experimental_parser': 'False', 'log_path': 'C:\\Users\\bey77\\OneDrive\\Desktop\\Projects\\FinanceProj\\Credit Card Approval Model\\my_dbt_project\\logs'}
[0m22:53:30.617155 [debug] [MainThread]: Sending event: {'category': 'dbt', 'action': 'project_id', 'label': '8ee92e3a-a6f0-477d-87cb-fac17da4de9d', 'context': [<snowplow_tracker.self_describing_json.SelfDescribingJson object at 0x0000020CD512ADE0>]}
[0m22:53:30.674982 [debug] [MainThread]: Sending event: {'category': 'dbt', 'action': 'adapter_info', 'label': '8ee92e3a-a6f0-477d-87cb-fac17da4de9d', 'context': [<snowplow_tracker.self_describing_json.SelfDescribingJson object at 0x0000020CD7E3B980>]}
[0m22:53:30.676992 [info ] [MainThread]: Registered adapter: sqlite=1.10.0
[0m22:53:30.814876 [debug] [MainThread]: checksum: 3d40d8bbe1bef07db1c24822f2dbfff8bc07f2a48ed4fe2658a40653aec0b54b, vars: {}, profile: , target: , version: 1.11.2
[0m22:53:30.968891 [debug] [MainThread]: Partial parsing enabled: 0 files deleted, 0 files added, 1 files changed.
[0m22:53:30.968891 [debug] [MainThread]: Partial parsing: updated file: my_dbt_project://models\models.yml
[0m22:53:31.262829 [warn ] [MainThread]: [[33mWARNING[0m][MissingArgumentsPropertyInGenericTestDeprecation]: Deprecated
functionality
Found top-level arguments to test `relationships` defined on 'credit_risk' in
package 'my_dbt_project' (models\models.yml). Arguments to generic tests should
be nested under the `arguments` property.
[0m22:53:31.262829 [debug] [MainThread]: Sending event: {'category': 'dbt', 'action': 'deprecation', 'label': '8ee92e3a-a6f0-477d-87cb-fac17da4de9d', 'property_': 'warn', 'context': [<snowplow_tracker.self_describing_json.SelfDescribingJson object at 0x0000020CD9CFFC20>]}
[0m22:53:31.333266 [debug] [MainThread]: Sending event: {'category': 'dbt', 'action': 'load_project', 'label': '8ee92e3a-a6f0-477d-87cb-fac17da4de9d', 'context': [<snowplow_tracker.self_describing_json.SelfDescribingJson object at 0x0000020CD9D779B0>]}
[0m22:53:31.383076 [debug] [MainThread]: Wrote artifact WritableManifest to C:\Users\bey77\OneDrive\Desktop\Projects\FinanceProj\Credit Card Approval Model\my_dbt_project\target\manifest.json
[0m22:53:31.385165 [debug] [MainThread]: Wrote artifact SemanticManifest to C:\Users\bey77\OneDrive\Desktop\Projects\FinanceProj\Credit Card Approval Model\my_dbt_project\target\semantic_manifest.json
[0m22:53:31.407826 [debug] [MainThread]: Sending event: {'category': 'dbt', 'action': 'resource_counts', 'label': '8ee92e3a-a6f0-477d-87cb-fac17da4de9d', 'context': [<snowplow_tracker.self_describing_json.SelfDescribingJson object at 0x0000020CD9B2C800>]}
[0m22:53:31.407826 [info ] [MainThread]: Found 2 models, 4 data tests, 1 source, 416 macros
[0m22:53:31.413015 [debug] [MainThread]: Sending event: {'category': 'dbt', 'action': 'runnable_timing', 'label': '8ee92e3a-a6f0-477d-87cb-fac17da4de9d', 'context': [<snowplow_tracker.self_describing_json.SelfDescribingJson object at 0x0000020CD9C14CE0>]}
[0m22:53:31.413015 [info ] [MainThread]: 
[0m22:53:31.413015 [info ] [MainThread]: Concurrency: 1 threads (target='dev')
[0m22:53:31.413015 [info ] [MainThread]: 
[0m22:53:31.413015 [debug] [MainThread]: Acquiring new sqlite connection 'master'
[0m22:53:31.418046 [debug] [ThreadPool]: Acquiring new sqlite connection 'list_warehouse.db'
[0m22:53:31.473099 [debug] [ThreadPool]: Using sqlite connection "list_warehouse.db"
[0m22:53:31.473099 [debug] [ThreadPool]: On list_warehouse.db: BEGIN
[0m22:53:31.473099 [debug] [ThreadPool]: Opening a new connection, currently in state init
[0m22:53:31.475207 [debug] [ThreadPool]: SQL status: OK in 0.002 seconds
[0m22:53:31.477224 [debug] [ThreadPool]: Using sqlite connection "list_warehouse.db"
[0m22:53:31.477224 [debug] [ThreadPool]: On list_warehouse.db: /* {"app": "dbt", "dbt_version": "1.11.2", "profile_name": "credit_pipeline", "target_name": "dev", "connection_name": "list_warehouse.db"} */

        pragma database_list
    
[0m22:53:31.477224 [debug] [ThreadPool]: SQL status: OK in 0.000 seconds
[0m22:53:31.479241 [debug] [ThreadPool]: On list_warehouse.db: ROLLBACK
[0m22:53:31.479241 [debug] [ThreadPool]: On list_warehouse.db: Close
[0m22:53:31.480756 [debug] [ThreadPool]: Acquiring new sqlite connection 'list_warehouse.db_main'
[0m22:53:31.490391 [debug] [ThreadPool]: Using sqlite connection "list_warehouse.db_main"
[0m22:53:31.490903 [debug] [ThreadPool]: On list_warehouse.db_main: BEGIN
[0m22:53:31.490903 [debug] [ThreadPool]: Opening a new connection, currently in state init
[0m22:53:31.492933 [debug] [ThreadPool]: SQL status: OK in 0.001 seconds
[0m22:53:31.492933 [debug] [ThreadPool]: Using sqlite connection "list_warehouse.db_main"
[0m22:53:31.492933 [debug] [ThreadPool]: On list_warehouse.db_main: /* {"app": "dbt", "dbt_version": "1.11.2", "profile_name": "credit_pipeline", "target_name": "dev", "connection_name": "list_warehouse.db_main"} */

        pragma database_list
    
[0m22:53:31.492933 [debug] [ThreadPool]: SQL status: OK in 0.000 seconds
[0m22:53:31.492933 [debug] [ThreadPool]: Using sqlite connection "list_warehouse.db_main"
[0m22:53:31.495021 [debug] [ThreadPool]: On list_warehouse.db_main: /* {"app": "dbt", "dbt_version": "1.11.2", "profile_name": "credit_pipeline", "target_name": "dev", "connection_name": "list_warehouse.db_main"} */

            SELECT
                'warehouse.db' as database
                ,name
                ,'main' AS schema
                ,type as data_type
            FROM
                main.sqlite_master
            WHERE
                name NOT LIKE 'sqlite_%'
        
[0m22:53:31.495021 [debug] [ThreadPool]: SQL status: OK in 0.000 seconds
[0m22:53:31.495021 [debug] [ThreadPool]: On list_warehouse.db_main: ROLLBACK
[0m22:53:31.495021 [debug] [ThreadPool]: On list_warehouse.db_main: Close
[0m22:53:31.495021 [debug] [MainThread]: Sending event: {'category': 'dbt', 'action': 'runnable_timing', 'label': '8ee92e3a-a6f0-477d-87cb-fac17da4de9d', 'context': [<snowplow_tracker.self_describing_json.SelfDescribingJson object at 0x0000020CD9D74740>]}
[0m22:53:31.495021 [debug] [MainThread]: Using sqlite connection "master"
[0m22:53:31.495021 [debug] [MainThread]: On master: BEGIN
[0m22:53:31.495021 [debug] [MainThread]: Opening a new connection, currently in state init
[0m22:53:31.495021 [debug] [MainThread]: SQL status: OK in 0.001 seconds
[0m22:53:31.495021 [debug] [MainThread]: On master: COMMIT
[0m22:53:31.499367 [debug] [MainThread]: Using sqlite connection "master"
[0m22:53:31.499367 [debug] [MainThread]: On master: COMMIT
[0m22:53:31.499367 [debug] [MainThread]: SQL status: OK in 0.000 seconds
[0m22:53:31.499367 [debug] [MainThread]: On master: Close
[0m22:53:31.504922 [debug] [Thread-1 (]: Began running node model.my_dbt_project.credit_risk
[0m22:53:31.505924 [info ] [Thread-1 (]: 1 of 2 START sql view model main.credit_risk ................................... [RUN]
[0m22:53:31.507925 [debug] [Thread-1 (]: Acquiring new sqlite connection 'model.my_dbt_project.credit_risk'
[0m22:53:31.507925 [debug] [Thread-1 (]: Began compiling node model.my_dbt_project.credit_risk
[0m22:53:31.514936 [debug] [Thread-1 (]: Writing injected SQL for node "model.my_dbt_project.credit_risk"
[0m22:53:31.515944 [debug] [Thread-1 (]: Began executing node model.my_dbt_project.credit_risk
[0m22:53:31.538636 [debug] [Thread-1 (]: Using sqlite connection "model.my_dbt_project.credit_risk"
[0m22:53:31.538636 [debug] [Thread-1 (]: On model.my_dbt_project.credit_risk: /* {"app": "dbt", "dbt_version": "1.11.2", "profile_name": "credit_pipeline", "target_name": "dev", "node_id": "model.my_dbt_project.credit_risk"} */
drop view if exists "main"."credit_risk"
[0m22:53:31.538636 [debug] [Thread-1 (]: Opening a new connection, currently in state init
[0m22:53:31.543160 [debug] [Thread-1 (]: SQL status: OK in 0.005 seconds
[0m22:53:31.543160 [debug] [Thread-1 (]: Writing runtime sql for node "model.my_dbt_project.credit_risk"
[0m22:53:31.543160 [debug] [Thread-1 (]: Using sqlite connection "model.my_dbt_project.credit_risk"
[0m22:53:31.543160 [debug] [Thread-1 (]: On model.my_dbt_project.credit_risk: BEGIN
[0m22:53:31.543160 [debug] [Thread-1 (]: SQL status: OK in 0.000 seconds
[0m22:53:31.543160 [debug] [Thread-1 (]: Using sqlite connection "model.my_dbt_project.credit_risk"
[0m22:53:31.551925 [debug] [Thread-1 (]: On model.my_dbt_project.credit_risk: /* {"app": "dbt", "dbt_version": "1.11.2", "profile_name": "credit_pipeline", "target_name": "dev", "node_id": "model.my_dbt_project.credit_risk"} */

    
    create view main."credit_risk" as
    -- income per child
-- annual income / # of children

SELECT Ind_ID, Annual_income, children,
CASE 
    WHEN children > 0 THEN Annual_income / children
    ELSE NULL
END AS income_per_child
FROM raw_credit_data;
[0m22:53:31.553472 [debug] [Thread-1 (]: SQL status: OK in 0.001 seconds
[0m22:53:31.557514 [debug] [Thread-1 (]: On model.my_dbt_project.credit_risk: COMMIT
[0m22:53:31.557514 [debug] [Thread-1 (]: Using sqlite connection "model.my_dbt_project.credit_risk"
[0m22:53:31.558532 [debug] [Thread-1 (]: On model.my_dbt_project.credit_risk: COMMIT
[0m22:53:31.560512 [debug] [Thread-1 (]: SQL status: OK in 0.002 seconds
[0m22:53:31.563088 [debug] [Thread-1 (]: On model.my_dbt_project.credit_risk: Close
[0m22:53:31.564600 [debug] [Thread-1 (]: Sending event: {'category': 'dbt', 'action': 'run_model', 'label': '8ee92e3a-a6f0-477d-87cb-fac17da4de9d', 'context': [<snowplow_tracker.self_describing_json.SelfDescribingJson object at 0x0000020CD512A0C0>]}
[0m22:53:31.565606 [info ] [Thread-1 (]: 1 of 2 OK created sql view model main.credit_risk .............................. [[32mOK[0m in 0.06s]
[0m22:53:31.565606 [debug] [Thread-1 (]: Finished running node model.my_dbt_project.credit_risk
[0m22:53:31.566607 [debug] [Thread-1 (]: Began running node model.my_dbt_project.stg_applications
[0m22:53:31.566607 [info ] [Thread-1 (]: 2 of 2 START sql view model main.stg_applications .............................. [RUN]
[0m22:53:31.567605 [debug] [Thread-1 (]: Re-using an available connection from the pool (formerly model.my_dbt_project.credit_risk, now model.my_dbt_project.stg_applications)
[0m22:53:31.568228 [debug] [Thread-1 (]: Began compiling node model.my_dbt_project.stg_applications
[0m22:53:31.571354 [debug] [Thread-1 (]: Writing injected SQL for node "model.my_dbt_project.stg_applications"
[0m22:53:31.572862 [debug] [Thread-1 (]: Began executing node model.my_dbt_project.stg_applications
[0m22:53:31.575437 [debug] [Thread-1 (]: Using sqlite connection "model.my_dbt_project.stg_applications"
[0m22:53:31.576436 [debug] [Thread-1 (]: On model.my_dbt_project.stg_applications: /* {"app": "dbt", "dbt_version": "1.11.2", "profile_name": "credit_pipeline", "target_name": "dev", "node_id": "model.my_dbt_project.stg_applications"} */
drop view if exists "main"."stg_applications"
[0m22:53:31.576436 [debug] [Thread-1 (]: Opening a new connection, currently in state closed
[0m22:53:31.581420 [debug] [Thread-1 (]: SQL status: OK in 0.005 seconds
[0m22:53:31.583589 [debug] [Thread-1 (]: Writing runtime sql for node "model.my_dbt_project.stg_applications"
[0m22:53:31.585103 [debug] [Thread-1 (]: Using sqlite connection "model.my_dbt_project.stg_applications"
[0m22:53:31.585982 [debug] [Thread-1 (]: On model.my_dbt_project.stg_applications: BEGIN
[0m22:53:31.585982 [debug] [Thread-1 (]: SQL status: OK in 0.000 seconds
[0m22:53:31.585982 [debug] [Thread-1 (]: Using sqlite connection "model.my_dbt_project.stg_applications"
[0m22:53:31.588393 [debug] [Thread-1 (]: On model.my_dbt_project.stg_applications: /* {"app": "dbt", "dbt_version": "1.11.2", "profile_name": "credit_pipeline", "target_name": "dev", "node_id": "model.my_dbt_project.stg_applications"} */

    
    create view main."stg_applications" as
    -- models/stg_applications.sql
WITH source AS (
    SELECT * FROM main."raw_applications"
)

SELECT
    ID as applicant_id,
    annual_income,
    -- Convert days to years (absolute value because days are often negative in these datasets)
    ABS(employed_days) / 365.0 as years_employed,
    -- Map education to numeric within the SQL layer
    CASE 
        WHEN education = 'Higher education' THEN 1 
        ELSE 0 
    END as is_higher_ed,
    label as rejected
FROM source;
[0m22:53:31.589395 [debug] [Thread-1 (]: SQL status: OK in 0.002 seconds
[0m22:53:31.589395 [debug] [Thread-1 (]: On model.my_dbt_project.stg_applications: COMMIT
[0m22:53:31.592899 [debug] [Thread-1 (]: Using sqlite connection "model.my_dbt_project.stg_applications"
[0m22:53:31.592899 [debug] [Thread-1 (]: On model.my_dbt_project.stg_applications: COMMIT
[0m22:53:31.594916 [debug] [Thread-1 (]: SQL status: OK in 0.003 seconds
[0m22:53:31.594916 [debug] [Thread-1 (]: On model.my_dbt_project.stg_applications: Close
[0m22:53:31.594916 [debug] [Thread-1 (]: Sending event: {'category': 'dbt', 'action': 'run_model', 'label': '8ee92e3a-a6f0-477d-87cb-fac17da4de9d', 'context': [<snowplow_tracker.self_describing_json.SelfDescribingJson object at 0x0000020CD929B110>]}
[0m22:53:31.594916 [info ] [Thread-1 (]: 2 of 2 OK created sql view model main.stg_applications ......................... [[32mOK[0m in 0.03s]
[0m22:53:31.594916 [debug] [Thread-1 (]: Finished running node model.my_dbt_project.stg_applications
[0m22:53:31.594916 [debug] [MainThread]: Using sqlite connection "master"
[0m22:53:31.594916 [debug] [MainThread]: On master: BEGIN
[0m22:53:31.601346 [debug] [MainThread]: Opening a new connection, currently in state closed
[0m22:53:31.603452 [debug] [MainThread]: SQL status: OK in 0.002 seconds
[0m22:53:31.603452 [debug] [MainThread]: On master: COMMIT
[0m22:53:31.603452 [debug] [MainThread]: Using sqlite connection "master"
[0m22:53:31.603452 [debug] [MainThread]: On master: COMMIT
[0m22:53:31.603452 [debug] [MainThread]: SQL status: OK in 0.000 seconds
[0m22:53:31.603452 [debug] [MainThread]: On master: Close
[0m22:53:31.603452 [debug] [MainThread]: Connection 'master' was properly closed.
[0m22:53:31.603452 [debug] [MainThread]: Connection 'list_warehouse.db' was properly closed.
[0m22:53:31.603452 [debug] [MainThread]: Connection 'list_warehouse.db_main' was properly closed.
[0m22:53:31.605970 [debug] [MainThread]: Connection 'model.my_dbt_project.stg_applications' was properly closed.
[0m22:53:31.605970 [info ] [MainThread]: 
[0m22:53:31.605970 [info ] [MainThread]: Finished running 2 view models in 0 hours 0 minutes and 0.19 seconds (0.19s).
[0m22:53:31.605970 [debug] [MainThread]: Command end result
[0m22:53:31.671554 [debug] [MainThread]: Wrote artifact WritableManifest to C:\Users\bey77\OneDrive\Desktop\Projects\FinanceProj\Credit Card Approval Model\my_dbt_project\target\manifest.json
[0m22:53:31.674067 [debug] [MainThread]: Wrote artifact SemanticManifest to C:\Users\bey77\OneDrive\Desktop\Projects\FinanceProj\Credit Card Approval Model\my_dbt_project\target\semantic_manifest.json
[0m22:53:31.678066 [debug] [MainThread]: Wrote artifact RunExecutionResult to C:\Users\bey77\OneDrive\Desktop\Projects\FinanceProj\Credit Card Approval Model\my_dbt_project\target\run_results.json
[0m22:53:31.678066 [info ] [MainThread]: 
[0m22:53:31.679513 [info ] [MainThread]: [32mCompleted successfully[0m
[0m22:53:31.679513 [info ] [MainThread]: 
[0m22:53:31.679513 [info ] [MainThread]: Done. PASS=2 WARN=0 ERROR=0 SKIP=0 NO-OP=0 TOTAL=2
[0m22:53:31.680497 [warn ] [MainThread]: [[33mWARNING[0m][DeprecationsSummary]: Deprecated functionality
Summary of encountered deprecations:
- MissingArgumentsPropertyInGenericTestDeprecation: 1 occurrence
To see all deprecation instances instead of just the first occurrence of each,
run command again with the `--show-all-deprecations` flag. You may also need to
run with `--no-partial-parse` as some deprecations are only encountered during
parsing.
[0m22:53:31.681497 [debug] [MainThread]: Command `dbt run` succeeded at 22:53:31.681497 after 1.36 seconds
[0m22:53:31.681497 [debug] [MainThread]: Sending event: {'category': 'dbt', 'action': 'invocation', 'label': 'end', 'context': [<snowplow_tracker.self_describing_json.SelfDescribingJson object at 0x0000020CD6A97020>, <snowplow_tracker.self_describing_json.SelfDescribingJson object at 0x0000020CD7B626F0>, <snowplow_tracker.self_describing_json.SelfDescribingJson object at 0x0000020CD9F28890>]}
[0m22:53:31.681497 [debug] [MainThread]: Flushing usage events
[0m22:53:31.953113 [debug] [MainThread]: An error was encountered while trying to flush usage events
[0m23:14:56.985766 [debug] [MainThread]: Sending event: {'category': 'dbt', 'action': 'invocation', 'label': 'start', 'context': [<snowplow_tracker.self_describing_json.SelfDescribingJson object at 0x0000026124EFC7A0>, <snowplow_tracker.self_describing_json.SelfDescribingJson object at 0x0000026124DF6720>, <snowplow_tracker.self_describing_json.SelfDescribingJson object at 0x0000026127409700>]}


============================== 23:14:56.995187 | 5d7ddfa7-d320-43d7-884b-7d6fe5d4603b ==============================
[0m23:14:56.995187 [info ] [MainThread]: Running with dbt=1.11.2
[0m23:14:56.997196 [debug] [MainThread]: running dbt with arguments {'static_parser': 'True', 'no_print': 'None', 'version_check': 'True', 'target_path': 'None', 'warn_error_options': 'WarnErrorOptionsV2(error=[], warn=[], silence=[])', 'printer_width': '80', 'write_json': 'True', 'introspect': 'True', 'log_cache_events': 'False', 'empty': 'None', 'cache_selected_only': 'False', 'fail_fast': 'False', 'debug': 'False', 'log_format': 'default', 'profiles_dir': 'C:\\Users\\bey77\\OneDrive\\Desktop\\Projects\\FinanceProj\\Credit Card Approval Model\\my_dbt_project', 'send_anonymous_usage_stats': 'True', 'quiet': 'False', 'warn_error': 'None', 'partial_parse': 'True', 'use_colors': 'True', 'invocation_command': 'dbt docs generate', 'indirect_selection': 'eager', 'use_experimental_parser': 'False', 'log_path': 'C:\\Users\\bey77\\OneDrive\\Desktop\\Projects\\FinanceProj\\Credit Card Approval Model\\my_dbt_project\\logs'}
[0m23:14:57.132281 [debug] [MainThread]: Sending event: {'category': 'dbt', 'action': 'project_id', 'label': '5d7ddfa7-d320-43d7-884b-7d6fe5d4603b', 'context': [<snowplow_tracker.self_describing_json.SelfDescribingJson object at 0x00000261291C3470>]}
[0m23:14:57.176153 [debug] [MainThread]: Sending event: {'category': 'dbt', 'action': 'adapter_info', 'label': '5d7ddfa7-d320-43d7-884b-7d6fe5d4603b', 'context': [<snowplow_tracker.self_describing_json.SelfDescribingJson object at 0x0000026126F87C20>]}
[0m23:14:57.178169 [info ] [MainThread]: Registered adapter: sqlite=1.10.0
[0m23:14:57.306842 [debug] [MainThread]: checksum: 3d40d8bbe1bef07db1c24822f2dbfff8bc07f2a48ed4fe2658a40653aec0b54b, vars: {}, profile: , target: , version: 1.11.2
[0m23:14:57.426591 [debug] [MainThread]: Partial parsing enabled: 0 files deleted, 0 files added, 0 files changed.
[0m23:14:57.426591 [debug] [MainThread]: Nothing changed, skipping partial parsing.
[0m23:14:57.426591 [debug] [MainThread]: Partial parsing enabled, no changes found, skipping parsing
[0m23:14:57.459761 [debug] [MainThread]: Sending event: {'category': 'dbt', 'action': 'load_project', 'label': '5d7ddfa7-d320-43d7-884b-7d6fe5d4603b', 'context': [<snowplow_tracker.self_describing_json.SelfDescribingJson object at 0x00000261296373E0>]}
[0m23:14:57.493743 [debug] [MainThread]: Sending event: {'category': 'dbt', 'action': 'resource_counts', 'label': '5d7ddfa7-d320-43d7-884b-7d6fe5d4603b', 'context': [<snowplow_tracker.self_describing_json.SelfDescribingJson object at 0x0000026129A33740>]}
[0m23:14:57.495750 [info ] [MainThread]: Found 2 models, 4 data tests, 1 source, 416 macros
[0m23:14:57.495750 [debug] [MainThread]: Sending event: {'category': 'dbt', 'action': 'runnable_timing', 'label': '5d7ddfa7-d320-43d7-884b-7d6fe5d4603b', 'context': [<snowplow_tracker.self_describing_json.SelfDescribingJson object at 0x00000261299B4B00>]}
[0m23:14:57.497763 [info ] [MainThread]: 
[0m23:14:57.497763 [info ] [MainThread]: Concurrency: 1 threads (target='dev')
[0m23:14:57.499272 [info ] [MainThread]: 
[0m23:14:57.499272 [debug] [MainThread]: Acquiring new sqlite connection 'master'
[0m23:14:57.505196 [debug] [ThreadPool]: Acquiring new sqlite connection 'list_warehouse.db_main'
[0m23:14:57.567106 [debug] [ThreadPool]: Using sqlite connection "list_warehouse.db_main"
[0m23:14:57.568107 [debug] [ThreadPool]: On list_warehouse.db_main: BEGIN
[0m23:14:57.568107 [debug] [ThreadPool]: Opening a new connection, currently in state init
[0m23:14:57.573276 [debug] [ThreadPool]: SQL status: OK in 0.006 seconds
[0m23:14:57.573276 [debug] [ThreadPool]: Using sqlite connection "list_warehouse.db_main"
[0m23:14:57.573276 [debug] [ThreadPool]: On list_warehouse.db_main: /* {"app": "dbt", "dbt_version": "1.11.2", "profile_name": "credit_pipeline", "target_name": "dev", "connection_name": "list_warehouse.db_main"} */

        pragma database_list
    
[0m23:14:57.574862 [debug] [ThreadPool]: SQL status: OK in 0.000 seconds
[0m23:14:57.574862 [debug] [ThreadPool]: Using sqlite connection "list_warehouse.db_main"
[0m23:14:57.575931 [debug] [ThreadPool]: On list_warehouse.db_main: /* {"app": "dbt", "dbt_version": "1.11.2", "profile_name": "credit_pipeline", "target_name": "dev", "connection_name": "list_warehouse.db_main"} */

            SELECT
                'warehouse.db' as database
                ,name
                ,'main' AS schema
                ,type as data_type
            FROM
                main.sqlite_master
            WHERE
                name NOT LIKE 'sqlite_%'
        
[0m23:14:57.576925 [debug] [ThreadPool]: SQL status: OK in 0.002 seconds
[0m23:14:57.577926 [debug] [ThreadPool]: On list_warehouse.db_main: ROLLBACK
[0m23:14:57.578903 [debug] [ThreadPool]: On list_warehouse.db_main: Close
[0m23:14:57.579393 [debug] [MainThread]: Sending event: {'category': 'dbt', 'action': 'runnable_timing', 'label': '5d7ddfa7-d320-43d7-884b-7d6fe5d4603b', 'context': [<snowplow_tracker.self_describing_json.SelfDescribingJson object at 0x00000261298001A0>]}
[0m23:14:57.585124 [debug] [Thread-1 (]: Began running node model.my_dbt_project.credit_risk
[0m23:14:57.586134 [debug] [Thread-1 (]: Acquiring new sqlite connection 'model.my_dbt_project.credit_risk'
[0m23:14:57.586134 [debug] [Thread-1 (]: Began compiling node model.my_dbt_project.credit_risk
[0m23:14:57.590293 [debug] [Thread-1 (]: Writing injected SQL for node "model.my_dbt_project.credit_risk"
[0m23:14:57.591292 [debug] [Thread-1 (]: Began executing node model.my_dbt_project.credit_risk
[0m23:14:57.591292 [debug] [Thread-1 (]: Finished running node model.my_dbt_project.credit_risk
[0m23:14:57.591292 [debug] [Thread-1 (]: Began running node model.my_dbt_project.stg_applications
[0m23:14:57.592806 [debug] [Thread-1 (]: Re-using an available connection from the pool (formerly model.my_dbt_project.credit_risk, now model.my_dbt_project.stg_applications)
[0m23:14:57.592806 [debug] [Thread-1 (]: Began compiling node model.my_dbt_project.stg_applications
[0m23:14:57.596955 [debug] [Thread-1 (]: Writing injected SQL for node "model.my_dbt_project.stg_applications"
[0m23:14:57.598726 [debug] [Thread-1 (]: Began executing node model.my_dbt_project.stg_applications
[0m23:14:57.599394 [debug] [Thread-1 (]: Finished running node model.my_dbt_project.stg_applications
[0m23:14:57.599394 [debug] [Thread-1 (]: Began running node test.my_dbt_project.not_null_credit_risk_risk_score.bf4f074c1b
[0m23:14:57.599394 [debug] [Thread-1 (]: Re-using an available connection from the pool (formerly model.my_dbt_project.stg_applications, now test.my_dbt_project.not_null_credit_risk_risk_score.bf4f074c1b)
[0m23:14:57.599394 [debug] [Thread-1 (]: Began compiling node test.my_dbt_project.not_null_credit_risk_risk_score.bf4f074c1b
[0m23:14:57.603623 [debug] [Thread-1 (]: Writing injected SQL for node "test.my_dbt_project.not_null_credit_risk_risk_score.bf4f074c1b"
[0m23:14:57.603623 [debug] [Thread-1 (]: Began executing node test.my_dbt_project.not_null_credit_risk_risk_score.bf4f074c1b
[0m23:14:57.603623 [debug] [Thread-1 (]: Finished running node test.my_dbt_project.not_null_credit_risk_risk_score.bf4f074c1b
[0m23:14:57.603623 [debug] [Thread-1 (]: Began running node test.my_dbt_project.not_null_stg_applications_Ind_id.cb1daf6586
[0m23:14:57.603623 [debug] [Thread-1 (]: Re-using an available connection from the pool (formerly test.my_dbt_project.not_null_credit_risk_risk_score.bf4f074c1b, now test.my_dbt_project.not_null_stg_applications_Ind_id.cb1daf6586)
[0m23:14:57.611892 [debug] [Thread-1 (]: Began compiling node test.my_dbt_project.not_null_stg_applications_Ind_id.cb1daf6586
[0m23:14:57.614871 [debug] [Thread-1 (]: Writing injected SQL for node "test.my_dbt_project.not_null_stg_applications_Ind_id.cb1daf6586"
[0m23:14:57.614871 [debug] [Thread-1 (]: Began executing node test.my_dbt_project.not_null_stg_applications_Ind_id.cb1daf6586
[0m23:14:57.616880 [debug] [Thread-1 (]: Finished running node test.my_dbt_project.not_null_stg_applications_Ind_id.cb1daf6586
[0m23:14:57.616880 [debug] [Thread-1 (]: Began running node test.my_dbt_project.relationships_credit_risk_client_id__Ind_id__ref_stg_applications_.3a0c92fd63
[0m23:14:57.616880 [debug] [Thread-1 (]: Re-using an available connection from the pool (formerly test.my_dbt_project.not_null_stg_applications_Ind_id.cb1daf6586, now test.my_dbt_project.relationships_credit_risk_client_id__Ind_id__ref_stg_applications_.3a0c92fd63)
[0m23:14:57.616880 [debug] [Thread-1 (]: Began compiling node test.my_dbt_project.relationships_credit_risk_client_id__Ind_id__ref_stg_applications_.3a0c92fd63
[0m23:14:57.624958 [debug] [Thread-1 (]: Writing injected SQL for node "test.my_dbt_project.relationships_credit_risk_client_id__Ind_id__ref_stg_applications_.3a0c92fd63"
[0m23:14:57.628603 [debug] [Thread-1 (]: Began executing node test.my_dbt_project.relationships_credit_risk_client_id__Ind_id__ref_stg_applications_.3a0c92fd63
[0m23:14:57.629308 [debug] [Thread-1 (]: Finished running node test.my_dbt_project.relationships_credit_risk_client_id__Ind_id__ref_stg_applications_.3a0c92fd63
[0m23:14:57.629308 [debug] [Thread-1 (]: Began running node test.my_dbt_project.unique_stg_applications_Ind_id.3f23aaa583
[0m23:14:57.629892 [debug] [Thread-1 (]: Re-using an available connection from the pool (formerly test.my_dbt_project.relationships_credit_risk_client_id__Ind_id__ref_stg_applications_.3a0c92fd63, now test.my_dbt_project.unique_stg_applications_Ind_id.3f23aaa583)
[0m23:14:57.629892 [debug] [Thread-1 (]: Began compiling node test.my_dbt_project.unique_stg_applications_Ind_id.3f23aaa583
[0m23:14:57.635502 [debug] [Thread-1 (]: Writing injected SQL for node "test.my_dbt_project.unique_stg_applications_Ind_id.3f23aaa583"
[0m23:14:57.635502 [debug] [Thread-1 (]: Began executing node test.my_dbt_project.unique_stg_applications_Ind_id.3f23aaa583
[0m23:14:57.635502 [debug] [Thread-1 (]: Finished running node test.my_dbt_project.unique_stg_applications_Ind_id.3f23aaa583
[0m23:14:57.635502 [debug] [MainThread]: Connection 'master' was properly closed.
[0m23:14:57.635502 [debug] [MainThread]: Connection 'list_warehouse.db_main' was properly closed.
[0m23:14:57.635502 [debug] [MainThread]: Connection 'test.my_dbt_project.unique_stg_applications_Ind_id.3f23aaa583' was properly closed.
[0m23:14:57.635502 [debug] [MainThread]: Command end result
[0m23:14:57.710794 [debug] [MainThread]: Wrote artifact WritableManifest to C:\Users\bey77\OneDrive\Desktop\Projects\FinanceProj\Credit Card Approval Model\my_dbt_project\target\manifest.json
[0m23:14:57.712515 [debug] [MainThread]: Wrote artifact SemanticManifest to C:\Users\bey77\OneDrive\Desktop\Projects\FinanceProj\Credit Card Approval Model\my_dbt_project\target\semantic_manifest.json
[0m23:14:57.719914 [debug] [MainThread]: Wrote artifact RunExecutionResult to C:\Users\bey77\OneDrive\Desktop\Projects\FinanceProj\Credit Card Approval Model\my_dbt_project\target\run_results.json
[0m23:15:03.143143 [debug] [MainThread]: Acquiring new sqlite connection 'generate_catalog'
[0m23:15:03.147637 [info ] [MainThread]: Building catalog
[0m23:15:03.153350 [debug] [ThreadPool]: Acquiring new sqlite connection 'warehouse.db.information_schema'
[0m23:15:03.153350 [debug] [ThreadPool]: Using sqlite connection "warehouse.db.information_schema"
[0m23:15:03.153350 [debug] [ThreadPool]: On warehouse.db.information_schema: BEGIN
[0m23:15:03.153350 [debug] [ThreadPool]: Opening a new connection, currently in state init
[0m23:15:03.153350 [debug] [ThreadPool]: SQL status: OK in 0.001 seconds
[0m23:15:03.158142 [debug] [ThreadPool]: Using sqlite connection "warehouse.db.information_schema"
[0m23:15:03.158142 [debug] [ThreadPool]: On warehouse.db.information_schema: /* {"app": "dbt", "dbt_version": "1.11.2", "profile_name": "credit_pipeline", "target_name": "dev", "connection_name": "warehouse.db.information_schema"} */

        pragma database_list
    
[0m23:15:03.158732 [debug] [ThreadPool]: SQL status: OK in 0.000 seconds
[0m23:15:03.159303 [debug] [ThreadPool]: Using sqlite connection "warehouse.db.information_schema"
[0m23:15:03.159303 [debug] [ThreadPool]: On warehouse.db.information_schema: /* {"app": "dbt", "dbt_version": "1.11.2", "profile_name": "credit_pipeline", "target_name": "dev", "connection_name": "warehouse.db.information_schema"} */

            SELECT
                'warehouse.db' as database
                ,name
                ,'main' AS schema
                ,type as data_type
            FROM
                main.sqlite_master
            WHERE
                name NOT LIKE 'sqlite_%'
        
[0m23:15:03.160503 [debug] [ThreadPool]: SQL status: OK in 0.000 seconds
[0m23:15:03.163121 [debug] [ThreadPool]: Using sqlite connection "warehouse.db.information_schema"
[0m23:15:03.163450 [debug] [ThreadPool]: On warehouse.db.information_schema: /* {"app": "dbt", "dbt_version": "1.11.2", "profile_name": "credit_pipeline", "target_name": "dev", "connection_name": "warehouse.db.information_schema"} */
pragma main.table_info(credit_risk)
[0m23:15:03.163928 [debug] [ThreadPool]: On warehouse.db.information_schema: ROLLBACK
[0m23:15:03.163928 [debug] [ThreadPool]: On warehouse.db.information_schema: Close
[0m23:15:03.164465 [debug] [ThreadPool]: SQLite adapter: sqlite3 error: no such table: main.raw_credit_data
[0m23:15:03.164465 [warn ] [MainThread]: Encountered an error while generating catalog: Database Error
  no such table: main.raw_credit_data
[0m23:15:03.164465 [debug] [MainThread]: Wrote artifact CatalogArtifact to C:\Users\bey77\OneDrive\Desktop\Projects\FinanceProj\Credit Card Approval Model\my_dbt_project\target\catalog.json
[0m23:15:03.184187 [debug] [MainThread]: Wrote artifact WritableManifest to C:\Users\bey77\OneDrive\Desktop\Projects\FinanceProj\Credit Card Approval Model\my_dbt_project\target\manifest.json
[0m23:15:03.186190 [debug] [MainThread]: Wrote artifact SemanticManifest to C:\Users\bey77\OneDrive\Desktop\Projects\FinanceProj\Credit Card Approval Model\my_dbt_project\target\semantic_manifest.json
[0m23:15:03.186190 [error] [MainThread]: dbt encountered 1 failure while writing the catalog
[0m23:15:03.187793 [info ] [MainThread]: Catalog written to C:\Users\bey77\OneDrive\Desktop\Projects\FinanceProj\Credit Card Approval Model\my_dbt_project\target\catalog.json
[0m23:15:03.188931 [debug] [MainThread]: Command `dbt docs generate` failed at 23:15:03.188931 after 6.35 seconds
[0m23:15:03.188931 [debug] [MainThread]: Connection 'generate_catalog' was properly closed.
[0m23:15:03.188931 [debug] [MainThread]: Connection 'warehouse.db.information_schema' was properly closed.
[0m23:15:03.188931 [debug] [MainThread]: Sending event: {'category': 'dbt', 'action': 'invocation', 'label': 'end', 'context': [<snowplow_tracker.self_describing_json.SelfDescribingJson object at 0x0000026129E3E900>, <snowplow_tracker.self_describing_json.SelfDescribingJson object at 0x0000026127BA9F70>, <snowplow_tracker.self_describing_json.SelfDescribingJson object at 0x0000026127BA8FE0>]}
[0m23:15:03.188931 [debug] [MainThread]: Flushing usage events
[0m23:15:03.497446 [debug] [MainThread]: An error was encountered while trying to flush usage events
[0m23:15:59.452233 [debug] [MainThread]: Sending event: {'category': 'dbt', 'action': 'invocation', 'label': 'start', 'context': [<snowplow_tracker.self_describing_json.SelfDescribingJson object at 0x000002C65B7BC8C0>, <snowplow_tracker.self_describing_json.SelfDescribingJson object at 0x000002C65D853500>, <snowplow_tracker.self_describing_json.SelfDescribingJson object at 0x000002C65E2B2630>]}


============================== 23:15:59.460900 | e979fea5-c0ba-41ce-b361-cda6b29e23d7 ==============================
[0m23:15:59.460900 [info ] [MainThread]: Running with dbt=1.11.2
[0m23:15:59.460900 [debug] [MainThread]: running dbt with arguments {'static_parser': 'True', 'no_print': 'None', 'version_check': 'True', 'target_path': 'None', 'warn_error_options': 'WarnErrorOptionsV2(error=[], warn=[], silence=[])', 'printer_width': '80', 'write_json': 'True', 'empty': 'None', 'log_cache_events': 'False', 'introspect': 'True', 'cache_selected_only': 'False', 'fail_fast': 'False', 'debug': 'False', 'log_format': 'default', 'profiles_dir': 'C:\\Users\\bey77\\OneDrive\\Desktop\\Projects\\FinanceProj\\Credit Card Approval Model\\my_dbt_project', 'send_anonymous_usage_stats': 'True', 'quiet': 'False', 'warn_error': 'None', 'partial_parse': 'True', 'indirect_selection': 'eager', 'use_colors': 'True', 'invocation_command': 'dbt clean', 'use_experimental_parser': 'False', 'log_path': 'C:\\Users\\bey77\\OneDrive\\Desktop\\Projects\\FinanceProj\\Credit Card Approval Model\\my_dbt_project\\logs'}
[0m23:15:59.565349 [debug] [MainThread]: Sending event: {'category': 'dbt', 'action': 'project_id', 'label': 'e979fea5-c0ba-41ce-b361-cda6b29e23d7', 'context': [<snowplow_tracker.self_describing_json.SelfDescribingJson object at 0x000002C65D850950>]}
[0m23:15:59.622524 [debug] [MainThread]: Command `dbt clean` succeeded at 23:15:59.622035 after 0.28 seconds
[0m23:15:59.622524 [debug] [MainThread]: Sending event: {'category': 'dbt', 'action': 'invocation', 'label': 'end', 'context': [<snowplow_tracker.self_describing_json.SelfDescribingJson object at 0x000002C65DDF6C90>, <snowplow_tracker.self_describing_json.SelfDescribingJson object at 0x000002C65B6B6870>, <snowplow_tracker.self_describing_json.SelfDescribingJson object at 0x000002C65E027FB0>]}
[0m23:15:59.622524 [debug] [MainThread]: Flushing usage events
[0m23:15:59.773736 [debug] [MainThread]: An error was encountered while trying to flush usage events
[0m23:16:09.645428 [debug] [MainThread]: Sending event: {'category': 'dbt', 'action': 'invocation', 'label': 'start', 'context': [<snowplow_tracker.self_describing_json.SelfDescribingJson object at 0x00000243442C79E0>, <snowplow_tracker.self_describing_json.SelfDescribingJson object at 0x0000024346585610>, <snowplow_tracker.self_describing_json.SelfDescribingJson object at 0x00000243443F6510>]}


============================== 23:16:09.651750 | a8981387-bb7b-4195-9afd-023eb1199d8c ==============================
[0m23:16:09.651750 [info ] [MainThread]: Running with dbt=1.11.2
[0m23:16:09.651750 [debug] [MainThread]: running dbt with arguments {'version_check': 'True', 'no_print': 'None', 'static_parser': 'True', 'target_path': 'None', 'warn_error_options': 'WarnErrorOptionsV2(error=[], warn=[], silence=[])', 'printer_width': '80', 'write_json': 'True', 'introspect': 'True', 'log_cache_events': 'False', 'empty': 'False', 'cache_selected_only': 'False', 'fail_fast': 'False', 'debug': 'False', 'log_format': 'default', 'partial_parse': 'True', 'send_anonymous_usage_stats': 'True', 'quiet': 'False', 'warn_error': 'None', 'profiles_dir': 'C:\\Users\\bey77\\OneDrive\\Desktop\\Projects\\FinanceProj\\Credit Card Approval Model\\my_dbt_project', 'invocation_command': 'dbt run', 'indirect_selection': 'eager', 'use_colors': 'True', 'use_experimental_parser': 'False', 'log_path': 'C:\\Users\\bey77\\OneDrive\\Desktop\\Projects\\FinanceProj\\Credit Card Approval Model\\my_dbt_project\\logs'}
[0m23:16:09.782882 [debug] [MainThread]: Sending event: {'category': 'dbt', 'action': 'project_id', 'label': 'a8981387-bb7b-4195-9afd-023eb1199d8c', 'context': [<snowplow_tracker.self_describing_json.SelfDescribingJson object at 0x00000243487C1010>]}
[0m23:16:09.825255 [debug] [MainThread]: Sending event: {'category': 'dbt', 'action': 'adapter_info', 'label': 'a8981387-bb7b-4195-9afd-023eb1199d8c', 'context': [<snowplow_tracker.self_describing_json.SelfDescribingJson object at 0x00000243474EFDA0>]}
[0m23:16:09.827261 [info ] [MainThread]: Registered adapter: sqlite=1.10.0
[0m23:16:09.968740 [debug] [MainThread]: checksum: 3d40d8bbe1bef07db1c24822f2dbfff8bc07f2a48ed4fe2658a40653aec0b54b, vars: {}, profile: , target: , version: 1.11.2
[0m23:16:09.974074 [info ] [MainThread]: Unable to do partial parsing because saved manifest not found. Starting full parse.
[0m23:16:09.974668 [debug] [MainThread]: Sending event: {'category': 'dbt', 'action': 'partial_parser', 'label': 'a8981387-bb7b-4195-9afd-023eb1199d8c', 'context': [<snowplow_tracker.self_describing_json.SelfDescribingJson object at 0x00000243488E40E0>]}
[0m23:16:10.658737 [warn ] [MainThread]: [[33mWARNING[0m][MissingArgumentsPropertyInGenericTestDeprecation]: Deprecated
functionality
Found top-level arguments to test `relationships` defined on 'credit_risk' in
package 'my_dbt_project' (models\models.yml). Arguments to generic tests should
be nested under the `arguments` property.
[0m23:16:10.658737 [debug] [MainThread]: Sending event: {'category': 'dbt', 'action': 'deprecation', 'label': 'a8981387-bb7b-4195-9afd-023eb1199d8c', 'property_': 'warn', 'context': [<snowplow_tracker.self_describing_json.SelfDescribingJson object at 0x00000243491D7470>]}
[0m23:16:10.804234 [debug] [MainThread]: Sending event: {'category': 'dbt', 'action': 'load_project', 'label': 'a8981387-bb7b-4195-9afd-023eb1199d8c', 'context': [<snowplow_tracker.self_describing_json.SelfDescribingJson object at 0x0000024348FA4E60>]}
[0m23:16:10.856082 [debug] [MainThread]: Wrote artifact WritableManifest to C:\Users\bey77\OneDrive\Desktop\Projects\FinanceProj\Credit Card Approval Model\my_dbt_project\target\manifest.json
[0m23:16:10.859933 [debug] [MainThread]: Wrote artifact SemanticManifest to C:\Users\bey77\OneDrive\Desktop\Projects\FinanceProj\Credit Card Approval Model\my_dbt_project\target\semantic_manifest.json
[0m23:16:10.900001 [debug] [MainThread]: Sending event: {'category': 'dbt', 'action': 'resource_counts', 'label': 'a8981387-bb7b-4195-9afd-023eb1199d8c', 'context': [<snowplow_tracker.self_describing_json.SelfDescribingJson object at 0x0000024348F727E0>]}
[0m23:16:10.900001 [info ] [MainThread]: Found 2 models, 4 data tests, 1 source, 416 macros
[0m23:16:10.902015 [debug] [MainThread]: Sending event: {'category': 'dbt', 'action': 'runnable_timing', 'label': 'a8981387-bb7b-4195-9afd-023eb1199d8c', 'context': [<snowplow_tracker.self_describing_json.SelfDescribingJson object at 0x0000024346AD9820>]}
[0m23:16:10.905535 [info ] [MainThread]: 
[0m23:16:10.906921 [info ] [MainThread]: Concurrency: 1 threads (target='dev')
[0m23:16:10.906921 [info ] [MainThread]: 
[0m23:16:10.906921 [debug] [MainThread]: Acquiring new sqlite connection 'master'
[0m23:16:10.920727 [debug] [ThreadPool]: Acquiring new sqlite connection 'list_warehouse.db'
[0m23:16:10.992907 [debug] [ThreadPool]: Using sqlite connection "list_warehouse.db"
[0m23:16:10.992907 [debug] [ThreadPool]: On list_warehouse.db: BEGIN
[0m23:16:10.993906 [debug] [ThreadPool]: Opening a new connection, currently in state init
[0m23:16:10.994906 [debug] [ThreadPool]: SQL status: OK in 0.001 seconds
[0m23:16:10.994906 [debug] [ThreadPool]: Using sqlite connection "list_warehouse.db"
[0m23:16:10.994906 [debug] [ThreadPool]: On list_warehouse.db: /* {"app": "dbt", "dbt_version": "1.11.2", "profile_name": "credit_pipeline", "target_name": "dev", "connection_name": "list_warehouse.db"} */

        pragma database_list
    
[0m23:16:10.994906 [debug] [ThreadPool]: SQL status: OK in 0.000 seconds
[0m23:16:10.995908 [debug] [ThreadPool]: On list_warehouse.db: ROLLBACK
[0m23:16:10.995908 [debug] [ThreadPool]: On list_warehouse.db: Close
[0m23:16:10.998032 [debug] [ThreadPool]: Acquiring new sqlite connection 'list_warehouse.db_main'
[0m23:16:11.002164 [debug] [ThreadPool]: Using sqlite connection "list_warehouse.db_main"
[0m23:16:11.003164 [debug] [ThreadPool]: On list_warehouse.db_main: BEGIN
[0m23:16:11.003164 [debug] [ThreadPool]: Opening a new connection, currently in state init
[0m23:16:11.004164 [debug] [ThreadPool]: SQL status: OK in 0.001 seconds
[0m23:16:11.004164 [debug] [ThreadPool]: Using sqlite connection "list_warehouse.db_main"
[0m23:16:11.004164 [debug] [ThreadPool]: On list_warehouse.db_main: /* {"app": "dbt", "dbt_version": "1.11.2", "profile_name": "credit_pipeline", "target_name": "dev", "connection_name": "list_warehouse.db_main"} */

        pragma database_list
    
[0m23:16:11.004164 [debug] [ThreadPool]: SQL status: OK in 0.000 seconds
[0m23:16:11.005164 [debug] [ThreadPool]: Using sqlite connection "list_warehouse.db_main"
[0m23:16:11.005164 [debug] [ThreadPool]: On list_warehouse.db_main: /* {"app": "dbt", "dbt_version": "1.11.2", "profile_name": "credit_pipeline", "target_name": "dev", "connection_name": "list_warehouse.db_main"} */

            SELECT
                'warehouse.db' as database
                ,name
                ,'main' AS schema
                ,type as data_type
            FROM
                main.sqlite_master
            WHERE
                name NOT LIKE 'sqlite_%'
        
[0m23:16:11.006164 [debug] [ThreadPool]: SQL status: OK in 0.000 seconds
[0m23:16:11.007163 [debug] [ThreadPool]: On list_warehouse.db_main: ROLLBACK
[0m23:16:11.008164 [debug] [ThreadPool]: On list_warehouse.db_main: Close
[0m23:16:11.009164 [debug] [MainThread]: Sending event: {'category': 'dbt', 'action': 'runnable_timing', 'label': 'a8981387-bb7b-4195-9afd-023eb1199d8c', 'context': [<snowplow_tracker.self_describing_json.SelfDescribingJson object at 0x00000243491B5C40>]}
[0m23:16:11.009164 [debug] [MainThread]: Using sqlite connection "master"
[0m23:16:11.010672 [debug] [MainThread]: On master: BEGIN
[0m23:16:11.010672 [debug] [MainThread]: Opening a new connection, currently in state init
[0m23:16:11.010672 [debug] [MainThread]: SQL status: OK in 0.001 seconds
[0m23:16:11.011681 [debug] [MainThread]: On master: COMMIT
[0m23:16:11.011681 [debug] [MainThread]: Using sqlite connection "master"
[0m23:16:11.011681 [debug] [MainThread]: On master: COMMIT
[0m23:16:11.012681 [debug] [MainThread]: SQL status: OK in 0.000 seconds
[0m23:16:11.012681 [debug] [MainThread]: On master: Close
[0m23:16:11.015685 [debug] [Thread-1 (]: Began running node model.my_dbt_project.credit_risk
[0m23:16:11.015685 [info ] [Thread-1 (]: 1 of 2 START sql view model main.credit_risk ................................... [RUN]
[0m23:16:11.015685 [debug] [Thread-1 (]: Acquiring new sqlite connection 'model.my_dbt_project.credit_risk'
[0m23:16:11.015685 [debug] [Thread-1 (]: Began compiling node model.my_dbt_project.credit_risk
[0m23:16:11.021189 [debug] [Thread-1 (]: Writing injected SQL for node "model.my_dbt_project.credit_risk"
[0m23:16:11.021189 [debug] [Thread-1 (]: Began executing node model.my_dbt_project.credit_risk
[0m23:16:11.042279 [debug] [Thread-1 (]: Using sqlite connection "model.my_dbt_project.credit_risk"
[0m23:16:11.042279 [debug] [Thread-1 (]: On model.my_dbt_project.credit_risk: /* {"app": "dbt", "dbt_version": "1.11.2", "profile_name": "credit_pipeline", "target_name": "dev", "node_id": "model.my_dbt_project.credit_risk"} */
drop view if exists "main"."credit_risk"
[0m23:16:11.042279 [debug] [Thread-1 (]: Opening a new connection, currently in state init
[0m23:16:11.048543 [debug] [Thread-1 (]: SQL status: OK in 0.007 seconds
[0m23:16:11.054170 [debug] [Thread-1 (]: Writing runtime sql for node "model.my_dbt_project.credit_risk"
[0m23:16:11.054170 [debug] [Thread-1 (]: Using sqlite connection "model.my_dbt_project.credit_risk"
[0m23:16:11.054170 [debug] [Thread-1 (]: On model.my_dbt_project.credit_risk: BEGIN
[0m23:16:11.058705 [debug] [Thread-1 (]: SQL status: OK in 0.000 seconds
[0m23:16:11.058705 [debug] [Thread-1 (]: Using sqlite connection "model.my_dbt_project.credit_risk"
[0m23:16:11.058705 [debug] [Thread-1 (]: On model.my_dbt_project.credit_risk: /* {"app": "dbt", "dbt_version": "1.11.2", "profile_name": "credit_pipeline", "target_name": "dev", "node_id": "model.my_dbt_project.credit_risk"} */

    
    create view main."credit_risk" as
    -- income per child
-- annual income / # of children

SELECT Ind_ID, Annual_income, children,
CASE 
    WHEN children > 0 THEN Annual_income / children
    ELSE NULL
END AS income_per_child
FROM raw_credit_data;
[0m23:16:11.058705 [debug] [Thread-1 (]: SQL status: OK in 0.001 seconds
[0m23:16:11.064355 [debug] [Thread-1 (]: On model.my_dbt_project.credit_risk: COMMIT
[0m23:16:11.065371 [debug] [Thread-1 (]: Using sqlite connection "model.my_dbt_project.credit_risk"
[0m23:16:11.065371 [debug] [Thread-1 (]: On model.my_dbt_project.credit_risk: COMMIT
[0m23:16:11.067369 [debug] [Thread-1 (]: SQL status: OK in 0.002 seconds
[0m23:16:11.069369 [debug] [Thread-1 (]: On model.my_dbt_project.credit_risk: Close
[0m23:16:11.071369 [debug] [Thread-1 (]: Sending event: {'category': 'dbt', 'action': 'run_model', 'label': 'a8981387-bb7b-4195-9afd-023eb1199d8c', 'context': [<snowplow_tracker.self_describing_json.SelfDescribingJson object at 0x000002434900D310>]}
[0m23:16:11.072373 [info ] [Thread-1 (]: 1 of 2 OK created sql view model main.credit_risk .............................. [[32mOK[0m in 0.05s]
[0m23:16:11.072373 [debug] [Thread-1 (]: Finished running node model.my_dbt_project.credit_risk
[0m23:16:11.073366 [debug] [Thread-1 (]: Began running node model.my_dbt_project.stg_applications
[0m23:16:11.073366 [info ] [Thread-1 (]: 2 of 2 START sql view model main.stg_applications .............................. [RUN]
[0m23:16:11.073883 [debug] [Thread-1 (]: Re-using an available connection from the pool (formerly model.my_dbt_project.credit_risk, now model.my_dbt_project.stg_applications)
[0m23:16:11.073883 [debug] [Thread-1 (]: Began compiling node model.my_dbt_project.stg_applications
[0m23:16:11.076885 [debug] [Thread-1 (]: Writing injected SQL for node "model.my_dbt_project.stg_applications"
[0m23:16:11.077885 [debug] [Thread-1 (]: Began executing node model.my_dbt_project.stg_applications
[0m23:16:11.082417 [debug] [Thread-1 (]: Using sqlite connection "model.my_dbt_project.stg_applications"
[0m23:16:11.082852 [debug] [Thread-1 (]: On model.my_dbt_project.stg_applications: /* {"app": "dbt", "dbt_version": "1.11.2", "profile_name": "credit_pipeline", "target_name": "dev", "node_id": "model.my_dbt_project.stg_applications"} */
drop view if exists "main"."stg_applications"
[0m23:16:11.082852 [debug] [Thread-1 (]: Opening a new connection, currently in state closed
[0m23:16:11.088479 [debug] [Thread-1 (]: SQL status: OK in 0.005 seconds
[0m23:16:11.088479 [debug] [Thread-1 (]: Writing runtime sql for node "model.my_dbt_project.stg_applications"
[0m23:16:11.088479 [debug] [Thread-1 (]: Using sqlite connection "model.my_dbt_project.stg_applications"
[0m23:16:11.090496 [debug] [Thread-1 (]: On model.my_dbt_project.stg_applications: BEGIN
[0m23:16:11.090496 [debug] [Thread-1 (]: SQL status: OK in 0.000 seconds
[0m23:16:11.090496 [debug] [Thread-1 (]: Using sqlite connection "model.my_dbt_project.stg_applications"
[0m23:16:11.090496 [debug] [Thread-1 (]: On model.my_dbt_project.stg_applications: /* {"app": "dbt", "dbt_version": "1.11.2", "profile_name": "credit_pipeline", "target_name": "dev", "node_id": "model.my_dbt_project.stg_applications"} */

    
    create view main."stg_applications" as
    -- models/stg_applications.sql
WITH source AS (
    SELECT * FROM main."raw_applications"
)

SELECT
    ID as applicant_id,
    annual_income,
    -- Convert days to years (absolute value because days are often negative in these datasets)
    ABS(employed_days) / 365.0 as years_employed,
    -- Map education to numeric within the SQL layer
    CASE 
        WHEN education = 'Higher education' THEN 1 
        ELSE 0 
    END as is_higher_ed,
    label as rejected
FROM source;
[0m23:16:11.092514 [debug] [Thread-1 (]: SQL status: OK in 0.001 seconds
[0m23:16:11.093527 [debug] [Thread-1 (]: On model.my_dbt_project.stg_applications: COMMIT
[0m23:16:11.093527 [debug] [Thread-1 (]: Using sqlite connection "model.my_dbt_project.stg_applications"
[0m23:16:11.093527 [debug] [Thread-1 (]: On model.my_dbt_project.stg_applications: COMMIT
[0m23:16:11.093527 [debug] [Thread-1 (]: SQL status: OK in 0.002 seconds
[0m23:16:11.097659 [debug] [Thread-1 (]: On model.my_dbt_project.stg_applications: Close
[0m23:16:11.098153 [debug] [Thread-1 (]: Sending event: {'category': 'dbt', 'action': 'run_model', 'label': 'a8981387-bb7b-4195-9afd-023eb1199d8c', 'context': [<snowplow_tracker.self_describing_json.SelfDescribingJson object at 0x00000243495EC620>]}
[0m23:16:11.098790 [info ] [Thread-1 (]: 2 of 2 OK created sql view model main.stg_applications ......................... [[32mOK[0m in 0.02s]
[0m23:16:11.098790 [debug] [Thread-1 (]: Finished running node model.my_dbt_project.stg_applications
[0m23:16:11.100802 [debug] [MainThread]: Using sqlite connection "master"
[0m23:16:11.100802 [debug] [MainThread]: On master: BEGIN
[0m23:16:11.100802 [debug] [MainThread]: Opening a new connection, currently in state closed
[0m23:16:11.101806 [debug] [MainThread]: SQL status: OK in 0.001 seconds
[0m23:16:11.102801 [debug] [MainThread]: On master: COMMIT
[0m23:16:11.102801 [debug] [MainThread]: Using sqlite connection "master"
[0m23:16:11.102801 [debug] [MainThread]: On master: COMMIT
[0m23:16:11.102801 [debug] [MainThread]: SQL status: OK in 0.000 seconds
[0m23:16:11.102801 [debug] [MainThread]: On master: Close
[0m23:16:11.103800 [debug] [MainThread]: Connection 'master' was properly closed.
[0m23:16:11.103800 [debug] [MainThread]: Connection 'list_warehouse.db' was properly closed.
[0m23:16:11.103800 [debug] [MainThread]: Connection 'list_warehouse.db_main' was properly closed.
[0m23:16:11.103800 [debug] [MainThread]: Connection 'model.my_dbt_project.stg_applications' was properly closed.
[0m23:16:11.103800 [info ] [MainThread]: 
[0m23:16:11.103800 [info ] [MainThread]: Finished running 2 view models in 0 hours 0 minutes and 0.20 seconds (0.20s).
[0m23:16:11.105936 [debug] [MainThread]: Command end result
[0m23:16:11.119167 [debug] [MainThread]: Wrote artifact WritableManifest to C:\Users\bey77\OneDrive\Desktop\Projects\FinanceProj\Credit Card Approval Model\my_dbt_project\target\manifest.json
[0m23:16:11.121162 [debug] [MainThread]: Wrote artifact SemanticManifest to C:\Users\bey77\OneDrive\Desktop\Projects\FinanceProj\Credit Card Approval Model\my_dbt_project\target\semantic_manifest.json
[0m23:16:11.124814 [debug] [MainThread]: Wrote artifact RunExecutionResult to C:\Users\bey77\OneDrive\Desktop\Projects\FinanceProj\Credit Card Approval Model\my_dbt_project\target\run_results.json
[0m23:16:11.124814 [info ] [MainThread]: 
[0m23:16:11.124814 [info ] [MainThread]: [32mCompleted successfully[0m
[0m23:16:11.124814 [info ] [MainThread]: 
[0m23:16:11.127050 [info ] [MainThread]: Done. PASS=2 WARN=0 ERROR=0 SKIP=0 NO-OP=0 TOTAL=2
[0m23:16:11.128060 [warn ] [MainThread]: [[33mWARNING[0m][DeprecationsSummary]: Deprecated functionality
Summary of encountered deprecations:
- MissingArgumentsPropertyInGenericTestDeprecation: 1 occurrence
To see all deprecation instances instead of just the first occurrence of each,
run command again with the `--show-all-deprecations` flag. You may also need to
run with `--no-partial-parse` as some deprecations are only encountered during
parsing.
[0m23:16:11.129077 [debug] [MainThread]: Command `dbt run` succeeded at 23:16:11.128060 after 1.61 seconds
[0m23:16:11.129077 [debug] [MainThread]: Sending event: {'category': 'dbt', 'action': 'invocation', 'label': 'end', 'context': [<snowplow_tracker.self_describing_json.SelfDescribingJson object at 0x0000024346F62AE0>, <snowplow_tracker.self_describing_json.SelfDescribingJson object at 0x0000024348F3CD40>, <snowplow_tracker.self_describing_json.SelfDescribingJson object at 0x000002434916D820>]}
[0m23:16:11.129077 [debug] [MainThread]: Flushing usage events
[0m23:16:11.421756 [debug] [MainThread]: An error was encountered while trying to flush usage events
[0m23:16:21.614843 [debug] [MainThread]: Sending event: {'category': 'dbt', 'action': 'invocation', 'label': 'start', 'context': [<snowplow_tracker.self_describing_json.SelfDescribingJson object at 0x000001BD8593C5F0>, <snowplow_tracker.self_describing_json.SelfDescribingJson object at 0x000001BD885E9EB0>, <snowplow_tracker.self_describing_json.SelfDescribingJson object at 0x000001BD885E9E20>]}


============================== 23:16:21.626397 | 8c5cdc0f-6b9a-41f4-b768-f38449be6fc1 ==============================
[0m23:16:21.626397 [info ] [MainThread]: Running with dbt=1.11.2
[0m23:16:21.626865 [debug] [MainThread]: running dbt with arguments {'static_parser': 'True', 'no_print': 'None', 'version_check': 'True', 'warn_error_options': 'WarnErrorOptionsV2(error=[], warn=[], silence=[])', 'target_path': 'None', 'printer_width': '80', 'write_json': 'True', 'introspect': 'True', 'log_cache_events': 'False', 'empty': 'None', 'cache_selected_only': 'False', 'log_format': 'default', 'debug': 'False', 'fail_fast': 'False', 'profiles_dir': 'C:\\Users\\bey77\\OneDrive\\Desktop\\Projects\\FinanceProj\\Credit Card Approval Model\\my_dbt_project', 'send_anonymous_usage_stats': 'True', 'quiet': 'False', 'warn_error': 'None', 'partial_parse': 'True', 'indirect_selection': 'eager', 'invocation_command': 'dbt docs generate', 'use_colors': 'True', 'use_experimental_parser': 'False', 'log_path': 'C:\\Users\\bey77\\OneDrive\\Desktop\\Projects\\FinanceProj\\Credit Card Approval Model\\my_dbt_project\\logs'}
[0m23:16:21.774919 [debug] [MainThread]: Sending event: {'category': 'dbt', 'action': 'project_id', 'label': '8c5cdc0f-6b9a-41f4-b768-f38449be6fc1', 'context': [<snowplow_tracker.self_describing_json.SelfDescribingJson object at 0x000001BD87EB5EE0>]}
[0m23:16:21.824116 [debug] [MainThread]: Sending event: {'category': 'dbt', 'action': 'adapter_info', 'label': '8c5cdc0f-6b9a-41f4-b768-f38449be6fc1', 'context': [<snowplow_tracker.self_describing_json.SelfDescribingJson object at 0x000001BD89BFB7D0>]}
[0m23:16:21.826127 [info ] [MainThread]: Registered adapter: sqlite=1.10.0
[0m23:16:21.970476 [debug] [MainThread]: checksum: 3d40d8bbe1bef07db1c24822f2dbfff8bc07f2a48ed4fe2658a40653aec0b54b, vars: {}, profile: , target: , version: 1.11.2
[0m23:16:22.094585 [debug] [MainThread]: Partial parsing enabled: 0 files deleted, 0 files added, 0 files changed.
[0m23:16:22.095152 [debug] [MainThread]: Nothing changed, skipping partial parsing.
[0m23:16:22.095152 [debug] [MainThread]: Partial parsing enabled, no changes found, skipping parsing
[0m23:16:22.129064 [debug] [MainThread]: Sending event: {'category': 'dbt', 'action': 'load_project', 'label': '8c5cdc0f-6b9a-41f4-b768-f38449be6fc1', 'context': [<snowplow_tracker.self_describing_json.SelfDescribingJson object at 0x000001BD89E589B0>]}
[0m23:16:22.164520 [debug] [MainThread]: Sending event: {'category': 'dbt', 'action': 'resource_counts', 'label': '8c5cdc0f-6b9a-41f4-b768-f38449be6fc1', 'context': [<snowplow_tracker.self_describing_json.SelfDescribingJson object at 0x000001BD8A393BF0>]}
[0m23:16:22.165239 [info ] [MainThread]: Found 2 models, 4 data tests, 1 source, 416 macros
[0m23:16:22.165588 [debug] [MainThread]: Sending event: {'category': 'dbt', 'action': 'runnable_timing', 'label': '8c5cdc0f-6b9a-41f4-b768-f38449be6fc1', 'context': [<snowplow_tracker.self_describing_json.SelfDescribingJson object at 0x000001BD8A1D0980>]}
[0m23:16:22.167112 [info ] [MainThread]: 
[0m23:16:22.167619 [info ] [MainThread]: Concurrency: 1 threads (target='dev')
[0m23:16:22.167619 [info ] [MainThread]: 
[0m23:16:22.168169 [debug] [MainThread]: Acquiring new sqlite connection 'master'
[0m23:16:22.172919 [debug] [ThreadPool]: Acquiring new sqlite connection 'list_warehouse.db_main'
[0m23:16:22.229967 [debug] [ThreadPool]: Using sqlite connection "list_warehouse.db_main"
[0m23:16:22.231389 [debug] [ThreadPool]: On list_warehouse.db_main: BEGIN
[0m23:16:22.231389 [debug] [ThreadPool]: Opening a new connection, currently in state init
[0m23:16:22.232405 [debug] [ThreadPool]: SQL status: OK in 0.001 seconds
[0m23:16:22.232405 [debug] [ThreadPool]: Using sqlite connection "list_warehouse.db_main"
[0m23:16:22.232405 [debug] [ThreadPool]: On list_warehouse.db_main: /* {"app": "dbt", "dbt_version": "1.11.2", "profile_name": "credit_pipeline", "target_name": "dev", "connection_name": "list_warehouse.db_main"} */

        pragma database_list
    
[0m23:16:22.232405 [debug] [ThreadPool]: SQL status: OK in 0.000 seconds
[0m23:16:22.233408 [debug] [ThreadPool]: Using sqlite connection "list_warehouse.db_main"
[0m23:16:22.234403 [debug] [ThreadPool]: On list_warehouse.db_main: /* {"app": "dbt", "dbt_version": "1.11.2", "profile_name": "credit_pipeline", "target_name": "dev", "connection_name": "list_warehouse.db_main"} */

            SELECT
                'warehouse.db' as database
                ,name
                ,'main' AS schema
                ,type as data_type
            FROM
                main.sqlite_master
            WHERE
                name NOT LIKE 'sqlite_%'
        
[0m23:16:22.234403 [debug] [ThreadPool]: SQL status: OK in 0.000 seconds
[0m23:16:22.235405 [debug] [ThreadPool]: On list_warehouse.db_main: ROLLBACK
[0m23:16:22.235405 [debug] [ThreadPool]: On list_warehouse.db_main: Close
[0m23:16:22.236402 [debug] [MainThread]: Sending event: {'category': 'dbt', 'action': 'runnable_timing', 'label': '8c5cdc0f-6b9a-41f4-b768-f38449be6fc1', 'context': [<snowplow_tracker.self_describing_json.SelfDescribingJson object at 0x000001BD8A2AB380>]}
[0m23:16:22.241175 [debug] [Thread-1 (]: Began running node model.my_dbt_project.credit_risk
[0m23:16:22.241682 [debug] [Thread-1 (]: Acquiring new sqlite connection 'model.my_dbt_project.credit_risk'
[0m23:16:22.242264 [debug] [Thread-1 (]: Began compiling node model.my_dbt_project.credit_risk
[0m23:16:22.246809 [debug] [Thread-1 (]: Writing injected SQL for node "model.my_dbt_project.credit_risk"
[0m23:16:22.248262 [debug] [Thread-1 (]: Began executing node model.my_dbt_project.credit_risk
[0m23:16:22.248262 [debug] [Thread-1 (]: Finished running node model.my_dbt_project.credit_risk
[0m23:16:22.248262 [debug] [Thread-1 (]: Began running node model.my_dbt_project.stg_applications
[0m23:16:22.249401 [debug] [Thread-1 (]: Re-using an available connection from the pool (formerly model.my_dbt_project.credit_risk, now model.my_dbt_project.stg_applications)
[0m23:16:22.249401 [debug] [Thread-1 (]: Began compiling node model.my_dbt_project.stg_applications
[0m23:16:22.252921 [debug] [Thread-1 (]: Writing injected SQL for node "model.my_dbt_project.stg_applications"
[0m23:16:22.253920 [debug] [Thread-1 (]: Began executing node model.my_dbt_project.stg_applications
[0m23:16:22.254925 [debug] [Thread-1 (]: Finished running node model.my_dbt_project.stg_applications
[0m23:16:22.254925 [debug] [Thread-1 (]: Began running node test.my_dbt_project.not_null_credit_risk_risk_score.bf4f074c1b
[0m23:16:22.255920 [debug] [Thread-1 (]: Re-using an available connection from the pool (formerly model.my_dbt_project.stg_applications, now test.my_dbt_project.not_null_credit_risk_risk_score.bf4f074c1b)
[0m23:16:22.255920 [debug] [Thread-1 (]: Began compiling node test.my_dbt_project.not_null_credit_risk_risk_score.bf4f074c1b
[0m23:16:22.265652 [debug] [Thread-1 (]: Writing injected SQL for node "test.my_dbt_project.not_null_credit_risk_risk_score.bf4f074c1b"
[0m23:16:22.267783 [debug] [Thread-1 (]: Began executing node test.my_dbt_project.not_null_credit_risk_risk_score.bf4f074c1b
[0m23:16:22.267783 [debug] [Thread-1 (]: Finished running node test.my_dbt_project.not_null_credit_risk_risk_score.bf4f074c1b
[0m23:16:22.267783 [debug] [Thread-1 (]: Began running node test.my_dbt_project.not_null_stg_applications_Ind_id.cb1daf6586
[0m23:16:22.269800 [debug] [Thread-1 (]: Re-using an available connection from the pool (formerly test.my_dbt_project.not_null_credit_risk_risk_score.bf4f074c1b, now test.my_dbt_project.not_null_stg_applications_Ind_id.cb1daf6586)
[0m23:16:22.269800 [debug] [Thread-1 (]: Began compiling node test.my_dbt_project.not_null_stg_applications_Ind_id.cb1daf6586
[0m23:16:22.272855 [debug] [Thread-1 (]: Writing injected SQL for node "test.my_dbt_project.not_null_stg_applications_Ind_id.cb1daf6586"
[0m23:16:22.272855 [debug] [Thread-1 (]: Began executing node test.my_dbt_project.not_null_stg_applications_Ind_id.cb1daf6586
[0m23:16:22.272855 [debug] [Thread-1 (]: Finished running node test.my_dbt_project.not_null_stg_applications_Ind_id.cb1daf6586
[0m23:16:22.274869 [debug] [Thread-1 (]: Began running node test.my_dbt_project.relationships_credit_risk_client_id__Ind_id__ref_stg_applications_.3a0c92fd63
[0m23:16:22.274869 [debug] [Thread-1 (]: Re-using an available connection from the pool (formerly test.my_dbt_project.not_null_stg_applications_Ind_id.cb1daf6586, now test.my_dbt_project.relationships_credit_risk_client_id__Ind_id__ref_stg_applications_.3a0c92fd63)
[0m23:16:22.274869 [debug] [Thread-1 (]: Began compiling node test.my_dbt_project.relationships_credit_risk_client_id__Ind_id__ref_stg_applications_.3a0c92fd63
[0m23:16:22.281858 [debug] [Thread-1 (]: Writing injected SQL for node "test.my_dbt_project.relationships_credit_risk_client_id__Ind_id__ref_stg_applications_.3a0c92fd63"
[0m23:16:22.283034 [debug] [Thread-1 (]: Began executing node test.my_dbt_project.relationships_credit_risk_client_id__Ind_id__ref_stg_applications_.3a0c92fd63
[0m23:16:22.283629 [debug] [Thread-1 (]: Finished running node test.my_dbt_project.relationships_credit_risk_client_id__Ind_id__ref_stg_applications_.3a0c92fd63
[0m23:16:22.283996 [debug] [Thread-1 (]: Began running node test.my_dbt_project.unique_stg_applications_Ind_id.3f23aaa583
[0m23:16:22.283996 [debug] [Thread-1 (]: Re-using an available connection from the pool (formerly test.my_dbt_project.relationships_credit_risk_client_id__Ind_id__ref_stg_applications_.3a0c92fd63, now test.my_dbt_project.unique_stg_applications_Ind_id.3f23aaa583)
[0m23:16:22.284503 [debug] [Thread-1 (]: Began compiling node test.my_dbt_project.unique_stg_applications_Ind_id.3f23aaa583
[0m23:16:22.288547 [debug] [Thread-1 (]: Writing injected SQL for node "test.my_dbt_project.unique_stg_applications_Ind_id.3f23aaa583"
[0m23:16:22.291950 [debug] [Thread-1 (]: Began executing node test.my_dbt_project.unique_stg_applications_Ind_id.3f23aaa583
[0m23:16:22.291950 [debug] [Thread-1 (]: Finished running node test.my_dbt_project.unique_stg_applications_Ind_id.3f23aaa583
[0m23:16:22.294048 [debug] [MainThread]: Connection 'master' was properly closed.
[0m23:16:22.294048 [debug] [MainThread]: Connection 'list_warehouse.db_main' was properly closed.
[0m23:16:22.294048 [debug] [MainThread]: Connection 'test.my_dbt_project.unique_stg_applications_Ind_id.3f23aaa583' was properly closed.
[0m23:16:22.295640 [debug] [MainThread]: Command end result
[0m23:16:22.372091 [debug] [MainThread]: Wrote artifact WritableManifest to C:\Users\bey77\OneDrive\Desktop\Projects\FinanceProj\Credit Card Approval Model\my_dbt_project\target\manifest.json
[0m23:16:22.374282 [debug] [MainThread]: Wrote artifact SemanticManifest to C:\Users\bey77\OneDrive\Desktop\Projects\FinanceProj\Credit Card Approval Model\my_dbt_project\target\semantic_manifest.json
[0m23:16:22.381041 [debug] [MainThread]: Wrote artifact RunExecutionResult to C:\Users\bey77\OneDrive\Desktop\Projects\FinanceProj\Credit Card Approval Model\my_dbt_project\target\run_results.json
[0m23:16:22.382687 [debug] [MainThread]: Acquiring new sqlite connection 'generate_catalog'
[0m23:16:22.383239 [info ] [MainThread]: Building catalog
[0m23:16:22.393073 [debug] [ThreadPool]: Acquiring new sqlite connection 'warehouse.db.information_schema'
[0m23:16:22.395597 [debug] [ThreadPool]: Using sqlite connection "warehouse.db.information_schema"
[0m23:16:22.395597 [debug] [ThreadPool]: On warehouse.db.information_schema: BEGIN
[0m23:16:22.396865 [debug] [ThreadPool]: Opening a new connection, currently in state init
[0m23:16:22.397562 [debug] [ThreadPool]: SQL status: OK in 0.001 seconds
[0m23:16:22.397865 [debug] [ThreadPool]: Using sqlite connection "warehouse.db.information_schema"
[0m23:16:22.397865 [debug] [ThreadPool]: On warehouse.db.information_schema: /* {"app": "dbt", "dbt_version": "1.11.2", "profile_name": "credit_pipeline", "target_name": "dev", "connection_name": "warehouse.db.information_schema"} */

        pragma database_list
    
[0m23:16:22.398644 [debug] [ThreadPool]: SQL status: OK in 0.000 seconds
[0m23:16:22.398644 [debug] [ThreadPool]: Using sqlite connection "warehouse.db.information_schema"
[0m23:16:22.398644 [debug] [ThreadPool]: On warehouse.db.information_schema: /* {"app": "dbt", "dbt_version": "1.11.2", "profile_name": "credit_pipeline", "target_name": "dev", "connection_name": "warehouse.db.information_schema"} */

            SELECT
                'warehouse.db' as database
                ,name
                ,'main' AS schema
                ,type as data_type
            FROM
                main.sqlite_master
            WHERE
                name NOT LIKE 'sqlite_%'
        
[0m23:16:22.400663 [debug] [ThreadPool]: SQL status: OK in 0.000 seconds
[0m23:16:22.400663 [debug] [ThreadPool]: Using sqlite connection "warehouse.db.information_schema"
[0m23:16:22.400663 [debug] [ThreadPool]: On warehouse.db.information_schema: /* {"app": "dbt", "dbt_version": "1.11.2", "profile_name": "credit_pipeline", "target_name": "dev", "connection_name": "warehouse.db.information_schema"} */
pragma main.table_info(credit_risk)
[0m23:16:22.402683 [debug] [ThreadPool]: On warehouse.db.information_schema: ROLLBACK
[0m23:16:22.402683 [debug] [ThreadPool]: On warehouse.db.information_schema: Close
[0m23:16:22.403258 [debug] [ThreadPool]: SQLite adapter: sqlite3 error: no such table: main.raw_credit_data
[0m23:16:22.403258 [warn ] [MainThread]: Encountered an error while generating catalog: Database Error
  no such table: main.raw_credit_data
[0m23:16:22.406796 [debug] [MainThread]: Wrote artifact CatalogArtifact to C:\Users\bey77\OneDrive\Desktop\Projects\FinanceProj\Credit Card Approval Model\my_dbt_project\target\catalog.json
[0m23:16:22.418407 [debug] [MainThread]: Wrote artifact WritableManifest to C:\Users\bey77\OneDrive\Desktop\Projects\FinanceProj\Credit Card Approval Model\my_dbt_project\target\manifest.json
[0m23:16:22.420488 [debug] [MainThread]: Wrote artifact SemanticManifest to C:\Users\bey77\OneDrive\Desktop\Projects\FinanceProj\Credit Card Approval Model\my_dbt_project\target\semantic_manifest.json
[0m23:16:22.420488 [error] [MainThread]: dbt encountered 1 failure while writing the catalog
[0m23:16:22.422044 [info ] [MainThread]: Catalog written to C:\Users\bey77\OneDrive\Desktop\Projects\FinanceProj\Credit Card Approval Model\my_dbt_project\target\catalog.json
[0m23:16:22.423103 [debug] [MainThread]: Command `dbt docs generate` failed at 23:16:22.423103 after 0.94 seconds
[0m23:16:22.423656 [debug] [MainThread]: Connection 'generate_catalog' was properly closed.
[0m23:16:22.423656 [debug] [MainThread]: Connection 'warehouse.db.information_schema' was properly closed.
[0m23:16:22.423656 [debug] [MainThread]: Sending event: {'category': 'dbt', 'action': 'invocation', 'label': 'end', 'context': [<snowplow_tracker.self_describing_json.SelfDescribingJson object at 0x000001BD8A65AED0>, <snowplow_tracker.self_describing_json.SelfDescribingJson object at 0x000001BD887224E0>, <snowplow_tracker.self_describing_json.SelfDescribingJson object at 0x000001BD88721FD0>]}
[0m23:16:22.424216 [debug] [MainThread]: Flushing usage events
[0m23:16:22.554825 [debug] [MainThread]: An error was encountered while trying to flush usage events
[0m23:19:19.551171 [debug] [MainThread]: Sending event: {'category': 'dbt', 'action': 'invocation', 'label': 'start', 'context': [<snowplow_tracker.self_describing_json.SelfDescribingJson object at 0x000001C3ACBF7200>, <snowplow_tracker.self_describing_json.SelfDescribingJson object at 0x000001C3ACBF4410>, <snowplow_tracker.self_describing_json.SelfDescribingJson object at 0x000001C3AC5E6C00>]}


============================== 23:19:19.555990 | 5f10bd8d-473c-4aac-9284-0ca6f337db39 ==============================
[0m23:19:19.555990 [info ] [MainThread]: Running with dbt=1.11.2
[0m23:19:19.555990 [debug] [MainThread]: running dbt with arguments {'version_check': 'True', 'no_print': 'None', 'static_parser': 'True', 'target_path': 'None', 'warn_error_options': 'WarnErrorOptionsV2(error=[], warn=[], silence=[])', 'printer_width': '80', 'write_json': 'True', 'empty': 'None', 'log_cache_events': 'False', 'introspect': 'True', 'cache_selected_only': 'False', 'fail_fast': 'False', 'debug': 'False', 'log_format': 'default', 'profiles_dir': 'C:\\Users\\bey77\\OneDrive\\Desktop\\Projects\\FinanceProj\\Credit Card Approval Model\\my_dbt_project', 'send_anonymous_usage_stats': 'True', 'quiet': 'False', 'warn_error': 'None', 'partial_parse': 'True', 'invocation_command': 'dbt clean', 'use_colors': 'True', 'indirect_selection': 'eager', 'use_experimental_parser': 'False', 'log_path': 'C:\\Users\\bey77\\OneDrive\\Desktop\\Projects\\FinanceProj\\Credit Card Approval Model\\my_dbt_project\\logs'}
[0m23:19:19.669404 [debug] [MainThread]: Sending event: {'category': 'dbt', 'action': 'project_id', 'label': '5f10bd8d-473c-4aac-9284-0ca6f337db39', 'context': [<snowplow_tracker.self_describing_json.SelfDescribingJson object at 0x000001C3AC5060C0>]}
[0m23:19:19.726229 [debug] [MainThread]: Command `dbt clean` succeeded at 23:19:19.726229 after 0.29 seconds
[0m23:19:19.726229 [debug] [MainThread]: Sending event: {'category': 'dbt', 'action': 'invocation', 'label': 'end', 'context': [<snowplow_tracker.self_describing_json.SelfDescribingJson object at 0x000001C3AD04E8A0>, <snowplow_tracker.self_describing_json.SelfDescribingJson object at 0x000001C3ACC21F70>, <snowplow_tracker.self_describing_json.SelfDescribingJson object at 0x000001C3ACF9FFB0>]}
[0m23:19:19.726229 [debug] [MainThread]: Flushing usage events
[0m23:19:19.937536 [debug] [MainThread]: An error was encountered while trying to flush usage events
[0m23:19:24.490790 [debug] [MainThread]: Sending event: {'category': 'dbt', 'action': 'invocation', 'label': 'start', 'context': [<snowplow_tracker.self_describing_json.SelfDescribingJson object at 0x00000264394979E0>, <snowplow_tracker.self_describing_json.SelfDescribingJson object at 0x000002643BCE63F0>, <snowplow_tracker.self_describing_json.SelfDescribingJson object at 0x000002643BCE6C60>]}


============================== 23:19:24.502355 | b35f9bfa-bd06-4c62-91cb-3e81e1aa5982 ==============================
[0m23:19:24.502355 [info ] [MainThread]: Running with dbt=1.11.2
[0m23:19:24.502355 [debug] [MainThread]: running dbt with arguments {'version_check': 'True', 'no_print': 'None', 'static_parser': 'True', 'target_path': 'None', 'warn_error_options': 'WarnErrorOptionsV2(error=[], warn=[], silence=[])', 'printer_width': '80', 'write_json': 'True', 'empty': 'False', 'log_cache_events': 'False', 'introspect': 'True', 'cache_selected_only': 'False', 'log_format': 'default', 'debug': 'False', 'fail_fast': 'False', 'partial_parse': 'True', 'send_anonymous_usage_stats': 'True', 'quiet': 'False', 'warn_error': 'None', 'profiles_dir': 'C:\\Users\\bey77\\OneDrive\\Desktop\\Projects\\FinanceProj\\Credit Card Approval Model\\my_dbt_project', 'indirect_selection': 'eager', 'invocation_command': 'dbt run', 'use_colors': 'True', 'use_experimental_parser': 'False', 'log_path': 'C:\\Users\\bey77\\OneDrive\\Desktop\\Projects\\FinanceProj\\Credit Card Approval Model\\my_dbt_project\\logs'}
[0m23:19:24.640905 [debug] [MainThread]: Sending event: {'category': 'dbt', 'action': 'project_id', 'label': 'b35f9bfa-bd06-4c62-91cb-3e81e1aa5982', 'context': [<snowplow_tracker.self_describing_json.SelfDescribingJson object at 0x000002643DDFFD40>]}
[0m23:19:24.683191 [debug] [MainThread]: Sending event: {'category': 'dbt', 'action': 'adapter_info', 'label': 'b35f9bfa-bd06-4c62-91cb-3e81e1aa5982', 'context': [<snowplow_tracker.self_describing_json.SelfDescribingJson object at 0x000002643D96D8E0>]}
[0m23:19:24.688720 [info ] [MainThread]: Registered adapter: sqlite=1.10.0
[0m23:19:24.824827 [debug] [MainThread]: checksum: 3d40d8bbe1bef07db1c24822f2dbfff8bc07f2a48ed4fe2658a40653aec0b54b, vars: {}, profile: , target: , version: 1.11.2
[0m23:19:24.824827 [info ] [MainThread]: Unable to do partial parsing because saved manifest not found. Starting full parse.
[0m23:19:24.824827 [debug] [MainThread]: Sending event: {'category': 'dbt', 'action': 'partial_parser', 'label': 'b35f9bfa-bd06-4c62-91cb-3e81e1aa5982', 'context': [<snowplow_tracker.self_describing_json.SelfDescribingJson object at 0x000002643DEE1D90>]}
[0m23:19:25.577780 [warn ] [MainThread]: [[33mWARNING[0m][MissingArgumentsPropertyInGenericTestDeprecation]: Deprecated
functionality
Found top-level arguments to test `relationships` defined on 'credit_risk' in
package 'my_dbt_project' (models\models.yml). Arguments to generic tests should
be nested under the `arguments` property.
[0m23:19:25.577780 [debug] [MainThread]: Sending event: {'category': 'dbt', 'action': 'deprecation', 'label': 'b35f9bfa-bd06-4c62-91cb-3e81e1aa5982', 'property_': 'warn', 'context': [<snowplow_tracker.self_describing_json.SelfDescribingJson object at 0x000002643E3A7F50>]}
[0m23:19:25.667195 [error] [MainThread]: Encountered an error:
Compilation Error
  Model 'model.my_dbt_project.stg_applications' (models\stg_applications.sql) depends on a source named 'main.raw_applications' which was not found
[0m23:19:25.668097 [warn ] [MainThread]: [[33mWARNING[0m][DeprecationsSummary]: Deprecated functionality
Summary of encountered deprecations:
- MissingArgumentsPropertyInGenericTestDeprecation: 1 occurrence
To see all deprecation instances instead of just the first occurrence of each,
run command again with the `--show-all-deprecations` flag. You may also need to
run with `--no-partial-parse` as some deprecations are only encountered during
parsing.
[0m23:19:25.669095 [debug] [MainThread]: Command `dbt run` failed at 23:19:25.669095 after 1.31 seconds
[0m23:19:25.669095 [debug] [MainThread]: Sending event: {'category': 'dbt', 'action': 'invocation', 'label': 'end', 'context': [<snowplow_tracker.self_describing_json.SelfDescribingJson object at 0x000002643C51E930>, <snowplow_tracker.self_describing_json.SelfDescribingJson object at 0x000002643E29BE60>, <snowplow_tracker.self_describing_json.SelfDescribingJson object at 0x000002643E29AAE0>]}
[0m23:19:25.669095 [debug] [MainThread]: Flushing usage events
[0m23:19:25.806335 [debug] [MainThread]: An error was encountered while trying to flush usage events
[0m23:19:34.112600 [debug] [MainThread]: Sending event: {'category': 'dbt', 'action': 'invocation', 'label': 'start', 'context': [<snowplow_tracker.self_describing_json.SelfDescribingJson object at 0x0000021A4E5856A0>, <snowplow_tracker.self_describing_json.SelfDescribingJson object at 0x0000021A512667E0>, <snowplow_tracker.self_describing_json.SelfDescribingJson object at 0x0000021A51267E30>]}


============================== 23:19:34.117186 | 33a19d16-a24b-407b-b0ef-1d4dfbc5be10 ==============================
[0m23:19:34.117186 [info ] [MainThread]: Running with dbt=1.11.2
[0m23:19:34.117186 [debug] [MainThread]: running dbt with arguments {'static_parser': 'True', 'no_print': 'None', 'version_check': 'True', 'target_path': 'None', 'warn_error_options': 'WarnErrorOptionsV2(error=[], warn=[], silence=[])', 'printer_width': '80', 'write_json': 'True', 'empty': 'None', 'log_cache_events': 'False', 'introspect': 'True', 'cache_selected_only': 'False', 'fail_fast': 'False', 'debug': 'False', 'log_format': 'default', 'profiles_dir': 'C:\\Users\\bey77\\OneDrive\\Desktop\\Projects\\FinanceProj\\Credit Card Approval Model\\my_dbt_project', 'send_anonymous_usage_stats': 'True', 'quiet': 'False', 'warn_error': 'None', 'partial_parse': 'True', 'use_colors': 'True', 'invocation_command': 'dbt docs generate', 'indirect_selection': 'eager', 'use_experimental_parser': 'False', 'log_path': 'C:\\Users\\bey77\\OneDrive\\Desktop\\Projects\\FinanceProj\\Credit Card Approval Model\\my_dbt_project\\logs'}
[0m23:19:34.266563 [debug] [MainThread]: Sending event: {'category': 'dbt', 'action': 'project_id', 'label': '33a19d16-a24b-407b-b0ef-1d4dfbc5be10', 'context': [<snowplow_tracker.self_describing_json.SelfDescribingJson object at 0x0000021A529A3140>]}
[0m23:19:34.315521 [debug] [MainThread]: Sending event: {'category': 'dbt', 'action': 'adapter_info', 'label': '33a19d16-a24b-407b-b0ef-1d4dfbc5be10', 'context': [<snowplow_tracker.self_describing_json.SelfDescribingJson object at 0x0000021A51777770>]}
[0m23:19:34.315521 [info ] [MainThread]: Registered adapter: sqlite=1.10.0
[0m23:19:34.448697 [debug] [MainThread]: checksum: 3d40d8bbe1bef07db1c24822f2dbfff8bc07f2a48ed4fe2658a40653aec0b54b, vars: {}, profile: , target: , version: 1.11.2
[0m23:19:34.450452 [info ] [MainThread]: Unable to do partial parsing because saved manifest not found. Starting full parse.
[0m23:19:34.451111 [debug] [MainThread]: Sending event: {'category': 'dbt', 'action': 'partial_parser', 'label': '33a19d16-a24b-407b-b0ef-1d4dfbc5be10', 'context': [<snowplow_tracker.self_describing_json.SelfDescribingJson object at 0x0000021A52D3B0E0>]}
[0m23:19:35.179565 [warn ] [MainThread]: [[33mWARNING[0m][MissingArgumentsPropertyInGenericTestDeprecation]: Deprecated
functionality
Found top-level arguments to test `relationships` defined on 'credit_risk' in
package 'my_dbt_project' (models\models.yml). Arguments to generic tests should
be nested under the `arguments` property.
[0m23:19:35.179565 [debug] [MainThread]: Sending event: {'category': 'dbt', 'action': 'deprecation', 'label': '33a19d16-a24b-407b-b0ef-1d4dfbc5be10', 'property_': 'warn', 'context': [<snowplow_tracker.self_describing_json.SelfDescribingJson object at 0x0000021A4E8DA420>]}
[0m23:19:35.270891 [error] [MainThread]: Encountered an error:
Compilation Error
  Model 'model.my_dbt_project.stg_applications' (models\stg_applications.sql) depends on a source named 'main.raw_applications' which was not found
[0m23:19:35.270891 [warn ] [MainThread]: [[33mWARNING[0m][DeprecationsSummary]: Deprecated functionality
Summary of encountered deprecations:
- MissingArgumentsPropertyInGenericTestDeprecation: 1 occurrence
To see all deprecation instances instead of just the first occurrence of each,
run command again with the `--show-all-deprecations` flag. You may also need to
run with `--no-partial-parse` as some deprecations are only encountered during
parsing.
[0m23:19:35.270891 [debug] [MainThread]: Command `dbt docs generate` failed at 23:19:35.270891 after 1.30 seconds
[0m23:19:35.270891 [debug] [MainThread]: Sending event: {'category': 'dbt', 'action': 'invocation', 'label': 'end', 'context': [<snowplow_tracker.self_describing_json.SelfDescribingJson object at 0x0000021A500327B0>, <snowplow_tracker.self_describing_json.SelfDescribingJson object at 0x0000021A53229BE0>, <snowplow_tracker.self_describing_json.SelfDescribingJson object at 0x0000021A501041D0>]}
[0m23:19:35.270891 [debug] [MainThread]: Flushing usage events
[0m23:19:35.417944 [debug] [MainThread]: An error was encountered while trying to flush usage events
[0m23:21:45.724203 [debug] [MainThread]: Sending event: {'category': 'dbt', 'action': 'invocation', 'label': 'start', 'context': [<snowplow_tracker.self_describing_json.SelfDescribingJson object at 0x000001FFA11312E0>, <snowplow_tracker.self_describing_json.SelfDescribingJson object at 0x000001FFA11337D0>, <snowplow_tracker.self_describing_json.SelfDescribingJson object at 0x000001FFA1132FF0>]}


============================== 23:21:45.735141 | 9bbefdb2-24a6-4d0f-b9f6-585b46720a2c ==============================
[0m23:21:45.735141 [info ] [MainThread]: Running with dbt=1.11.2
[0m23:21:45.735141 [debug] [MainThread]: running dbt with arguments {'version_check': 'True', 'no_print': 'None', 'static_parser': 'True', 'target_path': 'None', 'warn_error_options': 'WarnErrorOptionsV2(error=[], warn=[], silence=[])', 'printer_width': '80', 'write_json': 'True', 'empty': 'False', 'log_cache_events': 'False', 'introspect': 'True', 'cache_selected_only': 'False', 'fail_fast': 'False', 'debug': 'False', 'log_format': 'default', 'profiles_dir': 'C:\\Users\\bey77\\OneDrive\\Desktop\\Projects\\FinanceProj\\Credit Card Approval Model\\my_dbt_project', 'send_anonymous_usage_stats': 'True', 'quiet': 'False', 'warn_error': 'None', 'partial_parse': 'True', 'indirect_selection': 'eager', 'use_colors': 'True', 'invocation_command': 'dbt run', 'use_experimental_parser': 'False', 'log_path': 'C:\\Users\\bey77\\OneDrive\\Desktop\\Projects\\FinanceProj\\Credit Card Approval Model\\my_dbt_project\\logs'}
[0m23:21:45.856874 [debug] [MainThread]: Sending event: {'category': 'dbt', 'action': 'project_id', 'label': '9bbefdb2-24a6-4d0f-b9f6-585b46720a2c', 'context': [<snowplow_tracker.self_describing_json.SelfDescribingJson object at 0x000001FFA27DA810>]}
[0m23:21:45.905594 [debug] [MainThread]: Sending event: {'category': 'dbt', 'action': 'adapter_info', 'label': '9bbefdb2-24a6-4d0f-b9f6-585b46720a2c', 'context': [<snowplow_tracker.self_describing_json.SelfDescribingJson object at 0x000001FFA058F9B0>]}
[0m23:21:45.907604 [info ] [MainThread]: Registered adapter: sqlite=1.10.0
[0m23:21:46.030650 [debug] [MainThread]: checksum: 3d40d8bbe1bef07db1c24822f2dbfff8bc07f2a48ed4fe2658a40653aec0b54b, vars: {}, profile: , target: , version: 1.11.2
[0m23:21:46.030650 [info ] [MainThread]: Unable to do partial parsing because saved manifest not found. Starting full parse.
[0m23:21:46.032657 [debug] [MainThread]: Sending event: {'category': 'dbt', 'action': 'partial_parser', 'label': '9bbefdb2-24a6-4d0f-b9f6-585b46720a2c', 'context': [<snowplow_tracker.self_describing_json.SelfDescribingJson object at 0x000001FFA2CA3DA0>]}
[0m23:21:46.750365 [warn ] [MainThread]: [[33mWARNING[0m][MissingArgumentsPropertyInGenericTestDeprecation]: Deprecated
functionality
Found top-level arguments to test `relationships` defined on 'credit_risk' in
package 'my_dbt_project' (models\models.yml). Arguments to generic tests should
be nested under the `arguments` property.
[0m23:21:46.750365 [debug] [MainThread]: Sending event: {'category': 'dbt', 'action': 'deprecation', 'label': '9bbefdb2-24a6-4d0f-b9f6-585b46720a2c', 'property_': 'warn', 'context': [<snowplow_tracker.self_describing_json.SelfDescribingJson object at 0x000001FFA30EB5F0>]}
[0m23:21:46.889900 [debug] [MainThread]: Sending event: {'category': 'dbt', 'action': 'load_project', 'label': '9bbefdb2-24a6-4d0f-b9f6-585b46720a2c', 'context': [<snowplow_tracker.self_describing_json.SelfDescribingJson object at 0x000001FFA2F579B0>]}
[0m23:21:46.949586 [debug] [MainThread]: Wrote artifact WritableManifest to C:\Users\bey77\OneDrive\Desktop\Projects\FinanceProj\Credit Card Approval Model\my_dbt_project\target\manifest.json
[0m23:21:46.954535 [debug] [MainThread]: Wrote artifact SemanticManifest to C:\Users\bey77\OneDrive\Desktop\Projects\FinanceProj\Credit Card Approval Model\my_dbt_project\target\semantic_manifest.json
[0m23:21:46.993632 [debug] [MainThread]: Sending event: {'category': 'dbt', 'action': 'resource_counts', 'label': '9bbefdb2-24a6-4d0f-b9f6-585b46720a2c', 'context': [<snowplow_tracker.self_describing_json.SelfDescribingJson object at 0x000001FFA2F20740>]}
[0m23:21:46.993632 [info ] [MainThread]: Found 2 models, 4 data tests, 1 source, 416 macros
[0m23:21:46.993632 [debug] [MainThread]: Sending event: {'category': 'dbt', 'action': 'runnable_timing', 'label': '9bbefdb2-24a6-4d0f-b9f6-585b46720a2c', 'context': [<snowplow_tracker.self_describing_json.SelfDescribingJson object at 0x000001FFA30E9E50>]}
[0m23:21:46.997034 [info ] [MainThread]: 
[0m23:21:46.997034 [info ] [MainThread]: Concurrency: 1 threads (target='dev')
[0m23:21:46.997034 [info ] [MainThread]: 
[0m23:21:46.999649 [debug] [MainThread]: Acquiring new sqlite connection 'master'
[0m23:21:47.004624 [debug] [ThreadPool]: Acquiring new sqlite connection 'list_warehouse.db'
[0m23:21:47.062170 [debug] [ThreadPool]: Using sqlite connection "list_warehouse.db"
[0m23:21:47.062170 [debug] [ThreadPool]: On list_warehouse.db: BEGIN
[0m23:21:47.062170 [debug] [ThreadPool]: Opening a new connection, currently in state init
[0m23:21:47.062170 [debug] [ThreadPool]: SQL status: OK in 0.001 seconds
[0m23:21:47.062170 [debug] [ThreadPool]: Using sqlite connection "list_warehouse.db"
[0m23:21:47.062170 [debug] [ThreadPool]: On list_warehouse.db: /* {"app": "dbt", "dbt_version": "1.11.2", "profile_name": "credit_pipeline", "target_name": "dev", "connection_name": "list_warehouse.db"} */

        pragma database_list
    
[0m23:21:47.062170 [debug] [ThreadPool]: SQL status: OK in 0.000 seconds
[0m23:21:47.062170 [debug] [ThreadPool]: On list_warehouse.db: ROLLBACK
[0m23:21:47.062170 [debug] [ThreadPool]: On list_warehouse.db: Close
[0m23:21:47.062170 [debug] [ThreadPool]: Acquiring new sqlite connection 'list_warehouse.db_main'
[0m23:21:47.074860 [debug] [ThreadPool]: Using sqlite connection "list_warehouse.db_main"
[0m23:21:47.075865 [debug] [ThreadPool]: On list_warehouse.db_main: BEGIN
[0m23:21:47.075865 [debug] [ThreadPool]: Opening a new connection, currently in state init
[0m23:21:47.075865 [debug] [ThreadPool]: SQL status: OK in 0.001 seconds
[0m23:21:47.076863 [debug] [ThreadPool]: Using sqlite connection "list_warehouse.db_main"
[0m23:21:47.076863 [debug] [ThreadPool]: On list_warehouse.db_main: /* {"app": "dbt", "dbt_version": "1.11.2", "profile_name": "credit_pipeline", "target_name": "dev", "connection_name": "list_warehouse.db_main"} */

        pragma database_list
    
[0m23:21:47.076863 [debug] [ThreadPool]: SQL status: OK in 0.000 seconds
[0m23:21:47.077869 [debug] [ThreadPool]: Using sqlite connection "list_warehouse.db_main"
[0m23:21:47.077869 [debug] [ThreadPool]: On list_warehouse.db_main: /* {"app": "dbt", "dbt_version": "1.11.2", "profile_name": "credit_pipeline", "target_name": "dev", "connection_name": "list_warehouse.db_main"} */

            SELECT
                'warehouse.db' as database
                ,name
                ,'main' AS schema
                ,type as data_type
            FROM
                main.sqlite_master
            WHERE
                name NOT LIKE 'sqlite_%'
        
[0m23:21:47.078863 [debug] [ThreadPool]: SQL status: OK in 0.000 seconds
[0m23:21:47.078863 [debug] [ThreadPool]: On list_warehouse.db_main: ROLLBACK
[0m23:21:47.079858 [debug] [ThreadPool]: On list_warehouse.db_main: Close
[0m23:21:47.079858 [debug] [MainThread]: Sending event: {'category': 'dbt', 'action': 'runnable_timing', 'label': '9bbefdb2-24a6-4d0f-b9f6-585b46720a2c', 'context': [<snowplow_tracker.self_describing_json.SelfDescribingJson object at 0x000001FFA3108DD0>]}
[0m23:21:47.080885 [debug] [MainThread]: Using sqlite connection "master"
[0m23:21:47.080885 [debug] [MainThread]: On master: BEGIN
[0m23:21:47.080885 [debug] [MainThread]: Opening a new connection, currently in state init
[0m23:21:47.081864 [debug] [MainThread]: SQL status: OK in 0.001 seconds
[0m23:21:47.081864 [debug] [MainThread]: On master: COMMIT
[0m23:21:47.081864 [debug] [MainThread]: Using sqlite connection "master"
[0m23:21:47.081864 [debug] [MainThread]: On master: COMMIT
[0m23:21:47.081864 [debug] [MainThread]: SQL status: OK in 0.000 seconds
[0m23:21:47.081864 [debug] [MainThread]: On master: Close
[0m23:21:47.086484 [debug] [Thread-1 (]: Began running node model.my_dbt_project.credit_risk
[0m23:21:47.087485 [info ] [Thread-1 (]: 1 of 2 START sql view model main.credit_risk ................................... [RUN]
[0m23:21:47.087485 [debug] [Thread-1 (]: Acquiring new sqlite connection 'model.my_dbt_project.credit_risk'
[0m23:21:47.088505 [debug] [Thread-1 (]: Began compiling node model.my_dbt_project.credit_risk
[0m23:21:47.092273 [debug] [Thread-1 (]: Writing injected SQL for node "model.my_dbt_project.credit_risk"
[0m23:21:47.093829 [debug] [Thread-1 (]: Began executing node model.my_dbt_project.credit_risk
[0m23:21:47.105461 [debug] [Thread-1 (]: Using sqlite connection "model.my_dbt_project.credit_risk"
[0m23:21:47.105461 [debug] [Thread-1 (]: On model.my_dbt_project.credit_risk: /* {"app": "dbt", "dbt_version": "1.11.2", "profile_name": "credit_pipeline", "target_name": "dev", "node_id": "model.my_dbt_project.credit_risk"} */
drop view if exists "main"."credit_risk"
[0m23:21:47.105461 [debug] [Thread-1 (]: Opening a new connection, currently in state init
[0m23:21:47.109883 [debug] [Thread-1 (]: SQL status: OK in 0.007 seconds
[0m23:21:47.116738 [debug] [Thread-1 (]: Writing runtime sql for node "model.my_dbt_project.credit_risk"
[0m23:21:47.116738 [debug] [Thread-1 (]: Using sqlite connection "model.my_dbt_project.credit_risk"
[0m23:21:47.116738 [debug] [Thread-1 (]: On model.my_dbt_project.credit_risk: BEGIN
[0m23:21:47.120089 [debug] [Thread-1 (]: SQL status: OK in 0.000 seconds
[0m23:21:47.120089 [debug] [Thread-1 (]: Using sqlite connection "model.my_dbt_project.credit_risk"
[0m23:21:47.120089 [debug] [Thread-1 (]: On model.my_dbt_project.credit_risk: /* {"app": "dbt", "dbt_version": "1.11.2", "profile_name": "credit_pipeline", "target_name": "dev", "node_id": "model.my_dbt_project.credit_risk"} */

    
    create view main."credit_risk" as
    -- income per child
-- annual income / # of children

SELECT Ind_ID, Annual_income, children,
CASE 
    WHEN children > 0 THEN Annual_income / children
    ELSE NULL
END AS income_per_child
FROM raw_credit_data;
[0m23:21:47.122088 [debug] [Thread-1 (]: SQL status: OK in 0.001 seconds
[0m23:21:47.127439 [debug] [Thread-1 (]: On model.my_dbt_project.credit_risk: COMMIT
[0m23:21:47.127439 [debug] [Thread-1 (]: Using sqlite connection "model.my_dbt_project.credit_risk"
[0m23:21:47.127439 [debug] [Thread-1 (]: On model.my_dbt_project.credit_risk: COMMIT
[0m23:21:47.127439 [debug] [Thread-1 (]: SQL status: OK in 0.003 seconds
[0m23:21:47.135042 [debug] [Thread-1 (]: On model.my_dbt_project.credit_risk: Close
[0m23:21:47.140014 [debug] [Thread-1 (]: Sending event: {'category': 'dbt', 'action': 'run_model', 'label': '9bbefdb2-24a6-4d0f-b9f6-585b46720a2c', 'context': [<snowplow_tracker.self_describing_json.SelfDescribingJson object at 0x000001FFA2BBC3B0>]}
[0m23:21:47.141051 [info ] [Thread-1 (]: 1 of 2 OK created sql view model main.credit_risk .............................. [[32mOK[0m in 0.05s]
[0m23:21:47.143069 [debug] [Thread-1 (]: Finished running node model.my_dbt_project.credit_risk
[0m23:21:47.143069 [debug] [Thread-1 (]: Began running node model.my_dbt_project.stg_applications
[0m23:21:47.144061 [info ] [Thread-1 (]: 2 of 2 START sql view model main.stg_applications .............................. [RUN]
[0m23:21:47.144061 [debug] [Thread-1 (]: Re-using an available connection from the pool (formerly model.my_dbt_project.credit_risk, now model.my_dbt_project.stg_applications)
[0m23:21:47.144061 [debug] [Thread-1 (]: Began compiling node model.my_dbt_project.stg_applications
[0m23:21:47.147679 [debug] [Thread-1 (]: Writing injected SQL for node "model.my_dbt_project.stg_applications"
[0m23:21:47.148678 [debug] [Thread-1 (]: Began executing node model.my_dbt_project.stg_applications
[0m23:21:47.151679 [debug] [Thread-1 (]: Using sqlite connection "model.my_dbt_project.stg_applications"
[0m23:21:47.152678 [debug] [Thread-1 (]: On model.my_dbt_project.stg_applications: /* {"app": "dbt", "dbt_version": "1.11.2", "profile_name": "credit_pipeline", "target_name": "dev", "node_id": "model.my_dbt_project.stg_applications"} */
drop view if exists "main"."stg_applications"
[0m23:21:47.152678 [debug] [Thread-1 (]: Opening a new connection, currently in state closed
[0m23:21:47.158637 [debug] [Thread-1 (]: SQL status: OK in 0.006 seconds
[0m23:21:47.160639 [debug] [Thread-1 (]: Writing runtime sql for node "model.my_dbt_project.stg_applications"
[0m23:21:47.161596 [debug] [Thread-1 (]: Using sqlite connection "model.my_dbt_project.stg_applications"
[0m23:21:47.161596 [debug] [Thread-1 (]: On model.my_dbt_project.stg_applications: BEGIN
[0m23:21:47.161596 [debug] [Thread-1 (]: SQL status: OK in 0.000 seconds
[0m23:21:47.161596 [debug] [Thread-1 (]: Using sqlite connection "model.my_dbt_project.stg_applications"
[0m23:21:47.162641 [debug] [Thread-1 (]: On model.my_dbt_project.stg_applications: /* {"app": "dbt", "dbt_version": "1.11.2", "profile_name": "credit_pipeline", "target_name": "dev", "node_id": "model.my_dbt_project.stg_applications"} */

    
    create view main."stg_applications" as
    WITH source AS (
    SELECT * FROM main."raw_credit_data"
)

SELECT
    ID as applicant_id,
    annual_income,
    ABS(employed_days) / 365.0 as years_employed,
    CASE 
        WHEN education = 'Higher education' THEN 1 
        ELSE 0 
    END as is_higher_ed,
    label as rejected
FROM source;
[0m23:21:47.164599 [debug] [Thread-1 (]: SQL status: OK in 0.002 seconds
[0m23:21:47.166662 [debug] [Thread-1 (]: On model.my_dbt_project.stg_applications: COMMIT
[0m23:21:47.166662 [debug] [Thread-1 (]: Using sqlite connection "model.my_dbt_project.stg_applications"
[0m23:21:47.166662 [debug] [Thread-1 (]: On model.my_dbt_project.stg_applications: COMMIT
[0m23:21:47.169731 [debug] [Thread-1 (]: SQL status: OK in 0.003 seconds
[0m23:21:47.170699 [debug] [Thread-1 (]: On model.my_dbt_project.stg_applications: Close
[0m23:21:47.170699 [debug] [Thread-1 (]: Sending event: {'category': 'dbt', 'action': 'run_model', 'label': '9bbefdb2-24a6-4d0f-b9f6-585b46720a2c', 'context': [<snowplow_tracker.self_describing_json.SelfDescribingJson object at 0x000001FFA3598830>]}
[0m23:21:47.172430 [info ] [Thread-1 (]: 2 of 2 OK created sql view model main.stg_applications ......................... [[32mOK[0m in 0.03s]
[0m23:21:47.174972 [debug] [Thread-1 (]: Finished running node model.my_dbt_project.stg_applications
[0m23:21:47.177173 [debug] [MainThread]: Using sqlite connection "master"
[0m23:21:47.178242 [debug] [MainThread]: On master: BEGIN
[0m23:21:47.178844 [debug] [MainThread]: Opening a new connection, currently in state closed
[0m23:21:47.182565 [debug] [MainThread]: SQL status: OK in 0.004 seconds
[0m23:21:47.183564 [debug] [MainThread]: On master: COMMIT
[0m23:21:47.183564 [debug] [MainThread]: Using sqlite connection "master"
[0m23:21:47.184561 [debug] [MainThread]: On master: COMMIT
[0m23:21:47.184561 [debug] [MainThread]: SQL status: OK in 0.000 seconds
[0m23:21:47.184561 [debug] [MainThread]: On master: Close
[0m23:21:47.184561 [debug] [MainThread]: Connection 'master' was properly closed.
[0m23:21:47.184561 [debug] [MainThread]: Connection 'list_warehouse.db' was properly closed.
[0m23:21:47.187776 [debug] [MainThread]: Connection 'list_warehouse.db_main' was properly closed.
[0m23:21:47.187776 [debug] [MainThread]: Connection 'model.my_dbt_project.stg_applications' was properly closed.
[0m23:21:47.187776 [info ] [MainThread]: 
[0m23:21:47.188822 [info ] [MainThread]: Finished running 2 view models in 0 hours 0 minutes and 0.19 seconds (0.19s).
[0m23:21:47.189844 [debug] [MainThread]: Command end result
[0m23:21:47.217327 [debug] [MainThread]: Wrote artifact WritableManifest to C:\Users\bey77\OneDrive\Desktop\Projects\FinanceProj\Credit Card Approval Model\my_dbt_project\target\manifest.json
[0m23:21:47.219460 [debug] [MainThread]: Wrote artifact SemanticManifest to C:\Users\bey77\OneDrive\Desktop\Projects\FinanceProj\Credit Card Approval Model\my_dbt_project\target\semantic_manifest.json
[0m23:21:47.229732 [debug] [MainThread]: Wrote artifact RunExecutionResult to C:\Users\bey77\OneDrive\Desktop\Projects\FinanceProj\Credit Card Approval Model\my_dbt_project\target\run_results.json
[0m23:21:47.229732 [info ] [MainThread]: 
[0m23:21:47.231767 [info ] [MainThread]: [32mCompleted successfully[0m
[0m23:21:47.231767 [info ] [MainThread]: 
[0m23:21:47.233783 [info ] [MainThread]: Done. PASS=2 WARN=0 ERROR=0 SKIP=0 NO-OP=0 TOTAL=2
[0m23:21:47.233783 [warn ] [MainThread]: [[33mWARNING[0m][DeprecationsSummary]: Deprecated functionality
Summary of encountered deprecations:
- MissingArgumentsPropertyInGenericTestDeprecation: 1 occurrence
To see all deprecation instances instead of just the first occurrence of each,
run command again with the `--show-all-deprecations` flag. You may also need to
run with `--no-partial-parse` as some deprecations are only encountered during
parsing.
[0m23:21:47.233783 [debug] [MainThread]: Command `dbt run` succeeded at 23:21:47.233783 after 1.64 seconds
[0m23:21:47.235803 [debug] [MainThread]: Sending event: {'category': 'dbt', 'action': 'invocation', 'label': 'end', 'context': [<snowplow_tracker.self_describing_json.SelfDescribingJson object at 0x000001FFA156CA10>, <snowplow_tracker.self_describing_json.SelfDescribingJson object at 0x000001FFA1132FF0>, <snowplow_tracker.self_describing_json.SelfDescribingJson object at 0x000001FFA30E9EE0>]}
[0m23:21:47.235803 [debug] [MainThread]: Flushing usage events
[0m23:21:47.460154 [debug] [MainThread]: An error was encountered while trying to flush usage events
[0m23:21:52.746063 [debug] [MainThread]: Sending event: {'category': 'dbt', 'action': 'invocation', 'label': 'start', 'context': [<snowplow_tracker.self_describing_json.SelfDescribingJson object at 0x0000021B5F2FBBC0>, <snowplow_tracker.self_describing_json.SelfDescribingJson object at 0x0000021B5CC96540>, <snowplow_tracker.self_describing_json.SelfDescribingJson object at 0x0000021B5F6322D0>]}


============================== 23:21:52.761067 | 48ac0171-631d-45b0-8d33-123d65a9000c ==============================
[0m23:21:52.761067 [info ] [MainThread]: Running with dbt=1.11.2
[0m23:21:52.761067 [debug] [MainThread]: running dbt with arguments {'version_check': 'True', 'no_print': 'None', 'static_parser': 'True', 'warn_error_options': 'WarnErrorOptionsV2(error=[], warn=[], silence=[])', 'target_path': 'None', 'printer_width': '80', 'write_json': 'True', 'introspect': 'True', 'log_cache_events': 'False', 'empty': 'None', 'cache_selected_only': 'False', 'fail_fast': 'False', 'debug': 'False', 'log_format': 'default', 'profiles_dir': 'C:\\Users\\bey77\\OneDrive\\Desktop\\Projects\\FinanceProj\\Credit Card Approval Model\\my_dbt_project', 'send_anonymous_usage_stats': 'True', 'quiet': 'False', 'warn_error': 'None', 'partial_parse': 'True', 'indirect_selection': 'eager', 'use_colors': 'True', 'invocation_command': 'dbt docs generate', 'use_experimental_parser': 'False', 'log_path': 'C:\\Users\\bey77\\OneDrive\\Desktop\\Projects\\FinanceProj\\Credit Card Approval Model\\my_dbt_project\\logs'}
[0m23:21:52.917319 [debug] [MainThread]: Sending event: {'category': 'dbt', 'action': 'project_id', 'label': '48ac0171-631d-45b0-8d33-123d65a9000c', 'context': [<snowplow_tracker.self_describing_json.SelfDescribingJson object at 0x0000021B61056C30>]}
[0m23:21:52.983588 [debug] [MainThread]: Sending event: {'category': 'dbt', 'action': 'adapter_info', 'label': '48ac0171-631d-45b0-8d33-123d65a9000c', 'context': [<snowplow_tracker.self_describing_json.SelfDescribingJson object at 0x0000021B5F540980>]}
[0m23:21:52.983588 [info ] [MainThread]: Registered adapter: sqlite=1.10.0
[0m23:21:53.139247 [debug] [MainThread]: checksum: 3d40d8bbe1bef07db1c24822f2dbfff8bc07f2a48ed4fe2658a40653aec0b54b, vars: {}, profile: , target: , version: 1.11.2
[0m23:21:53.257667 [debug] [MainThread]: Partial parsing enabled: 0 files deleted, 0 files added, 0 files changed.
[0m23:21:53.258283 [debug] [MainThread]: Nothing changed, skipping partial parsing.
[0m23:21:53.258283 [debug] [MainThread]: Partial parsing enabled, no changes found, skipping parsing
[0m23:21:53.287626 [debug] [MainThread]: Sending event: {'category': 'dbt', 'action': 'load_project', 'label': '48ac0171-631d-45b0-8d33-123d65a9000c', 'context': [<snowplow_tracker.self_describing_json.SelfDescribingJson object at 0x0000021B5D01A420>]}
[0m23:21:53.317288 [debug] [MainThread]: Sending event: {'category': 'dbt', 'action': 'resource_counts', 'label': '48ac0171-631d-45b0-8d33-123d65a9000c', 'context': [<snowplow_tracker.self_describing_json.SelfDescribingJson object at 0x0000021B617F3DA0>]}
[0m23:21:53.318285 [info ] [MainThread]: Found 2 models, 4 data tests, 1 source, 416 macros
[0m23:21:53.318285 [debug] [MainThread]: Sending event: {'category': 'dbt', 'action': 'runnable_timing', 'label': '48ac0171-631d-45b0-8d33-123d65a9000c', 'context': [<snowplow_tracker.self_describing_json.SelfDescribingJson object at 0x0000021B614E2AB0>]}
[0m23:21:53.320288 [info ] [MainThread]: 
[0m23:21:53.320288 [info ] [MainThread]: Concurrency: 1 threads (target='dev')
[0m23:21:53.321287 [info ] [MainThread]: 
[0m23:21:53.322213 [debug] [MainThread]: Acquiring new sqlite connection 'master'
[0m23:21:53.325954 [debug] [ThreadPool]: Acquiring new sqlite connection 'list_warehouse.db_main'
[0m23:21:53.392115 [debug] [ThreadPool]: Using sqlite connection "list_warehouse.db_main"
[0m23:21:53.392115 [debug] [ThreadPool]: On list_warehouse.db_main: BEGIN
[0m23:21:53.392707 [debug] [ThreadPool]: Opening a new connection, currently in state init
[0m23:21:53.393294 [debug] [ThreadPool]: SQL status: OK in 0.001 seconds
[0m23:21:53.393294 [debug] [ThreadPool]: Using sqlite connection "list_warehouse.db_main"
[0m23:21:53.393885 [debug] [ThreadPool]: On list_warehouse.db_main: /* {"app": "dbt", "dbt_version": "1.11.2", "profile_name": "credit_pipeline", "target_name": "dev", "connection_name": "list_warehouse.db_main"} */

        pragma database_list
    
[0m23:21:53.393885 [debug] [ThreadPool]: SQL status: OK in 0.000 seconds
[0m23:21:53.395027 [debug] [ThreadPool]: Using sqlite connection "list_warehouse.db_main"
[0m23:21:53.395027 [debug] [ThreadPool]: On list_warehouse.db_main: /* {"app": "dbt", "dbt_version": "1.11.2", "profile_name": "credit_pipeline", "target_name": "dev", "connection_name": "list_warehouse.db_main"} */

            SELECT
                'warehouse.db' as database
                ,name
                ,'main' AS schema
                ,type as data_type
            FROM
                main.sqlite_master
            WHERE
                name NOT LIKE 'sqlite_%'
        
[0m23:21:53.395618 [debug] [ThreadPool]: SQL status: OK in 0.000 seconds
[0m23:21:53.396792 [debug] [ThreadPool]: On list_warehouse.db_main: ROLLBACK
[0m23:21:53.396792 [debug] [ThreadPool]: On list_warehouse.db_main: Close
[0m23:21:53.397980 [debug] [MainThread]: Sending event: {'category': 'dbt', 'action': 'runnable_timing', 'label': '48ac0171-631d-45b0-8d33-123d65a9000c', 'context': [<snowplow_tracker.self_describing_json.SelfDescribingJson object at 0x0000021B617F3E30>]}
[0m23:21:53.403211 [debug] [Thread-1 (]: Began running node model.my_dbt_project.credit_risk
[0m23:21:53.403952 [debug] [Thread-1 (]: Acquiring new sqlite connection 'model.my_dbt_project.credit_risk'
[0m23:21:53.404470 [debug] [Thread-1 (]: Began compiling node model.my_dbt_project.credit_risk
[0m23:21:53.410140 [debug] [Thread-1 (]: Writing injected SQL for node "model.my_dbt_project.credit_risk"
[0m23:21:53.411264 [debug] [Thread-1 (]: Began executing node model.my_dbt_project.credit_risk
[0m23:21:53.411784 [debug] [Thread-1 (]: Finished running node model.my_dbt_project.credit_risk
[0m23:21:53.411784 [debug] [Thread-1 (]: Began running node model.my_dbt_project.stg_applications
[0m23:21:53.411784 [debug] [Thread-1 (]: Re-using an available connection from the pool (formerly model.my_dbt_project.credit_risk, now model.my_dbt_project.stg_applications)
[0m23:21:53.412811 [debug] [Thread-1 (]: Began compiling node model.my_dbt_project.stg_applications
[0m23:21:53.416810 [debug] [Thread-1 (]: Writing injected SQL for node "model.my_dbt_project.stg_applications"
[0m23:21:53.417810 [debug] [Thread-1 (]: Began executing node model.my_dbt_project.stg_applications
[0m23:21:53.417810 [debug] [Thread-1 (]: Finished running node model.my_dbt_project.stg_applications
[0m23:21:53.417810 [debug] [Thread-1 (]: Began running node test.my_dbt_project.not_null_credit_risk_risk_score.bf4f074c1b
[0m23:21:53.418811 [debug] [Thread-1 (]: Re-using an available connection from the pool (formerly model.my_dbt_project.stg_applications, now test.my_dbt_project.not_null_credit_risk_risk_score.bf4f074c1b)
[0m23:21:53.418811 [debug] [Thread-1 (]: Began compiling node test.my_dbt_project.not_null_credit_risk_risk_score.bf4f074c1b
[0m23:21:53.423458 [debug] [Thread-1 (]: Writing injected SQL for node "test.my_dbt_project.not_null_credit_risk_risk_score.bf4f074c1b"
[0m23:21:53.430064 [debug] [Thread-1 (]: Began executing node test.my_dbt_project.not_null_credit_risk_risk_score.bf4f074c1b
[0m23:21:53.430064 [debug] [Thread-1 (]: Finished running node test.my_dbt_project.not_null_credit_risk_risk_score.bf4f074c1b
[0m23:21:53.430064 [debug] [Thread-1 (]: Began running node test.my_dbt_project.not_null_stg_applications_Ind_id.cb1daf6586
[0m23:21:53.430064 [debug] [Thread-1 (]: Re-using an available connection from the pool (formerly test.my_dbt_project.not_null_credit_risk_risk_score.bf4f074c1b, now test.my_dbt_project.not_null_stg_applications_Ind_id.cb1daf6586)
[0m23:21:53.430064 [debug] [Thread-1 (]: Began compiling node test.my_dbt_project.not_null_stg_applications_Ind_id.cb1daf6586
[0m23:21:53.434109 [debug] [Thread-1 (]: Writing injected SQL for node "test.my_dbt_project.not_null_stg_applications_Ind_id.cb1daf6586"
[0m23:21:53.435247 [debug] [Thread-1 (]: Began executing node test.my_dbt_project.not_null_stg_applications_Ind_id.cb1daf6586
[0m23:21:53.436004 [debug] [Thread-1 (]: Finished running node test.my_dbt_project.not_null_stg_applications_Ind_id.cb1daf6586
[0m23:21:53.436004 [debug] [Thread-1 (]: Began running node test.my_dbt_project.relationships_credit_risk_client_id__Ind_id__ref_stg_applications_.3a0c92fd63
[0m23:21:53.436704 [debug] [Thread-1 (]: Re-using an available connection from the pool (formerly test.my_dbt_project.not_null_stg_applications_Ind_id.cb1daf6586, now test.my_dbt_project.relationships_credit_risk_client_id__Ind_id__ref_stg_applications_.3a0c92fd63)
[0m23:21:53.436704 [debug] [Thread-1 (]: Began compiling node test.my_dbt_project.relationships_credit_risk_client_id__Ind_id__ref_stg_applications_.3a0c92fd63
[0m23:21:53.444509 [debug] [Thread-1 (]: Writing injected SQL for node "test.my_dbt_project.relationships_credit_risk_client_id__Ind_id__ref_stg_applications_.3a0c92fd63"
[0m23:21:53.444509 [debug] [Thread-1 (]: Began executing node test.my_dbt_project.relationships_credit_risk_client_id__Ind_id__ref_stg_applications_.3a0c92fd63
[0m23:21:53.446164 [debug] [Thread-1 (]: Finished running node test.my_dbt_project.relationships_credit_risk_client_id__Ind_id__ref_stg_applications_.3a0c92fd63
[0m23:21:53.446164 [debug] [Thread-1 (]: Began running node test.my_dbt_project.unique_stg_applications_Ind_id.3f23aaa583
[0m23:21:53.446164 [debug] [Thread-1 (]: Re-using an available connection from the pool (formerly test.my_dbt_project.relationships_credit_risk_client_id__Ind_id__ref_stg_applications_.3a0c92fd63, now test.my_dbt_project.unique_stg_applications_Ind_id.3f23aaa583)
[0m23:21:53.446164 [debug] [Thread-1 (]: Began compiling node test.my_dbt_project.unique_stg_applications_Ind_id.3f23aaa583
[0m23:21:53.452502 [debug] [Thread-1 (]: Writing injected SQL for node "test.my_dbt_project.unique_stg_applications_Ind_id.3f23aaa583"
[0m23:21:53.454256 [debug] [Thread-1 (]: Began executing node test.my_dbt_project.unique_stg_applications_Ind_id.3f23aaa583
[0m23:21:53.454256 [debug] [Thread-1 (]: Finished running node test.my_dbt_project.unique_stg_applications_Ind_id.3f23aaa583
[0m23:21:53.455452 [debug] [MainThread]: Connection 'master' was properly closed.
[0m23:21:53.455452 [debug] [MainThread]: Connection 'list_warehouse.db_main' was properly closed.
[0m23:21:53.455452 [debug] [MainThread]: Connection 'test.my_dbt_project.unique_stg_applications_Ind_id.3f23aaa583' was properly closed.
[0m23:21:53.455452 [debug] [MainThread]: Command end result
[0m23:21:53.522074 [debug] [MainThread]: Wrote artifact WritableManifest to C:\Users\bey77\OneDrive\Desktop\Projects\FinanceProj\Credit Card Approval Model\my_dbt_project\target\manifest.json
[0m23:21:53.524529 [debug] [MainThread]: Wrote artifact SemanticManifest to C:\Users\bey77\OneDrive\Desktop\Projects\FinanceProj\Credit Card Approval Model\my_dbt_project\target\semantic_manifest.json
[0m23:21:53.527681 [debug] [MainThread]: Wrote artifact RunExecutionResult to C:\Users\bey77\OneDrive\Desktop\Projects\FinanceProj\Credit Card Approval Model\my_dbt_project\target\run_results.json
[0m23:21:53.531719 [debug] [MainThread]: Acquiring new sqlite connection 'generate_catalog'
[0m23:21:53.531719 [info ] [MainThread]: Building catalog
[0m23:21:53.538286 [debug] [ThreadPool]: Acquiring new sqlite connection 'warehouse.db.information_schema'
[0m23:21:53.540328 [debug] [ThreadPool]: Using sqlite connection "warehouse.db.information_schema"
[0m23:21:53.540328 [debug] [ThreadPool]: On warehouse.db.information_schema: BEGIN
[0m23:21:53.540328 [debug] [ThreadPool]: Opening a new connection, currently in state init
[0m23:21:53.542850 [debug] [ThreadPool]: SQL status: OK in 0.001 seconds
[0m23:21:53.542850 [debug] [ThreadPool]: Using sqlite connection "warehouse.db.information_schema"
[0m23:21:53.542850 [debug] [ThreadPool]: On warehouse.db.information_schema: /* {"app": "dbt", "dbt_version": "1.11.2", "profile_name": "credit_pipeline", "target_name": "dev", "connection_name": "warehouse.db.information_schema"} */

        pragma database_list
    
[0m23:21:53.542850 [debug] [ThreadPool]: SQL status: OK in 0.000 seconds
[0m23:21:53.544902 [debug] [ThreadPool]: Using sqlite connection "warehouse.db.information_schema"
[0m23:21:53.544902 [debug] [ThreadPool]: On warehouse.db.information_schema: /* {"app": "dbt", "dbt_version": "1.11.2", "profile_name": "credit_pipeline", "target_name": "dev", "connection_name": "warehouse.db.information_schema"} */

            SELECT
                'warehouse.db' as database
                ,name
                ,'main' AS schema
                ,type as data_type
            FROM
                main.sqlite_master
            WHERE
                name NOT LIKE 'sqlite_%'
        
[0m23:21:53.544902 [debug] [ThreadPool]: SQL status: OK in 0.001 seconds
[0m23:21:53.548938 [debug] [ThreadPool]: Using sqlite connection "warehouse.db.information_schema"
[0m23:21:53.550009 [debug] [ThreadPool]: On warehouse.db.information_schema: /* {"app": "dbt", "dbt_version": "1.11.2", "profile_name": "credit_pipeline", "target_name": "dev", "connection_name": "warehouse.db.information_schema"} */
pragma main.table_info(credit_risk)
[0m23:21:53.550009 [debug] [ThreadPool]: On warehouse.db.information_schema: ROLLBACK
[0m23:21:53.550847 [debug] [ThreadPool]: On warehouse.db.information_schema: Close
[0m23:21:53.551371 [debug] [ThreadPool]: SQLite adapter: sqlite3 error: no such table: main.raw_credit_data
[0m23:21:53.552420 [warn ] [MainThread]: Encountered an error while generating catalog: Database Error
  no such table: main.raw_credit_data
[0m23:21:53.557486 [debug] [MainThread]: Wrote artifact CatalogArtifact to C:\Users\bey77\OneDrive\Desktop\Projects\FinanceProj\Credit Card Approval Model\my_dbt_project\target\catalog.json
[0m23:21:53.569277 [debug] [MainThread]: Wrote artifact WritableManifest to C:\Users\bey77\OneDrive\Desktop\Projects\FinanceProj\Credit Card Approval Model\my_dbt_project\target\manifest.json
[0m23:21:53.571289 [debug] [MainThread]: Wrote artifact SemanticManifest to C:\Users\bey77\OneDrive\Desktop\Projects\FinanceProj\Credit Card Approval Model\my_dbt_project\target\semantic_manifest.json
[0m23:21:53.571289 [error] [MainThread]: dbt encountered 1 failure while writing the catalog
[0m23:21:53.572005 [info ] [MainThread]: Catalog written to C:\Users\bey77\OneDrive\Desktop\Projects\FinanceProj\Credit Card Approval Model\my_dbt_project\target\catalog.json
[0m23:21:53.574167 [debug] [MainThread]: Command `dbt docs generate` failed at 23:21:53.574167 after 0.97 seconds
[0m23:21:53.574167 [debug] [MainThread]: Connection 'generate_catalog' was properly closed.
[0m23:21:53.574167 [debug] [MainThread]: Connection 'warehouse.db.information_schema' was properly closed.
[0m23:21:53.574167 [debug] [MainThread]: Sending event: {'category': 'dbt', 'action': 'invocation', 'label': 'end', 'context': [<snowplow_tracker.self_describing_json.SelfDescribingJson object at 0x0000021B5CC96540>, <snowplow_tracker.self_describing_json.SelfDescribingJson object at 0x0000021B61ABB590>, <snowplow_tracker.self_describing_json.SelfDescribingJson object at 0x0000021B5EE332C0>]}
[0m23:21:53.575172 [debug] [MainThread]: Flushing usage events
[0m23:21:53.732618 [debug] [MainThread]: An error was encountered while trying to flush usage events
[0m23:23:36.675056 [debug] [MainThread]: Sending event: {'category': 'dbt', 'action': 'invocation', 'label': 'start', 'context': [<snowplow_tracker.self_describing_json.SelfDescribingJson object at 0x000001CE9D7B2150>, <snowplow_tracker.self_describing_json.SelfDescribingJson object at 0x000001CE9D7B20F0>, <snowplow_tracker.self_describing_json.SelfDescribingJson object at 0x000001CE9D7B1A60>]}


============================== 23:23:36.686316 | b5bc2479-1e52-47ac-9afb-5ae46b65c4b4 ==============================
[0m23:23:36.686316 [info ] [MainThread]: Running with dbt=1.11.2
[0m23:23:36.686316 [debug] [MainThread]: running dbt with arguments {'static_parser': 'True', 'no_print': 'None', 'version_check': 'True', 'target_path': 'None', 'warn_error_options': 'WarnErrorOptionsV2(error=[], warn=[], silence=[])', 'printer_width': '80', 'write_json': 'True', 'empty': 'None', 'log_cache_events': 'False', 'introspect': 'True', 'cache_selected_only': 'False', 'fail_fast': 'False', 'debug': 'False', 'log_format': 'default', 'partial_parse': 'True', 'send_anonymous_usage_stats': 'True', 'quiet': 'False', 'warn_error': 'None', 'profiles_dir': 'C:\\Users\\bey77\\OneDrive\\Desktop\\Projects\\FinanceProj\\Credit Card Approval Model\\my_dbt_project', 'indirect_selection': 'eager', 'invocation_command': 'dbt seed', 'use_colors': 'True', 'use_experimental_parser': 'False', 'log_path': 'C:\\Users\\bey77\\OneDrive\\Desktop\\Projects\\FinanceProj\\Credit Card Approval Model\\my_dbt_project\\logs'}
[0m23:23:36.822680 [debug] [MainThread]: Sending event: {'category': 'dbt', 'action': 'project_id', 'label': 'b5bc2479-1e52-47ac-9afb-5ae46b65c4b4', 'context': [<snowplow_tracker.self_describing_json.SelfDescribingJson object at 0x000001CE9CCA76E0>]}
[0m23:23:36.871187 [debug] [MainThread]: Sending event: {'category': 'dbt', 'action': 'adapter_info', 'label': 'b5bc2479-1e52-47ac-9afb-5ae46b65c4b4', 'context': [<snowplow_tracker.self_describing_json.SelfDescribingJson object at 0x000001CE9D7B25D0>]}
[0m23:23:36.873184 [info ] [MainThread]: Registered adapter: sqlite=1.10.0
[0m23:23:37.008129 [debug] [MainThread]: checksum: 3d40d8bbe1bef07db1c24822f2dbfff8bc07f2a48ed4fe2658a40653aec0b54b, vars: {}, profile: , target: , version: 1.11.2
[0m23:23:37.102056 [debug] [MainThread]: Partial parsing enabled: 0 files deleted, 0 files added, 0 files changed.
[0m23:23:37.102056 [debug] [MainThread]: Nothing changed, skipping partial parsing.
[0m23:23:37.102056 [debug] [MainThread]: Partial parsing enabled, no changes found, skipping parsing
[0m23:23:37.122472 [debug] [MainThread]: Sending event: {'category': 'dbt', 'action': 'load_project', 'label': 'b5bc2479-1e52-47ac-9afb-5ae46b65c4b4', 'context': [<snowplow_tracker.self_describing_json.SelfDescribingJson object at 0x000001CE9EE06A80>]}
[0m23:23:37.181593 [debug] [MainThread]: Wrote artifact WritableManifest to C:\Users\bey77\OneDrive\Desktop\Projects\FinanceProj\Credit Card Approval Model\my_dbt_project\target\manifest.json
[0m23:23:37.184197 [debug] [MainThread]: Wrote artifact SemanticManifest to C:\Users\bey77\OneDrive\Desktop\Projects\FinanceProj\Credit Card Approval Model\my_dbt_project\target\semantic_manifest.json
[0m23:23:37.213421 [debug] [MainThread]: Sending event: {'category': 'dbt', 'action': 'resource_counts', 'label': 'b5bc2479-1e52-47ac-9afb-5ae46b65c4b4', 'context': [<snowplow_tracker.self_describing_json.SelfDescribingJson object at 0x000001CE9EE05F70>]}
[0m23:23:37.213899 [info ] [MainThread]: Found 2 models, 4 data tests, 1 source, 416 macros
[0m23:23:37.213899 [debug] [MainThread]: Sending event: {'category': 'dbt', 'action': 'runnable_timing', 'label': 'b5bc2479-1e52-47ac-9afb-5ae46b65c4b4', 'context': [<snowplow_tracker.self_describing_json.SelfDescribingJson object at 0x000001CE9EF8F560>]}
[0m23:23:37.215697 [warn ] [MainThread]: Nothing to do. Try checking your model configs and model specification args
[0m23:23:37.217702 [debug] [MainThread]: Command end result
[0m23:23:37.231691 [debug] [MainThread]: Wrote artifact WritableManifest to C:\Users\bey77\OneDrive\Desktop\Projects\FinanceProj\Credit Card Approval Model\my_dbt_project\target\manifest.json
[0m23:23:37.231691 [debug] [MainThread]: Wrote artifact SemanticManifest to C:\Users\bey77\OneDrive\Desktop\Projects\FinanceProj\Credit Card Approval Model\my_dbt_project\target\semantic_manifest.json
[0m23:23:37.238563 [debug] [MainThread]: Wrote artifact RunExecutionResult to C:\Users\bey77\OneDrive\Desktop\Projects\FinanceProj\Credit Card Approval Model\my_dbt_project\target\run_results.json
[0m23:23:37.238563 [info ] [MainThread]: 
[0m23:23:37.241445 [info ] [MainThread]: [32mCompleted successfully[0m
[0m23:23:37.242442 [info ] [MainThread]: 
[0m23:23:37.242902 [info ] [MainThread]: Done. PASS=0 WARN=0 ERROR=0 SKIP=0 NO-OP=0 TOTAL=0
[0m23:23:37.243963 [debug] [MainThread]: Command `dbt seed` succeeded at 23:23:37.243963 after 0.68 seconds
[0m23:23:37.243963 [debug] [MainThread]: Sending event: {'category': 'dbt', 'action': 'invocation', 'label': 'end', 'context': [<snowplow_tracker.self_describing_json.SelfDescribingJson object at 0x000001CE9D76DFA0>, <snowplow_tracker.self_describing_json.SelfDescribingJson object at 0x000001CE9E8FA780>, <snowplow_tracker.self_describing_json.SelfDescribingJson object at 0x000001CE9D03E930>]}
[0m23:23:37.245067 [debug] [MainThread]: Flushing usage events
[0m23:23:37.571617 [debug] [MainThread]: An error was encountered while trying to flush usage events
[0m23:26:30.765295 [debug] [MainThread]: Sending event: {'category': 'dbt', 'action': 'invocation', 'label': 'start', 'context': [<snowplow_tracker.self_describing_json.SelfDescribingJson object at 0x0000025474A579E0>, <snowplow_tracker.self_describing_json.SelfDescribingJson object at 0x0000025477992630>, <snowplow_tracker.self_describing_json.SelfDescribingJson object at 0x0000025474B86510>]}


============================== 23:26:30.771270 | d6c405b4-f46e-4939-97b4-6f4659ccff00 ==============================
[0m23:26:30.771270 [info ] [MainThread]: Running with dbt=1.11.2
[0m23:26:30.772823 [debug] [MainThread]: running dbt with arguments {'version_check': 'True', 'no_print': 'None', 'static_parser': 'True', 'warn_error_options': 'WarnErrorOptionsV2(error=[], warn=[], silence=[])', 'target_path': 'None', 'printer_width': '80', 'write_json': 'True', 'empty': 'False', 'log_cache_events': 'False', 'introspect': 'True', 'cache_selected_only': 'False', 'fail_fast': 'False', 'debug': 'False', 'log_format': 'default', 'partial_parse': 'True', 'send_anonymous_usage_stats': 'True', 'quiet': 'False', 'warn_error': 'None', 'profiles_dir': 'C:\\Users\\bey77\\OneDrive\\Desktop\\Projects\\FinanceProj\\Credit Card Approval Model\\my_dbt_project', 'indirect_selection': 'eager', 'use_colors': 'True', 'invocation_command': 'dbt run', 'use_experimental_parser': 'False', 'log_path': 'C:\\Users\\bey77\\OneDrive\\Desktop\\Projects\\FinanceProj\\Credit Card Approval Model\\my_dbt_project\\logs'}
[0m23:26:30.887654 [debug] [MainThread]: Sending event: {'category': 'dbt', 'action': 'project_id', 'label': 'd6c405b4-f46e-4939-97b4-6f4659ccff00', 'context': [<snowplow_tracker.self_describing_json.SelfDescribingJson object at 0x00000254777855B0>]}
[0m23:26:30.928878 [debug] [MainThread]: Sending event: {'category': 'dbt', 'action': 'adapter_info', 'label': 'd6c405b4-f46e-4939-97b4-6f4659ccff00', 'context': [<snowplow_tracker.self_describing_json.SelfDescribingJson object at 0x0000025477BEA870>]}
[0m23:26:30.928878 [info ] [MainThread]: Registered adapter: sqlite=1.10.0
[0m23:26:31.062608 [debug] [MainThread]: checksum: 3d40d8bbe1bef07db1c24822f2dbfff8bc07f2a48ed4fe2658a40653aec0b54b, vars: {}, profile: , target: , version: 1.11.2
[0m23:26:31.194022 [debug] [MainThread]: Partial parsing enabled: 0 files deleted, 0 files added, 2 files changed.
[0m23:26:31.194022 [debug] [MainThread]: Partial parsing: updated file: my_dbt_project://models\credit_risk.sql
[0m23:26:31.196029 [debug] [MainThread]: Partial parsing: updated file: my_dbt_project://models\stg_applications.sql
[0m23:26:31.425105 [warn ] [MainThread]: [[33mWARNING[0m][MissingArgumentsPropertyInGenericTestDeprecation]: Deprecated
functionality
Found top-level arguments to test `relationships` defined on 'credit_risk' in
package 'my_dbt_project' (models\models.yml). Arguments to generic tests should
be nested under the `arguments` property.
[0m23:26:31.425105 [debug] [MainThread]: Sending event: {'category': 'dbt', 'action': 'deprecation', 'label': 'd6c405b4-f46e-4939-97b4-6f4659ccff00', 'property_': 'warn', 'context': [<snowplow_tracker.self_describing_json.SelfDescribingJson object at 0x0000025479823C20>]}
[0m23:26:31.489789 [debug] [MainThread]: Sending event: {'category': 'dbt', 'action': 'load_project', 'label': 'd6c405b4-f46e-4939-97b4-6f4659ccff00', 'context': [<snowplow_tracker.self_describing_json.SelfDescribingJson object at 0x0000025479829610>]}
[0m23:26:31.539415 [debug] [MainThread]: Wrote artifact WritableManifest to C:\Users\bey77\OneDrive\Desktop\Projects\FinanceProj\Credit Card Approval Model\my_dbt_project\target\manifest.json
[0m23:26:31.539415 [debug] [MainThread]: Wrote artifact SemanticManifest to C:\Users\bey77\OneDrive\Desktop\Projects\FinanceProj\Credit Card Approval Model\my_dbt_project\target\semantic_manifest.json
[0m23:26:31.560858 [debug] [MainThread]: Sending event: {'category': 'dbt', 'action': 'resource_counts', 'label': 'd6c405b4-f46e-4939-97b4-6f4659ccff00', 'context': [<snowplow_tracker.self_describing_json.SelfDescribingJson object at 0x000002547956F860>]}
[0m23:26:31.560858 [info ] [MainThread]: Found 2 models, 4 data tests, 1 source, 416 macros
[0m23:26:31.560858 [debug] [MainThread]: Sending event: {'category': 'dbt', 'action': 'runnable_timing', 'label': 'd6c405b4-f46e-4939-97b4-6f4659ccff00', 'context': [<snowplow_tracker.self_describing_json.SelfDescribingJson object at 0x0000025479913440>]}
[0m23:26:31.570194 [info ] [MainThread]: 
[0m23:26:31.570194 [info ] [MainThread]: Concurrency: 1 threads (target='dev')
[0m23:26:31.570194 [info ] [MainThread]: 
[0m23:26:31.570194 [debug] [MainThread]: Acquiring new sqlite connection 'master'
[0m23:26:31.576831 [debug] [ThreadPool]: Acquiring new sqlite connection 'list_warehouse.db'
[0m23:26:31.622616 [debug] [ThreadPool]: Using sqlite connection "list_warehouse.db"
[0m23:26:31.622616 [debug] [ThreadPool]: On list_warehouse.db: BEGIN
[0m23:26:31.622616 [debug] [ThreadPool]: Opening a new connection, currently in state init
[0m23:26:31.622616 [debug] [ThreadPool]: SQL status: OK in 0.001 seconds
[0m23:26:31.622616 [debug] [ThreadPool]: Using sqlite connection "list_warehouse.db"
[0m23:26:31.622616 [debug] [ThreadPool]: On list_warehouse.db: /* {"app": "dbt", "dbt_version": "1.11.2", "profile_name": "credit_pipeline", "target_name": "dev", "connection_name": "list_warehouse.db"} */

        pragma database_list
    
[0m23:26:31.622616 [debug] [ThreadPool]: SQL status: OK in 0.000 seconds
[0m23:26:31.622616 [debug] [ThreadPool]: On list_warehouse.db: ROLLBACK
[0m23:26:31.622616 [debug] [ThreadPool]: On list_warehouse.db: Close
[0m23:26:31.622616 [debug] [ThreadPool]: Acquiring new sqlite connection 'list_warehouse.db_main'
[0m23:26:31.629805 [debug] [ThreadPool]: Using sqlite connection "list_warehouse.db_main"
[0m23:26:31.629805 [debug] [ThreadPool]: On list_warehouse.db_main: BEGIN
[0m23:26:31.629805 [debug] [ThreadPool]: Opening a new connection, currently in state init
[0m23:26:31.629805 [debug] [ThreadPool]: SQL status: OK in 0.001 seconds
[0m23:26:31.633043 [debug] [ThreadPool]: Using sqlite connection "list_warehouse.db_main"
[0m23:26:31.633043 [debug] [ThreadPool]: On list_warehouse.db_main: /* {"app": "dbt", "dbt_version": "1.11.2", "profile_name": "credit_pipeline", "target_name": "dev", "connection_name": "list_warehouse.db_main"} */

        pragma database_list
    
[0m23:26:31.633043 [debug] [ThreadPool]: SQL status: OK in 0.000 seconds
[0m23:26:31.633043 [debug] [ThreadPool]: Using sqlite connection "list_warehouse.db_main"
[0m23:26:31.633043 [debug] [ThreadPool]: On list_warehouse.db_main: /* {"app": "dbt", "dbt_version": "1.11.2", "profile_name": "credit_pipeline", "target_name": "dev", "connection_name": "list_warehouse.db_main"} */

            SELECT
                'warehouse.db' as database
                ,name
                ,'main' AS schema
                ,type as data_type
            FROM
                main.sqlite_master
            WHERE
                name NOT LIKE 'sqlite_%'
        
[0m23:26:31.633043 [debug] [ThreadPool]: SQL status: OK in 0.000 seconds
[0m23:26:31.633043 [debug] [ThreadPool]: On list_warehouse.db_main: ROLLBACK
[0m23:26:31.633043 [debug] [ThreadPool]: On list_warehouse.db_main: Close
[0m23:26:31.633043 [debug] [MainThread]: Sending event: {'category': 'dbt', 'action': 'runnable_timing', 'label': 'd6c405b4-f46e-4939-97b4-6f4659ccff00', 'context': [<snowplow_tracker.self_describing_json.SelfDescribingJson object at 0x0000025478F518B0>]}
[0m23:26:31.633043 [debug] [MainThread]: Using sqlite connection "master"
[0m23:26:31.633043 [debug] [MainThread]: On master: BEGIN
[0m23:26:31.633043 [debug] [MainThread]: Opening a new connection, currently in state init
[0m23:26:31.633043 [debug] [MainThread]: SQL status: OK in 0.001 seconds
[0m23:26:31.633043 [debug] [MainThread]: On master: COMMIT
[0m23:26:31.633043 [debug] [MainThread]: Using sqlite connection "master"
[0m23:26:31.638833 [debug] [MainThread]: On master: COMMIT
[0m23:26:31.638833 [debug] [MainThread]: SQL status: OK in 0.000 seconds
[0m23:26:31.638833 [debug] [MainThread]: On master: Close
[0m23:26:31.638833 [debug] [Thread-1 (]: Began running node model.my_dbt_project.credit_risk
[0m23:26:31.638833 [info ] [Thread-1 (]: 1 of 2 START sql view model main.credit_risk ................................... [RUN]
[0m23:26:31.643453 [debug] [Thread-1 (]: Acquiring new sqlite connection 'model.my_dbt_project.credit_risk'
[0m23:26:31.643453 [debug] [Thread-1 (]: Began compiling node model.my_dbt_project.credit_risk
[0m23:26:31.649751 [debug] [Thread-1 (]: Writing injected SQL for node "model.my_dbt_project.credit_risk"
[0m23:26:31.650761 [debug] [Thread-1 (]: Began executing node model.my_dbt_project.credit_risk
[0m23:26:31.660969 [debug] [Thread-1 (]: Using sqlite connection "model.my_dbt_project.credit_risk"
[0m23:26:31.661919 [debug] [Thread-1 (]: On model.my_dbt_project.credit_risk: /* {"app": "dbt", "dbt_version": "1.11.2", "profile_name": "credit_pipeline", "target_name": "dev", "node_id": "model.my_dbt_project.credit_risk"} */
drop view if exists "main"."credit_risk"
[0m23:26:31.661919 [debug] [Thread-1 (]: Opening a new connection, currently in state init
[0m23:26:31.666477 [debug] [Thread-1 (]: SQL status: OK in 0.004 seconds
[0m23:26:31.670467 [debug] [Thread-1 (]: Writing runtime sql for node "model.my_dbt_project.credit_risk"
[0m23:26:31.671471 [debug] [Thread-1 (]: Using sqlite connection "model.my_dbt_project.credit_risk"
[0m23:26:31.672431 [debug] [Thread-1 (]: On model.my_dbt_project.credit_risk: BEGIN
[0m23:26:31.672431 [debug] [Thread-1 (]: SQL status: OK in 0.000 seconds
[0m23:26:31.672431 [debug] [Thread-1 (]: Using sqlite connection "model.my_dbt_project.credit_risk"
[0m23:26:31.672431 [debug] [Thread-1 (]: On model.my_dbt_project.credit_risk: /* {"app": "dbt", "dbt_version": "1.11.2", "profile_name": "credit_pipeline", "target_name": "dev", "node_id": "model.my_dbt_project.credit_risk"} */

    
    create view main."credit_risk" as
    -- income per child
-- annual income / # of children

WITH source AS (
    SELECT * FROM main."raw_credit_data"
)

SELECT Ind_ID, Annual_income, CHILDREN,
CASE 
    WHEN children > 0 THEN Annual_income / CHILDREN
    ELSE NULL
END AS income_per_child
FROM source;
[0m23:26:31.673431 [debug] [Thread-1 (]: SQL status: OK in 0.001 seconds
[0m23:26:31.677998 [debug] [Thread-1 (]: On model.my_dbt_project.credit_risk: COMMIT
[0m23:26:31.677998 [debug] [Thread-1 (]: Using sqlite connection "model.my_dbt_project.credit_risk"
[0m23:26:31.678716 [debug] [Thread-1 (]: On model.my_dbt_project.credit_risk: COMMIT
[0m23:26:31.681387 [debug] [Thread-1 (]: SQL status: OK in 0.003 seconds
[0m23:26:31.684872 [debug] [Thread-1 (]: On model.my_dbt_project.credit_risk: Close
[0m23:26:31.687029 [debug] [Thread-1 (]: Sending event: {'category': 'dbt', 'action': 'run_model', 'label': 'd6c405b4-f46e-4939-97b4-6f4659ccff00', 'context': [<snowplow_tracker.self_describing_json.SelfDescribingJson object at 0x0000025479DF8C20>]}
[0m23:26:31.687029 [info ] [Thread-1 (]: 1 of 2 OK created sql view model main.credit_risk .............................. [[32mOK[0m in 0.04s]
[0m23:26:31.689037 [debug] [Thread-1 (]: Finished running node model.my_dbt_project.credit_risk
[0m23:26:31.689037 [debug] [Thread-1 (]: Began running node model.my_dbt_project.stg_applications
[0m23:26:31.689037 [info ] [Thread-1 (]: 2 of 2 START sql view model main.stg_applications .............................. [RUN]
[0m23:26:31.689037 [debug] [Thread-1 (]: Re-using an available connection from the pool (formerly model.my_dbt_project.credit_risk, now model.my_dbt_project.stg_applications)
[0m23:26:31.689037 [debug] [Thread-1 (]: Began compiling node model.my_dbt_project.stg_applications
[0m23:26:31.691044 [debug] [Thread-1 (]: Writing injected SQL for node "model.my_dbt_project.stg_applications"
[0m23:26:31.693057 [debug] [Thread-1 (]: Began executing node model.my_dbt_project.stg_applications
[0m23:26:31.695126 [debug] [Thread-1 (]: Using sqlite connection "model.my_dbt_project.stg_applications"
[0m23:26:31.695126 [debug] [Thread-1 (]: On model.my_dbt_project.stg_applications: /* {"app": "dbt", "dbt_version": "1.11.2", "profile_name": "credit_pipeline", "target_name": "dev", "node_id": "model.my_dbt_project.stg_applications"} */
drop view if exists "main"."stg_applications"
[0m23:26:31.696287 [debug] [Thread-1 (]: Opening a new connection, currently in state closed
[0m23:26:31.703055 [debug] [Thread-1 (]: SQL status: OK in 0.008 seconds
[0m23:26:31.705707 [debug] [Thread-1 (]: Writing runtime sql for node "model.my_dbt_project.stg_applications"
[0m23:26:31.705707 [debug] [Thread-1 (]: Using sqlite connection "model.my_dbt_project.stg_applications"
[0m23:26:31.705707 [debug] [Thread-1 (]: On model.my_dbt_project.stg_applications: BEGIN
[0m23:26:31.705707 [debug] [Thread-1 (]: SQL status: OK in 0.000 seconds
[0m23:26:31.705707 [debug] [Thread-1 (]: Using sqlite connection "model.my_dbt_project.stg_applications"
[0m23:26:31.705707 [debug] [Thread-1 (]: On model.my_dbt_project.stg_applications: /* {"app": "dbt", "dbt_version": "1.11.2", "profile_name": "credit_pipeline", "target_name": "dev", "node_id": "model.my_dbt_project.stg_applications"} */

    
    create view main."stg_applications" as
    WITH source AS (
    SELECT * FROM main."raw_credit_data"
)

SELECT
    Ind_ID,
    annual_income,
    ABS(Employed_years) / 365.0 as years_employed,
    CASE 
        WHEN EDUCATION = 'Higher education' THEN 1 
        ELSE 0 
    END as is_higher_ed,
    label as rejected
FROM source;
[0m23:26:31.705707 [debug] [Thread-1 (]: SQL status: OK in 0.001 seconds
[0m23:26:31.711989 [debug] [Thread-1 (]: On model.my_dbt_project.stg_applications: COMMIT
[0m23:26:31.711989 [debug] [Thread-1 (]: Using sqlite connection "model.my_dbt_project.stg_applications"
[0m23:26:31.713050 [debug] [Thread-1 (]: On model.my_dbt_project.stg_applications: COMMIT
[0m23:26:31.718692 [debug] [Thread-1 (]: SQL status: OK in 0.005 seconds
[0m23:26:31.720435 [debug] [Thread-1 (]: On model.my_dbt_project.stg_applications: Close
[0m23:26:31.721400 [debug] [Thread-1 (]: Sending event: {'category': 'dbt', 'action': 'run_model', 'label': 'd6c405b4-f46e-4939-97b4-6f4659ccff00', 'context': [<snowplow_tracker.self_describing_json.SelfDescribingJson object at 0x0000025479D49070>]}
[0m23:26:31.721400 [info ] [Thread-1 (]: 2 of 2 OK created sql view model main.stg_applications ......................... [[32mOK[0m in 0.03s]
[0m23:26:31.722448 [debug] [Thread-1 (]: Finished running node model.my_dbt_project.stg_applications
[0m23:26:31.724445 [debug] [MainThread]: Using sqlite connection "master"
[0m23:26:31.724445 [debug] [MainThread]: On master: BEGIN
[0m23:26:31.724445 [debug] [MainThread]: Opening a new connection, currently in state closed
[0m23:26:31.726707 [debug] [MainThread]: SQL status: OK in 0.002 seconds
[0m23:26:31.726707 [debug] [MainThread]: On master: COMMIT
[0m23:26:31.726707 [debug] [MainThread]: Using sqlite connection "master"
[0m23:26:31.726707 [debug] [MainThread]: On master: COMMIT
[0m23:26:31.726707 [debug] [MainThread]: SQL status: OK in 0.000 seconds
[0m23:26:31.726707 [debug] [MainThread]: On master: Close
[0m23:26:31.728806 [debug] [MainThread]: Connection 'master' was properly closed.
[0m23:26:31.728806 [debug] [MainThread]: Connection 'list_warehouse.db' was properly closed.
[0m23:26:31.728806 [debug] [MainThread]: Connection 'list_warehouse.db_main' was properly closed.
[0m23:26:31.728806 [debug] [MainThread]: Connection 'model.my_dbt_project.stg_applications' was properly closed.
[0m23:26:31.728806 [info ] [MainThread]: 
[0m23:26:31.730275 [info ] [MainThread]: Finished running 2 view models in 0 hours 0 minutes and 0.16 seconds (0.16s).
[0m23:26:31.731183 [debug] [MainThread]: Command end result
[0m23:26:31.791441 [debug] [MainThread]: Wrote artifact WritableManifest to C:\Users\bey77\OneDrive\Desktop\Projects\FinanceProj\Credit Card Approval Model\my_dbt_project\target\manifest.json
[0m23:26:31.798535 [debug] [MainThread]: Wrote artifact SemanticManifest to C:\Users\bey77\OneDrive\Desktop\Projects\FinanceProj\Credit Card Approval Model\my_dbt_project\target\semantic_manifest.json
[0m23:26:31.803134 [debug] [MainThread]: Wrote artifact RunExecutionResult to C:\Users\bey77\OneDrive\Desktop\Projects\FinanceProj\Credit Card Approval Model\my_dbt_project\target\run_results.json
[0m23:26:31.804117 [info ] [MainThread]: 
[0m23:26:31.804117 [info ] [MainThread]: [32mCompleted successfully[0m
[0m23:26:31.805142 [info ] [MainThread]: 
[0m23:26:31.805142 [info ] [MainThread]: Done. PASS=2 WARN=0 ERROR=0 SKIP=0 NO-OP=0 TOTAL=2
[0m23:26:31.806085 [warn ] [MainThread]: [[33mWARNING[0m][DeprecationsSummary]: Deprecated functionality
Summary of encountered deprecations:
- MissingArgumentsPropertyInGenericTestDeprecation: 1 occurrence
To see all deprecation instances instead of just the first occurrence of each,
run command again with the `--show-all-deprecations` flag. You may also need to
run with `--no-partial-parse` as some deprecations are only encountered during
parsing.
[0m23:26:31.807087 [debug] [MainThread]: Command `dbt run` succeeded at 23:26:31.807087 after 1.18 seconds
[0m23:26:31.807087 [debug] [MainThread]: Sending event: {'category': 'dbt', 'action': 'invocation', 'label': 'end', 'context': [<snowplow_tracker.self_describing_json.SelfDescribingJson object at 0x0000025479A40F50>, <snowplow_tracker.self_describing_json.SelfDescribingJson object at 0x0000025479A42AE0>, <snowplow_tracker.self_describing_json.SelfDescribingJson object at 0x0000025479A40890>]}
[0m23:26:31.807087 [debug] [MainThread]: Flushing usage events
[0m23:26:32.014720 [debug] [MainThread]: An error was encountered while trying to flush usage events
[0m23:30:56.211115 [debug] [MainThread]: Sending event: {'category': 'dbt', 'action': 'invocation', 'label': 'start', 'context': [<snowplow_tracker.self_describing_json.SelfDescribingJson object at 0x000001AC76B14050>, <snowplow_tracker.self_describing_json.SelfDescribingJson object at 0x000001AC76B79E80>, <snowplow_tracker.self_describing_json.SelfDescribingJson object at 0x000001AC76B791F0>]}


============================== 23:30:56.218787 | ddd35061-5f55-4d35-8045-268489d31228 ==============================
[0m23:30:56.218787 [info ] [MainThread]: Running with dbt=1.11.2
[0m23:30:56.218787 [debug] [MainThread]: running dbt with arguments {'version_check': 'True', 'no_print': 'None', 'static_parser': 'True', 'warn_error_options': 'WarnErrorOptionsV2(error=[], warn=[], silence=[])', 'target_path': 'None', 'printer_width': '80', 'write_json': 'True', 'empty': 'None', 'log_cache_events': 'False', 'introspect': 'True', 'cache_selected_only': 'False', 'fail_fast': 'False', 'debug': 'False', 'log_format': 'default', 'profiles_dir': 'C:\\Users\\bey77\\OneDrive\\Desktop\\Projects\\FinanceProj\\Credit Card Approval Model\\my_dbt_project', 'send_anonymous_usage_stats': 'True', 'quiet': 'False', 'warn_error': 'None', 'partial_parse': 'True', 'use_colors': 'True', 'invocation_command': 'dbt clean', 'indirect_selection': 'eager', 'use_experimental_parser': 'False', 'log_path': 'C:\\Users\\bey77\\OneDrive\\Desktop\\Projects\\FinanceProj\\Credit Card Approval Model\\my_dbt_project\\logs'}
[0m23:30:56.318312 [debug] [MainThread]: Sending event: {'category': 'dbt', 'action': 'project_id', 'label': 'ddd35061-5f55-4d35-8045-268489d31228', 'context': [<snowplow_tracker.self_describing_json.SelfDescribingJson object at 0x000001AC78181D30>]}
[0m23:30:56.371647 [debug] [MainThread]: Command `dbt clean` succeeded at 23:30:56.371647 after 0.32 seconds
[0m23:30:56.371647 [debug] [MainThread]: Sending event: {'category': 'dbt', 'action': 'invocation', 'label': 'end', 'context': [<snowplow_tracker.self_describing_json.SelfDescribingJson object at 0x000001AC766FBB00>, <snowplow_tracker.self_describing_json.SelfDescribingJson object at 0x000001AC76F68200>, <snowplow_tracker.self_describing_json.SelfDescribingJson object at 0x000001AC76F6B860>]}
[0m23:30:56.371647 [debug] [MainThread]: Flushing usage events
[0m23:30:56.650050 [debug] [MainThread]: An error was encountered while trying to flush usage events
[0m23:31:00.602861 [debug] [MainThread]: Sending event: {'category': 'dbt', 'action': 'invocation', 'label': 'start', 'context': [<snowplow_tracker.self_describing_json.SelfDescribingJson object at 0x000002C907749340>, <snowplow_tracker.self_describing_json.SelfDescribingJson object at 0x000002C90774A000>, <snowplow_tracker.self_describing_json.SelfDescribingJson object at 0x000002C90774AC60>]}


============================== 23:31:00.610694 | 6ea393e0-7bfe-48f5-819b-91ace4cecec1 ==============================
[0m23:31:00.610694 [info ] [MainThread]: Running with dbt=1.11.2
[0m23:31:00.610694 [debug] [MainThread]: running dbt with arguments {'version_check': 'True', 'no_print': 'None', 'static_parser': 'True', 'warn_error_options': 'WarnErrorOptionsV2(error=[], warn=[], silence=[])', 'target_path': 'None', 'printer_width': '80', 'write_json': 'True', 'empty': 'False', 'log_cache_events': 'False', 'introspect': 'True', 'cache_selected_only': 'False', 'log_format': 'default', 'debug': 'False', 'fail_fast': 'False', 'partial_parse': 'True', 'send_anonymous_usage_stats': 'True', 'quiet': 'False', 'warn_error': 'None', 'profiles_dir': 'C:\\Users\\bey77\\OneDrive\\Desktop\\Projects\\FinanceProj\\Credit Card Approval Model\\my_dbt_project', 'use_colors': 'True', 'invocation_command': 'dbt run', 'indirect_selection': 'eager', 'use_experimental_parser': 'False', 'log_path': 'C:\\Users\\bey77\\OneDrive\\Desktop\\Projects\\FinanceProj\\Credit Card Approval Model\\my_dbt_project\\logs'}
[0m23:31:00.732525 [debug] [MainThread]: Sending event: {'category': 'dbt', 'action': 'project_id', 'label': '6ea393e0-7bfe-48f5-819b-91ace4cecec1', 'context': [<snowplow_tracker.self_describing_json.SelfDescribingJson object at 0x000002C908E842C0>]}
[0m23:31:00.779453 [debug] [MainThread]: Sending event: {'category': 'dbt', 'action': 'adapter_info', 'label': '6ea393e0-7bfe-48f5-819b-91ace4cecec1', 'context': [<snowplow_tracker.self_describing_json.SelfDescribingJson object at 0x000002C9078EA240>]}
[0m23:31:00.780458 [info ] [MainThread]: Registered adapter: sqlite=1.10.0
[0m23:31:00.910178 [debug] [MainThread]: checksum: 3d40d8bbe1bef07db1c24822f2dbfff8bc07f2a48ed4fe2658a40653aec0b54b, vars: {}, profile: , target: , version: 1.11.2
[0m23:31:00.910178 [info ] [MainThread]: Unable to do partial parsing because saved manifest not found. Starting full parse.
[0m23:31:00.910178 [debug] [MainThread]: Sending event: {'category': 'dbt', 'action': 'partial_parser', 'label': '6ea393e0-7bfe-48f5-819b-91ace4cecec1', 'context': [<snowplow_tracker.self_describing_json.SelfDescribingJson object at 0x000002C909221A00>]}
[0m23:31:01.650967 [warn ] [MainThread]: [[33mWARNING[0m][MissingArgumentsPropertyInGenericTestDeprecation]: Deprecated
functionality
Found top-level arguments to test `relationships` defined on 'credit_risk' in
package 'my_dbt_project' (models\models.yml). Arguments to generic tests should
be nested under the `arguments` property.
[0m23:31:01.650967 [debug] [MainThread]: Sending event: {'category': 'dbt', 'action': 'deprecation', 'label': '6ea393e0-7bfe-48f5-819b-91ace4cecec1', 'property_': 'warn', 'context': [<snowplow_tracker.self_describing_json.SelfDescribingJson object at 0x000002C9096CB2F0>]}
[0m23:31:01.797202 [debug] [MainThread]: Sending event: {'category': 'dbt', 'action': 'load_project', 'label': '6ea393e0-7bfe-48f5-819b-91ace4cecec1', 'context': [<snowplow_tracker.self_describing_json.SelfDescribingJson object at 0x000002C9095DE480>]}
[0m23:31:01.850657 [debug] [MainThread]: Wrote artifact WritableManifest to C:\Users\bey77\OneDrive\Desktop\Projects\FinanceProj\Credit Card Approval Model\my_dbt_project\target\manifest.json
[0m23:31:01.853274 [debug] [MainThread]: Wrote artifact SemanticManifest to C:\Users\bey77\OneDrive\Desktop\Projects\FinanceProj\Credit Card Approval Model\my_dbt_project\target\semantic_manifest.json
[0m23:31:01.886846 [debug] [MainThread]: Sending event: {'category': 'dbt', 'action': 'resource_counts', 'label': '6ea393e0-7bfe-48f5-819b-91ace4cecec1', 'context': [<snowplow_tracker.self_describing_json.SelfDescribingJson object at 0x000002C9094F7260>]}
[0m23:31:01.888854 [info ] [MainThread]: Found 2 models, 4 data tests, 1 source, 416 macros
[0m23:31:01.888854 [debug] [MainThread]: Sending event: {'category': 'dbt', 'action': 'runnable_timing', 'label': '6ea393e0-7bfe-48f5-819b-91ace4cecec1', 'context': [<snowplow_tracker.self_describing_json.SelfDescribingJson object at 0x000002C9095DD9D0>]}
[0m23:31:01.890976 [info ] [MainThread]: 
[0m23:31:01.890976 [info ] [MainThread]: Concurrency: 1 threads (target='dev')
[0m23:31:01.890976 [info ] [MainThread]: 
[0m23:31:01.890976 [debug] [MainThread]: Acquiring new sqlite connection 'master'
[0m23:31:01.903332 [debug] [ThreadPool]: Acquiring new sqlite connection 'list_warehouse.db'
[0m23:31:01.943018 [debug] [ThreadPool]: Using sqlite connection "list_warehouse.db"
[0m23:31:01.943018 [debug] [ThreadPool]: On list_warehouse.db: BEGIN
[0m23:31:01.943018 [debug] [ThreadPool]: Opening a new connection, currently in state init
[0m23:31:01.952347 [debug] [ThreadPool]: SQL status: OK in 0.001 seconds
[0m23:31:01.953353 [debug] [ThreadPool]: Using sqlite connection "list_warehouse.db"
[0m23:31:01.953353 [debug] [ThreadPool]: On list_warehouse.db: /* {"app": "dbt", "dbt_version": "1.11.2", "profile_name": "credit_pipeline", "target_name": "dev", "connection_name": "list_warehouse.db"} */

        pragma database_list
    
[0m23:31:01.953353 [debug] [ThreadPool]: SQL status: OK in 0.000 seconds
[0m23:31:01.953353 [debug] [ThreadPool]: On list_warehouse.db: ROLLBACK
[0m23:31:01.953353 [debug] [ThreadPool]: On list_warehouse.db: Close
[0m23:31:01.953353 [debug] [ThreadPool]: Acquiring new sqlite connection 'list_warehouse.db_main'
[0m23:31:01.953353 [debug] [ThreadPool]: Using sqlite connection "list_warehouse.db_main"
[0m23:31:01.953353 [debug] [ThreadPool]: On list_warehouse.db_main: BEGIN
[0m23:31:01.953353 [debug] [ThreadPool]: Opening a new connection, currently in state init
[0m23:31:01.953353 [debug] [ThreadPool]: SQL status: OK in 0.001 seconds
[0m23:31:01.953353 [debug] [ThreadPool]: Using sqlite connection "list_warehouse.db_main"
[0m23:31:01.953353 [debug] [ThreadPool]: On list_warehouse.db_main: /* {"app": "dbt", "dbt_version": "1.11.2", "profile_name": "credit_pipeline", "target_name": "dev", "connection_name": "list_warehouse.db_main"} */

        pragma database_list
    
[0m23:31:01.963612 [debug] [ThreadPool]: SQL status: OK in 0.000 seconds
[0m23:31:01.963612 [debug] [ThreadPool]: Using sqlite connection "list_warehouse.db_main"
[0m23:31:01.963612 [debug] [ThreadPool]: On list_warehouse.db_main: /* {"app": "dbt", "dbt_version": "1.11.2", "profile_name": "credit_pipeline", "target_name": "dev", "connection_name": "list_warehouse.db_main"} */

            SELECT
                'warehouse.db' as database
                ,name
                ,'main' AS schema
                ,type as data_type
            FROM
                main.sqlite_master
            WHERE
                name NOT LIKE 'sqlite_%'
        
[0m23:31:01.963612 [debug] [ThreadPool]: SQL status: OK in 0.000 seconds
[0m23:31:01.963612 [debug] [ThreadPool]: On list_warehouse.db_main: ROLLBACK
[0m23:31:01.963612 [debug] [ThreadPool]: On list_warehouse.db_main: Close
[0m23:31:01.963612 [debug] [MainThread]: Sending event: {'category': 'dbt', 'action': 'runnable_timing', 'label': '6ea393e0-7bfe-48f5-819b-91ace4cecec1', 'context': [<snowplow_tracker.self_describing_json.SelfDescribingJson object at 0x000002C9096C9490>]}
[0m23:31:01.963612 [debug] [MainThread]: Using sqlite connection "master"
[0m23:31:01.963612 [debug] [MainThread]: On master: BEGIN
[0m23:31:01.963612 [debug] [MainThread]: Opening a new connection, currently in state init
[0m23:31:01.968216 [debug] [MainThread]: SQL status: OK in 0.001 seconds
[0m23:31:01.968855 [debug] [MainThread]: On master: COMMIT
[0m23:31:01.968855 [debug] [MainThread]: Using sqlite connection "master"
[0m23:31:01.968855 [debug] [MainThread]: On master: COMMIT
[0m23:31:01.968855 [debug] [MainThread]: SQL status: OK in 0.000 seconds
[0m23:31:01.968855 [debug] [MainThread]: On master: Close
[0m23:31:01.972861 [debug] [Thread-1 (]: Began running node model.my_dbt_project.credit_risk
[0m23:31:01.972861 [info ] [Thread-1 (]: 1 of 2 START sql view model main.credit_risk ................................... [RUN]
[0m23:31:01.973964 [debug] [Thread-1 (]: Acquiring new sqlite connection 'model.my_dbt_project.credit_risk'
[0m23:31:01.973964 [debug] [Thread-1 (]: Began compiling node model.my_dbt_project.credit_risk
[0m23:31:01.980090 [debug] [Thread-1 (]: Writing injected SQL for node "model.my_dbt_project.credit_risk"
[0m23:31:01.981089 [debug] [Thread-1 (]: Began executing node model.my_dbt_project.credit_risk
[0m23:31:01.994692 [debug] [Thread-1 (]: Using sqlite connection "model.my_dbt_project.credit_risk"
[0m23:31:01.994692 [debug] [Thread-1 (]: On model.my_dbt_project.credit_risk: /* {"app": "dbt", "dbt_version": "1.11.2", "profile_name": "credit_pipeline", "target_name": "dev", "node_id": "model.my_dbt_project.credit_risk"} */
drop view if exists "main"."credit_risk"
[0m23:31:01.994692 [debug] [Thread-1 (]: Opening a new connection, currently in state init
[0m23:31:02.000398 [debug] [Thread-1 (]: SQL status: OK in 0.005 seconds
[0m23:31:02.003519 [debug] [Thread-1 (]: Writing runtime sql for node "model.my_dbt_project.credit_risk"
[0m23:31:02.005032 [debug] [Thread-1 (]: Using sqlite connection "model.my_dbt_project.credit_risk"
[0m23:31:02.005032 [debug] [Thread-1 (]: On model.my_dbt_project.credit_risk: BEGIN
[0m23:31:02.005032 [debug] [Thread-1 (]: SQL status: OK in 0.000 seconds
[0m23:31:02.005032 [debug] [Thread-1 (]: Using sqlite connection "model.my_dbt_project.credit_risk"
[0m23:31:02.005032 [debug] [Thread-1 (]: On model.my_dbt_project.credit_risk: /* {"app": "dbt", "dbt_version": "1.11.2", "profile_name": "credit_pipeline", "target_name": "dev", "node_id": "model.my_dbt_project.credit_risk"} */

    
    create view main."credit_risk" as
    -- income per child
-- annual income / # of children

WITH source AS (
    SELECT * FROM main."raw_credit_data"
)

SELECT Ind_ID as client_id, Annual_income, CHILDREN,
CASE 
    WHEN children > 0 THEN Annual_income / CHILDREN
    ELSE NULL
END AS income_per_child
FROM source;
[0m23:31:02.005032 [debug] [Thread-1 (]: SQL status: OK in 0.001 seconds
[0m23:31:02.005032 [debug] [Thread-1 (]: On model.my_dbt_project.credit_risk: COMMIT
[0m23:31:02.005032 [debug] [Thread-1 (]: Using sqlite connection "model.my_dbt_project.credit_risk"
[0m23:31:02.005032 [debug] [Thread-1 (]: On model.my_dbt_project.credit_risk: COMMIT
[0m23:31:02.005032 [debug] [Thread-1 (]: SQL status: OK in 0.002 seconds
[0m23:31:02.015257 [debug] [Thread-1 (]: On model.my_dbt_project.credit_risk: Close
[0m23:31:02.018759 [debug] [Thread-1 (]: Sending event: {'category': 'dbt', 'action': 'run_model', 'label': '6ea393e0-7bfe-48f5-819b-91ace4cecec1', 'context': [<snowplow_tracker.self_describing_json.SelfDescribingJson object at 0x000002C909BE3620>]}
[0m23:31:02.019312 [info ] [Thread-1 (]: 1 of 2 OK created sql view model main.credit_risk .............................. [[32mOK[0m in 0.04s]
[0m23:31:02.019312 [debug] [Thread-1 (]: Finished running node model.my_dbt_project.credit_risk
[0m23:31:02.019312 [debug] [Thread-1 (]: Began running node model.my_dbt_project.stg_applications
[0m23:31:02.019312 [info ] [Thread-1 (]: 2 of 2 START sql view model main.stg_applications .............................. [RUN]
[0m23:31:02.019312 [debug] [Thread-1 (]: Re-using an available connection from the pool (formerly model.my_dbt_project.credit_risk, now model.my_dbt_project.stg_applications)
[0m23:31:02.019312 [debug] [Thread-1 (]: Began compiling node model.my_dbt_project.stg_applications
[0m23:31:02.023254 [debug] [Thread-1 (]: Writing injected SQL for node "model.my_dbt_project.stg_applications"
[0m23:31:02.023254 [debug] [Thread-1 (]: Began executing node model.my_dbt_project.stg_applications
[0m23:31:02.027858 [debug] [Thread-1 (]: Using sqlite connection "model.my_dbt_project.stg_applications"
[0m23:31:02.027858 [debug] [Thread-1 (]: On model.my_dbt_project.stg_applications: /* {"app": "dbt", "dbt_version": "1.11.2", "profile_name": "credit_pipeline", "target_name": "dev", "node_id": "model.my_dbt_project.stg_applications"} */
drop view if exists "main"."stg_applications"
[0m23:31:02.029870 [debug] [Thread-1 (]: Opening a new connection, currently in state closed
[0m23:31:02.035966 [debug] [Thread-1 (]: SQL status: OK in 0.007 seconds
[0m23:31:02.038137 [debug] [Thread-1 (]: Writing runtime sql for node "model.my_dbt_project.stg_applications"
[0m23:31:02.039124 [debug] [Thread-1 (]: Using sqlite connection "model.my_dbt_project.stg_applications"
[0m23:31:02.040132 [debug] [Thread-1 (]: On model.my_dbt_project.stg_applications: BEGIN
[0m23:31:02.040132 [debug] [Thread-1 (]: SQL status: OK in 0.000 seconds
[0m23:31:02.040132 [debug] [Thread-1 (]: Using sqlite connection "model.my_dbt_project.stg_applications"
[0m23:31:02.041131 [debug] [Thread-1 (]: On model.my_dbt_project.stg_applications: /* {"app": "dbt", "dbt_version": "1.11.2", "profile_name": "credit_pipeline", "target_name": "dev", "node_id": "model.my_dbt_project.stg_applications"} */

    
    create view main."stg_applications" as
    WITH source AS (
    SELECT * FROM main."raw_credit_data"
)

SELECT
    Ind_ID
    annual_income,
    ABS(Employed_years) / 365.0 as years_employed,
    CASE 
        WHEN EDUCATION = 'Higher education' THEN 1 
        ELSE 0 
    END as is_higher_ed,
    label as rejected
FROM source;
[0m23:31:02.041131 [debug] [Thread-1 (]: SQL status: OK in 0.001 seconds
[0m23:31:02.043865 [debug] [Thread-1 (]: On model.my_dbt_project.stg_applications: COMMIT
[0m23:31:02.043865 [debug] [Thread-1 (]: Using sqlite connection "model.my_dbt_project.stg_applications"
[0m23:31:02.045750 [debug] [Thread-1 (]: On model.my_dbt_project.stg_applications: COMMIT
[0m23:31:02.046759 [debug] [Thread-1 (]: SQL status: OK in 0.004 seconds
[0m23:31:02.046759 [debug] [Thread-1 (]: On model.my_dbt_project.stg_applications: Close
[0m23:31:02.051428 [debug] [Thread-1 (]: Sending event: {'category': 'dbt', 'action': 'run_model', 'label': '6ea393e0-7bfe-48f5-819b-91ace4cecec1', 'context': [<snowplow_tracker.self_describing_json.SelfDescribingJson object at 0x000002C909B4C1D0>]}
[0m23:31:02.052941 [info ] [Thread-1 (]: 2 of 2 OK created sql view model main.stg_applications ......................... [[32mOK[0m in 0.03s]
[0m23:31:02.053803 [debug] [Thread-1 (]: Finished running node model.my_dbt_project.stg_applications
[0m23:31:02.055809 [debug] [MainThread]: Using sqlite connection "master"
[0m23:31:02.055809 [debug] [MainThread]: On master: BEGIN
[0m23:31:02.055809 [debug] [MainThread]: Opening a new connection, currently in state closed
[0m23:31:02.059383 [debug] [MainThread]: SQL status: OK in 0.004 seconds
[0m23:31:02.059383 [debug] [MainThread]: On master: COMMIT
[0m23:31:02.059383 [debug] [MainThread]: Using sqlite connection "master"
[0m23:31:02.059383 [debug] [MainThread]: On master: COMMIT
[0m23:31:02.061748 [debug] [MainThread]: SQL status: OK in 0.000 seconds
[0m23:31:02.061748 [debug] [MainThread]: On master: Close
[0m23:31:02.061748 [debug] [MainThread]: Connection 'master' was properly closed.
[0m23:31:02.061748 [debug] [MainThread]: Connection 'list_warehouse.db' was properly closed.
[0m23:31:02.061748 [debug] [MainThread]: Connection 'list_warehouse.db_main' was properly closed.
[0m23:31:02.061748 [debug] [MainThread]: Connection 'model.my_dbt_project.stg_applications' was properly closed.
[0m23:31:02.061748 [info ] [MainThread]: 
[0m23:31:02.061748 [info ] [MainThread]: Finished running 2 view models in 0 hours 0 minutes and 0.17 seconds (0.17s).
[0m23:31:02.064351 [debug] [MainThread]: Command end result
[0m23:31:02.080617 [debug] [MainThread]: Wrote artifact WritableManifest to C:\Users\bey77\OneDrive\Desktop\Projects\FinanceProj\Credit Card Approval Model\my_dbt_project\target\manifest.json
[0m23:31:02.085782 [debug] [MainThread]: Wrote artifact SemanticManifest to C:\Users\bey77\OneDrive\Desktop\Projects\FinanceProj\Credit Card Approval Model\my_dbt_project\target\semantic_manifest.json
[0m23:31:02.093427 [debug] [MainThread]: Wrote artifact RunExecutionResult to C:\Users\bey77\OneDrive\Desktop\Projects\FinanceProj\Credit Card Approval Model\my_dbt_project\target\run_results.json
[0m23:31:02.093427 [info ] [MainThread]: 
[0m23:31:02.093427 [info ] [MainThread]: [32mCompleted successfully[0m
[0m23:31:02.093427 [info ] [MainThread]: 
[0m23:31:02.093427 [info ] [MainThread]: Done. PASS=2 WARN=0 ERROR=0 SKIP=0 NO-OP=0 TOTAL=2
[0m23:31:02.099116 [warn ] [MainThread]: [[33mWARNING[0m][DeprecationsSummary]: Deprecated functionality
Summary of encountered deprecations:
- MissingArgumentsPropertyInGenericTestDeprecation: 1 occurrence
To see all deprecation instances instead of just the first occurrence of each,
run command again with the `--show-all-deprecations` flag. You may also need to
run with `--no-partial-parse` as some deprecations are only encountered during
parsing.
[0m23:31:02.101585 [debug] [MainThread]: Command `dbt run` succeeded at 23:31:02.101585 after 1.62 seconds
[0m23:31:02.102592 [debug] [MainThread]: Sending event: {'category': 'dbt', 'action': 'invocation', 'label': 'end', 'context': [<snowplow_tracker.self_describing_json.SelfDescribingJson object at 0x000002C906FFBEC0>, <snowplow_tracker.self_describing_json.SelfDescribingJson object at 0x000002C906FFA900>, <snowplow_tracker.self_describing_json.SelfDescribingJson object at 0x000002C90960BA10>]}
[0m23:31:02.102592 [debug] [MainThread]: Flushing usage events
[0m23:31:02.245592 [debug] [MainThread]: An error was encountered while trying to flush usage events
[0m23:31:08.571765 [debug] [MainThread]: Sending event: {'category': 'dbt', 'action': 'invocation', 'label': 'start', 'context': [<snowplow_tracker.self_describing_json.SelfDescribingJson object at 0x0000015AE7ADC860>, <snowplow_tracker.self_describing_json.SelfDescribingJson object at 0x0000015AEA789FD0>, <snowplow_tracker.self_describing_json.SelfDescribingJson object at 0x0000015AEA7891F0>]}


============================== 23:31:08.582112 | 539832b9-b034-49f8-9b3d-c6be7dc6e9e4 ==============================
[0m23:31:08.582112 [info ] [MainThread]: Running with dbt=1.11.2
[0m23:31:08.582112 [debug] [MainThread]: running dbt with arguments {'static_parser': 'True', 'no_print': 'None', 'version_check': 'True', 'target_path': 'None', 'warn_error_options': 'WarnErrorOptionsV2(error=[], warn=[], silence=[])', 'printer_width': '80', 'write_json': 'True', 'empty': 'None', 'log_cache_events': 'False', 'introspect': 'True', 'cache_selected_only': 'False', 'fail_fast': 'False', 'debug': 'False', 'log_format': 'default', 'profiles_dir': 'C:\\Users\\bey77\\OneDrive\\Desktop\\Projects\\FinanceProj\\Credit Card Approval Model\\my_dbt_project', 'send_anonymous_usage_stats': 'True', 'quiet': 'False', 'warn_error': 'None', 'partial_parse': 'True', 'indirect_selection': 'eager', 'invocation_command': 'dbt docs generate', 'use_colors': 'True', 'use_experimental_parser': 'False', 'log_path': 'C:\\Users\\bey77\\OneDrive\\Desktop\\Projects\\FinanceProj\\Credit Card Approval Model\\my_dbt_project\\logs'}
[0m23:31:08.702911 [debug] [MainThread]: Sending event: {'category': 'dbt', 'action': 'project_id', 'label': '539832b9-b034-49f8-9b3d-c6be7dc6e9e4', 'context': [<snowplow_tracker.self_describing_json.SelfDescribingJson object at 0x0000015AE79CD610>]}
[0m23:31:08.748340 [debug] [MainThread]: Sending event: {'category': 'dbt', 'action': 'adapter_info', 'label': '539832b9-b034-49f8-9b3d-c6be7dc6e9e4', 'context': [<snowplow_tracker.self_describing_json.SelfDescribingJson object at 0x0000015AEBDA1A00>]}
[0m23:31:08.749995 [info ] [MainThread]: Registered adapter: sqlite=1.10.0
[0m23:31:08.872901 [debug] [MainThread]: checksum: 3d40d8bbe1bef07db1c24822f2dbfff8bc07f2a48ed4fe2658a40653aec0b54b, vars: {}, profile: , target: , version: 1.11.2
[0m23:31:08.996984 [debug] [MainThread]: Partial parsing enabled: 0 files deleted, 0 files added, 0 files changed.
[0m23:31:08.996984 [debug] [MainThread]: Nothing changed, skipping partial parsing.
[0m23:31:08.996984 [debug] [MainThread]: Partial parsing enabled, no changes found, skipping parsing
[0m23:31:09.027800 [debug] [MainThread]: Sending event: {'category': 'dbt', 'action': 'load_project', 'label': '539832b9-b034-49f8-9b3d-c6be7dc6e9e4', 'context': [<snowplow_tracker.self_describing_json.SelfDescribingJson object at 0x0000015AEBD9DF70>]}
[0m23:31:09.048333 [debug] [MainThread]: Sending event: {'category': 'dbt', 'action': 'resource_counts', 'label': '539832b9-b034-49f8-9b3d-c6be7dc6e9e4', 'context': [<snowplow_tracker.self_describing_json.SelfDescribingJson object at 0x0000015AEC5E7B30>]}
[0m23:31:09.048333 [info ] [MainThread]: Found 2 models, 4 data tests, 1 source, 416 macros
[0m23:31:09.059101 [debug] [MainThread]: Sending event: {'category': 'dbt', 'action': 'runnable_timing', 'label': '539832b9-b034-49f8-9b3d-c6be7dc6e9e4', 'context': [<snowplow_tracker.self_describing_json.SelfDescribingJson object at 0x0000015AEC420980>]}
[0m23:31:09.059101 [info ] [MainThread]: 
[0m23:31:09.059101 [info ] [MainThread]: Concurrency: 1 threads (target='dev')
[0m23:31:09.062642 [info ] [MainThread]: 
[0m23:31:09.062642 [debug] [MainThread]: Acquiring new sqlite connection 'master'
[0m23:31:09.062642 [debug] [ThreadPool]: Acquiring new sqlite connection 'list_warehouse.db_main'
[0m23:31:09.121023 [debug] [ThreadPool]: Using sqlite connection "list_warehouse.db_main"
[0m23:31:09.121023 [debug] [ThreadPool]: On list_warehouse.db_main: BEGIN
[0m23:31:09.121023 [debug] [ThreadPool]: Opening a new connection, currently in state init
[0m23:31:09.121023 [debug] [ThreadPool]: SQL status: OK in 0.001 seconds
[0m23:31:09.121023 [debug] [ThreadPool]: Using sqlite connection "list_warehouse.db_main"
[0m23:31:09.121023 [debug] [ThreadPool]: On list_warehouse.db_main: /* {"app": "dbt", "dbt_version": "1.11.2", "profile_name": "credit_pipeline", "target_name": "dev", "connection_name": "list_warehouse.db_main"} */

        pragma database_list
    
[0m23:31:09.121023 [debug] [ThreadPool]: SQL status: OK in 0.000 seconds
[0m23:31:09.121023 [debug] [ThreadPool]: Using sqlite connection "list_warehouse.db_main"
[0m23:31:09.121023 [debug] [ThreadPool]: On list_warehouse.db_main: /* {"app": "dbt", "dbt_version": "1.11.2", "profile_name": "credit_pipeline", "target_name": "dev", "connection_name": "list_warehouse.db_main"} */

            SELECT
                'warehouse.db' as database
                ,name
                ,'main' AS schema
                ,type as data_type
            FROM
                main.sqlite_master
            WHERE
                name NOT LIKE 'sqlite_%'
        
[0m23:31:09.121023 [debug] [ThreadPool]: SQL status: OK in 0.000 seconds
[0m23:31:09.121023 [debug] [ThreadPool]: On list_warehouse.db_main: ROLLBACK
[0m23:31:09.121023 [debug] [ThreadPool]: On list_warehouse.db_main: Close
[0m23:31:09.121023 [debug] [MainThread]: Sending event: {'category': 'dbt', 'action': 'runnable_timing', 'label': '539832b9-b034-49f8-9b3d-c6be7dc6e9e4', 'context': [<snowplow_tracker.self_describing_json.SelfDescribingJson object at 0x0000015AEABC1070>]}
[0m23:31:09.131568 [debug] [Thread-1 (]: Began running node model.my_dbt_project.credit_risk
[0m23:31:09.131568 [debug] [Thread-1 (]: Acquiring new sqlite connection 'model.my_dbt_project.credit_risk'
[0m23:31:09.131568 [debug] [Thread-1 (]: Began compiling node model.my_dbt_project.credit_risk
[0m23:31:09.141126 [debug] [Thread-1 (]: Writing injected SQL for node "model.my_dbt_project.credit_risk"
[0m23:31:09.141126 [debug] [Thread-1 (]: Began executing node model.my_dbt_project.credit_risk
[0m23:31:09.142108 [debug] [Thread-1 (]: Finished running node model.my_dbt_project.credit_risk
[0m23:31:09.142654 [debug] [Thread-1 (]: Began running node model.my_dbt_project.stg_applications
[0m23:31:09.142654 [debug] [Thread-1 (]: Re-using an available connection from the pool (formerly model.my_dbt_project.credit_risk, now model.my_dbt_project.stg_applications)
[0m23:31:09.143652 [debug] [Thread-1 (]: Began compiling node model.my_dbt_project.stg_applications
[0m23:31:09.145652 [debug] [Thread-1 (]: Writing injected SQL for node "model.my_dbt_project.stg_applications"
[0m23:31:09.146655 [debug] [Thread-1 (]: Began executing node model.my_dbt_project.stg_applications
[0m23:31:09.147657 [debug] [Thread-1 (]: Finished running node model.my_dbt_project.stg_applications
[0m23:31:09.147657 [debug] [Thread-1 (]: Began running node test.my_dbt_project.not_null_credit_risk_risk_score.bf4f074c1b
[0m23:31:09.148655 [debug] [Thread-1 (]: Re-using an available connection from the pool (formerly model.my_dbt_project.stg_applications, now test.my_dbt_project.not_null_credit_risk_risk_score.bf4f074c1b)
[0m23:31:09.148655 [debug] [Thread-1 (]: Began compiling node test.my_dbt_project.not_null_credit_risk_risk_score.bf4f074c1b
[0m23:31:09.159518 [debug] [Thread-1 (]: Writing injected SQL for node "test.my_dbt_project.not_null_credit_risk_risk_score.bf4f074c1b"
[0m23:31:09.160522 [debug] [Thread-1 (]: Began executing node test.my_dbt_project.not_null_credit_risk_risk_score.bf4f074c1b
[0m23:31:09.160522 [debug] [Thread-1 (]: Finished running node test.my_dbt_project.not_null_credit_risk_risk_score.bf4f074c1b
[0m23:31:09.161522 [debug] [Thread-1 (]: Began running node test.my_dbt_project.not_null_stg_applications_Ind_id.cb1daf6586
[0m23:31:09.161522 [debug] [Thread-1 (]: Re-using an available connection from the pool (formerly test.my_dbt_project.not_null_credit_risk_risk_score.bf4f074c1b, now test.my_dbt_project.not_null_stg_applications_Ind_id.cb1daf6586)
[0m23:31:09.161522 [debug] [Thread-1 (]: Began compiling node test.my_dbt_project.not_null_stg_applications_Ind_id.cb1daf6586
[0m23:31:09.165053 [debug] [Thread-1 (]: Writing injected SQL for node "test.my_dbt_project.not_null_stg_applications_Ind_id.cb1daf6586"
[0m23:31:09.166763 [debug] [Thread-1 (]: Began executing node test.my_dbt_project.not_null_stg_applications_Ind_id.cb1daf6586
[0m23:31:09.168296 [debug] [Thread-1 (]: Finished running node test.my_dbt_project.not_null_stg_applications_Ind_id.cb1daf6586
[0m23:31:09.168296 [debug] [Thread-1 (]: Began running node test.my_dbt_project.relationships_credit_risk_client_id__Ind_id__ref_stg_applications_.3a0c92fd63
[0m23:31:09.168296 [debug] [Thread-1 (]: Re-using an available connection from the pool (formerly test.my_dbt_project.not_null_stg_applications_Ind_id.cb1daf6586, now test.my_dbt_project.relationships_credit_risk_client_id__Ind_id__ref_stg_applications_.3a0c92fd63)
[0m23:31:09.168296 [debug] [Thread-1 (]: Began compiling node test.my_dbt_project.relationships_credit_risk_client_id__Ind_id__ref_stg_applications_.3a0c92fd63
[0m23:31:09.173431 [debug] [Thread-1 (]: Writing injected SQL for node "test.my_dbt_project.relationships_credit_risk_client_id__Ind_id__ref_stg_applications_.3a0c92fd63"
[0m23:31:09.173431 [debug] [Thread-1 (]: Began executing node test.my_dbt_project.relationships_credit_risk_client_id__Ind_id__ref_stg_applications_.3a0c92fd63
[0m23:31:09.173431 [debug] [Thread-1 (]: Finished running node test.my_dbt_project.relationships_credit_risk_client_id__Ind_id__ref_stg_applications_.3a0c92fd63
[0m23:31:09.173431 [debug] [Thread-1 (]: Began running node test.my_dbt_project.unique_stg_applications_Ind_id.3f23aaa583
[0m23:31:09.173431 [debug] [Thread-1 (]: Re-using an available connection from the pool (formerly test.my_dbt_project.relationships_credit_risk_client_id__Ind_id__ref_stg_applications_.3a0c92fd63, now test.my_dbt_project.unique_stg_applications_Ind_id.3f23aaa583)
[0m23:31:09.173431 [debug] [Thread-1 (]: Began compiling node test.my_dbt_project.unique_stg_applications_Ind_id.3f23aaa583
[0m23:31:09.184087 [debug] [Thread-1 (]: Writing injected SQL for node "test.my_dbt_project.unique_stg_applications_Ind_id.3f23aaa583"
[0m23:31:09.184087 [debug] [Thread-1 (]: Began executing node test.my_dbt_project.unique_stg_applications_Ind_id.3f23aaa583
[0m23:31:09.184087 [debug] [Thread-1 (]: Finished running node test.my_dbt_project.unique_stg_applications_Ind_id.3f23aaa583
[0m23:31:09.184087 [debug] [MainThread]: Connection 'master' was properly closed.
[0m23:31:09.184087 [debug] [MainThread]: Connection 'list_warehouse.db_main' was properly closed.
[0m23:31:09.184087 [debug] [MainThread]: Connection 'test.my_dbt_project.unique_stg_applications_Ind_id.3f23aaa583' was properly closed.
[0m23:31:09.184087 [debug] [MainThread]: Command end result
[0m23:31:09.248261 [debug] [MainThread]: Wrote artifact WritableManifest to C:\Users\bey77\OneDrive\Desktop\Projects\FinanceProj\Credit Card Approval Model\my_dbt_project\target\manifest.json
[0m23:31:09.256793 [debug] [MainThread]: Wrote artifact SemanticManifest to C:\Users\bey77\OneDrive\Desktop\Projects\FinanceProj\Credit Card Approval Model\my_dbt_project\target\semantic_manifest.json
[0m23:31:09.263784 [debug] [MainThread]: Wrote artifact RunExecutionResult to C:\Users\bey77\OneDrive\Desktop\Projects\FinanceProj\Credit Card Approval Model\my_dbt_project\target\run_results.json
[0m23:31:09.263784 [debug] [MainThread]: Acquiring new sqlite connection 'generate_catalog'
[0m23:31:09.263784 [info ] [MainThread]: Building catalog
[0m23:31:09.270561 [debug] [ThreadPool]: Acquiring new sqlite connection 'warehouse.db.information_schema'
[0m23:31:09.270561 [debug] [ThreadPool]: Using sqlite connection "warehouse.db.information_schema"
[0m23:31:09.270561 [debug] [ThreadPool]: On warehouse.db.information_schema: BEGIN
[0m23:31:09.270561 [debug] [ThreadPool]: Opening a new connection, currently in state init
[0m23:31:09.279052 [debug] [ThreadPool]: SQL status: OK in 0.001 seconds
[0m23:31:09.280508 [debug] [ThreadPool]: Using sqlite connection "warehouse.db.information_schema"
[0m23:31:09.281430 [debug] [ThreadPool]: On warehouse.db.information_schema: /* {"app": "dbt", "dbt_version": "1.11.2", "profile_name": "credit_pipeline", "target_name": "dev", "connection_name": "warehouse.db.information_schema"} */

        pragma database_list
    
[0m23:31:09.282135 [debug] [ThreadPool]: SQL status: OK in 0.000 seconds
[0m23:31:09.284234 [debug] [ThreadPool]: Using sqlite connection "warehouse.db.information_schema"
[0m23:31:09.285114 [debug] [ThreadPool]: On warehouse.db.information_schema: /* {"app": "dbt", "dbt_version": "1.11.2", "profile_name": "credit_pipeline", "target_name": "dev", "connection_name": "warehouse.db.information_schema"} */

            SELECT
                'warehouse.db' as database
                ,name
                ,'main' AS schema
                ,type as data_type
            FROM
                main.sqlite_master
            WHERE
                name NOT LIKE 'sqlite_%'
        
[0m23:31:09.286140 [debug] [ThreadPool]: SQL status: OK in 0.000 seconds
[0m23:31:09.288974 [debug] [ThreadPool]: Using sqlite connection "warehouse.db.information_schema"
[0m23:31:09.288974 [debug] [ThreadPool]: On warehouse.db.information_schema: /* {"app": "dbt", "dbt_version": "1.11.2", "profile_name": "credit_pipeline", "target_name": "dev", "connection_name": "warehouse.db.information_schema"} */
pragma main.table_info(credit_risk)
[0m23:31:09.288974 [debug] [ThreadPool]: On warehouse.db.information_schema: ROLLBACK
[0m23:31:09.288974 [debug] [ThreadPool]: On warehouse.db.information_schema: Close
[0m23:31:09.288974 [debug] [ThreadPool]: SQLite adapter: sqlite3 error: no such table: main.raw_credit_data
[0m23:31:09.288974 [warn ] [MainThread]: Encountered an error while generating catalog: Database Error
  no such table: main.raw_credit_data
[0m23:31:09.288974 [debug] [MainThread]: Wrote artifact CatalogArtifact to C:\Users\bey77\OneDrive\Desktop\Projects\FinanceProj\Credit Card Approval Model\my_dbt_project\target\catalog.json
[0m23:31:09.309753 [debug] [MainThread]: Wrote artifact WritableManifest to C:\Users\bey77\OneDrive\Desktop\Projects\FinanceProj\Credit Card Approval Model\my_dbt_project\target\manifest.json
[0m23:31:09.309753 [debug] [MainThread]: Wrote artifact SemanticManifest to C:\Users\bey77\OneDrive\Desktop\Projects\FinanceProj\Credit Card Approval Model\my_dbt_project\target\semantic_manifest.json
[0m23:31:09.309753 [error] [MainThread]: dbt encountered 1 failure while writing the catalog
[0m23:31:09.309753 [info ] [MainThread]: Catalog written to C:\Users\bey77\OneDrive\Desktop\Projects\FinanceProj\Credit Card Approval Model\my_dbt_project\target\catalog.json
[0m23:31:09.309753 [debug] [MainThread]: Command `dbt docs generate` failed at 23:31:09.309753 after 0.86 seconds
[0m23:31:09.315707 [debug] [MainThread]: Connection 'generate_catalog' was properly closed.
[0m23:31:09.315707 [debug] [MainThread]: Connection 'warehouse.db.information_schema' was properly closed.
[0m23:31:09.315707 [debug] [MainThread]: Sending event: {'category': 'dbt', 'action': 'invocation', 'label': 'end', 'context': [<snowplow_tracker.self_describing_json.SelfDescribingJson object at 0x0000015AEAA7AB70>, <snowplow_tracker.self_describing_json.SelfDescribingJson object at 0x0000015AEA039220>, <snowplow_tracker.self_describing_json.SelfDescribingJson object at 0x0000015AEAAA9F10>]}
[0m23:31:09.315707 [debug] [MainThread]: Flushing usage events
[0m23:31:09.455508 [debug] [MainThread]: An error was encountered while trying to flush usage events
[0m23:33:41.104687 [debug] [MainThread]: Sending event: {'category': 'dbt', 'action': 'invocation', 'label': 'start', 'context': [<snowplow_tracker.self_describing_json.SelfDescribingJson object at 0x0000026C866921B0>, <snowplow_tracker.self_describing_json.SelfDescribingJson object at 0x0000026C86692180>, <snowplow_tracker.self_describing_json.SelfDescribingJson object at 0x0000026C86692BD0>]}


============================== 23:33:41.114803 | d35a0847-aba2-457b-a854-3900ec84cfce ==============================
[0m23:33:41.114803 [info ] [MainThread]: Running with dbt=1.11.2
[0m23:33:41.114803 [debug] [MainThread]: running dbt with arguments {'version_check': 'True', 'no_print': 'None', 'static_parser': 'True', 'warn_error_options': 'WarnErrorOptionsV2(error=[], warn=[], silence=[])', 'target_path': 'None', 'printer_width': '80', 'write_json': 'True', 'empty': 'False', 'log_cache_events': 'False', 'introspect': 'True', 'cache_selected_only': 'False', 'log_format': 'default', 'debug': 'False', 'fail_fast': 'False', 'partial_parse': 'True', 'send_anonymous_usage_stats': 'True', 'quiet': 'False', 'warn_error': 'None', 'profiles_dir': 'C:\\Users\\bey77\\OneDrive\\Desktop\\Projects\\FinanceProj\\Credit Card Approval Model\\my_dbt_project', 'indirect_selection': 'eager', 'invocation_command': 'dbt run', 'use_colors': 'True', 'use_experimental_parser': 'False', 'log_path': 'C:\\Users\\bey77\\OneDrive\\Desktop\\Projects\\FinanceProj\\Credit Card Approval Model\\my_dbt_project\\logs'}
[0m23:33:41.235871 [debug] [MainThread]: Sending event: {'category': 'dbt', 'action': 'project_id', 'label': 'd35a0847-aba2-457b-a854-3900ec84cfce', 'context': [<snowplow_tracker.self_describing_json.SelfDescribingJson object at 0x0000026C86739CD0>]}
[0m23:33:41.273877 [debug] [MainThread]: Sending event: {'category': 'dbt', 'action': 'adapter_info', 'label': 'd35a0847-aba2-457b-a854-3900ec84cfce', 'context': [<snowplow_tracker.self_describing_json.SelfDescribingJson object at 0x0000026C8841B440>]}
[0m23:33:41.282702 [info ] [MainThread]: Registered adapter: sqlite=1.10.0
[0m23:33:41.402814 [debug] [MainThread]: checksum: 3d40d8bbe1bef07db1c24822f2dbfff8bc07f2a48ed4fe2658a40653aec0b54b, vars: {}, profile: , target: , version: 1.11.2
[0m23:33:41.526204 [debug] [MainThread]: Partial parsing enabled: 0 files deleted, 0 files added, 1 files changed.
[0m23:33:41.526204 [debug] [MainThread]: Partial parsing: updated file: my_dbt_project://models\models.yml
[0m23:33:41.760402 [warn ] [MainThread]: [[33mWARNING[0m][MissingArgumentsPropertyInGenericTestDeprecation]: Deprecated
functionality
Found top-level arguments to test `relationships` defined on 'credit_risk' in
package 'my_dbt_project' (models\models.yml). Arguments to generic tests should
be nested under the `arguments` property.
[0m23:33:41.760402 [debug] [MainThread]: Sending event: {'category': 'dbt', 'action': 'deprecation', 'label': 'd35a0847-aba2-457b-a854-3900ec84cfce', 'property_': 'warn', 'context': [<snowplow_tracker.self_describing_json.SelfDescribingJson object at 0x0000026C88D87F80>]}
[0m23:33:41.844010 [error] [MainThread]: Encountered an error:
Compilation Error
  Model 'model.my_dbt_project.credit_risk' (models\credit_risk.sql) depends on a source named 'main.raw_credit_data' which was not found
[0m23:33:41.844010 [warn ] [MainThread]: [[33mWARNING[0m][DeprecationsSummary]: Deprecated functionality
Summary of encountered deprecations:
- MissingArgumentsPropertyInGenericTestDeprecation: 1 occurrence
To see all deprecation instances instead of just the first occurrence of each,
run command again with the `--show-all-deprecations` flag. You may also need to
run with `--no-partial-parse` as some deprecations are only encountered during
parsing.
[0m23:33:41.844010 [debug] [MainThread]: Command `dbt run` failed at 23:33:41.844010 after 0.91 seconds
[0m23:33:41.844010 [debug] [MainThread]: Sending event: {'category': 'dbt', 'action': 'invocation', 'label': 'end', 'context': [<snowplow_tracker.self_describing_json.SelfDescribingJson object at 0x0000026C870397C0>, <snowplow_tracker.self_describing_json.SelfDescribingJson object at 0x0000026C88E90F20>, <snowplow_tracker.self_describing_json.SelfDescribingJson object at 0x0000026C88D70500>]}
[0m23:33:41.844010 [debug] [MainThread]: Flushing usage events
[0m23:33:42.004573 [debug] [MainThread]: An error was encountered while trying to flush usage events
[0m23:33:53.010529 [debug] [MainThread]: Sending event: {'category': 'dbt', 'action': 'invocation', 'label': 'start', 'context': [<snowplow_tracker.self_describing_json.SelfDescribingJson object at 0x0000029DC04E2B10>, <snowplow_tracker.self_describing_json.SelfDescribingJson object at 0x0000029DC085F890>, <snowplow_tracker.self_describing_json.SelfDescribingJson object at 0x0000029DC04E2BD0>]}


============================== 23:33:53.020929 | f88893eb-1da7-4ffa-b30b-807f42314ea3 ==============================
[0m23:33:53.020929 [info ] [MainThread]: Running with dbt=1.11.2
[0m23:33:53.020929 [debug] [MainThread]: running dbt with arguments {'version_check': 'True', 'no_print': 'None', 'static_parser': 'True', 'target_path': 'None', 'warn_error_options': 'WarnErrorOptionsV2(error=[], warn=[], silence=[])', 'printer_width': '80', 'write_json': 'True', 'introspect': 'True', 'log_cache_events': 'False', 'empty': 'None', 'cache_selected_only': 'False', 'fail_fast': 'False', 'debug': 'False', 'log_format': 'default', 'profiles_dir': 'C:\\Users\\bey77\\OneDrive\\Desktop\\Projects\\FinanceProj\\Credit Card Approval Model\\my_dbt_project', 'send_anonymous_usage_stats': 'True', 'quiet': 'False', 'warn_error': 'None', 'partial_parse': 'True', 'indirect_selection': 'eager', 'invocation_command': 'dbt clean', 'use_colors': 'True', 'use_experimental_parser': 'False', 'log_path': 'C:\\Users\\bey77\\OneDrive\\Desktop\\Projects\\FinanceProj\\Credit Card Approval Model\\my_dbt_project\\logs'}
[0m23:33:53.127025 [debug] [MainThread]: Sending event: {'category': 'dbt', 'action': 'project_id', 'label': 'f88893eb-1da7-4ffa-b30b-807f42314ea3', 'context': [<snowplow_tracker.self_describing_json.SelfDescribingJson object at 0x0000029DC083B590>]}
[0m23:33:53.161868 [debug] [MainThread]: Command `dbt clean` succeeded at 23:33:53.161868 after 0.28 seconds
[0m23:33:53.161868 [debug] [MainThread]: Sending event: {'category': 'dbt', 'action': 'invocation', 'label': 'end', 'context': [<snowplow_tracker.self_describing_json.SelfDescribingJson object at 0x0000029DC094FF50>, <snowplow_tracker.self_describing_json.SelfDescribingJson object at 0x0000029DC09075F0>, <snowplow_tracker.self_describing_json.SelfDescribingJson object at 0x0000029DC0124B30>]}
[0m23:33:53.166558 [debug] [MainThread]: Flushing usage events
[0m23:33:53.292266 [debug] [MainThread]: An error was encountered while trying to flush usage events
[0m23:34:01.869522 [debug] [MainThread]: Sending event: {'category': 'dbt', 'action': 'invocation', 'label': 'start', 'context': [<snowplow_tracker.self_describing_json.SelfDescribingJson object at 0x000002495703D7C0>, <snowplow_tracker.self_describing_json.SelfDescribingJson object at 0x000002495685B920>, <snowplow_tracker.self_describing_json.SelfDescribingJson object at 0x0000024956858440>]}


============================== 23:34:01.885320 | d658d6e2-7cdb-4c74-8460-4e528c5a399f ==============================
[0m23:34:01.885320 [info ] [MainThread]: Running with dbt=1.11.2
[0m23:34:01.887827 [debug] [MainThread]: running dbt with arguments {'static_parser': 'True', 'no_print': 'None', 'version_check': 'True', 'target_path': 'None', 'warn_error_options': 'WarnErrorOptionsV2(error=[], warn=[], silence=[])', 'printer_width': '80', 'write_json': 'True', 'empty': 'None', 'log_cache_events': 'False', 'introspect': 'True', 'cache_selected_only': 'False', 'fail_fast': 'False', 'debug': 'False', 'log_format': 'default', 'profiles_dir': 'C:\\Users\\bey77\\OneDrive\\Desktop\\Projects\\FinanceProj\\Credit Card Approval Model\\my_dbt_project', 'send_anonymous_usage_stats': 'True', 'quiet': 'False', 'warn_error': 'None', 'partial_parse': 'True', 'use_colors': 'True', 'indirect_selection': 'eager', 'invocation_command': 'dbt debug', 'use_experimental_parser': 'False', 'log_path': 'C:\\Users\\bey77\\OneDrive\\Desktop\\Projects\\FinanceProj\\Credit Card Approval Model\\my_dbt_project\\logs'}
[0m23:34:01.919528 [info ] [MainThread]: dbt version: 1.11.2
[0m23:34:01.919528 [info ] [MainThread]: python version: 3.12.6
[0m23:34:01.919528 [info ] [MainThread]: python path: C:\Python312\python.exe
[0m23:34:01.921187 [info ] [MainThread]: os info: Windows-11-10.0.26100-SP0
[0m23:34:01.943246 [info ] [MainThread]: Using profiles dir at C:\Users\bey77\OneDrive\Desktop\Projects\FinanceProj\Credit Card Approval Model\my_dbt_project
[0m23:34:01.944312 [info ] [MainThread]: Using profiles.yml file at C:\Users\bey77\OneDrive\Desktop\Projects\FinanceProj\Credit Card Approval Model\my_dbt_project\profiles.yml
[0m23:34:01.945142 [info ] [MainThread]: Using dbt_project.yml file at C:\Users\bey77\OneDrive\Desktop\Projects\FinanceProj\Credit Card Approval Model\my_dbt_project\dbt_project.yml
[0m23:34:01.947541 [info ] [MainThread]: adapter type: sqlite
[0m23:34:01.948535 [info ] [MainThread]: adapter version: 1.10.0
[0m23:34:02.024956 [info ] [MainThread]: Configuration:
[0m23:34:02.025955 [info ] [MainThread]:   profiles.yml file [[32mOK found and valid[0m]
[0m23:34:02.025955 [info ] [MainThread]:   dbt_project.yml file [[32mOK found and valid[0m]
[0m23:34:02.026945 [info ] [MainThread]: Required dependencies:
[0m23:34:02.026945 [debug] [MainThread]: Executing "git --help"
[0m23:34:02.055171 [debug] [MainThread]: STDOUT: "b"usage: git [-v | --version] [-h | --help] [-C <path>] [-c <name>=<value>]\n           [--exec-path[=<path>]] [--html-path] [--man-path] [--info-path]\n           [-p | --paginate | -P | --no-pager] [--no-replace-objects] [--no-lazy-fetch]\n           [--no-optional-locks] [--no-advice] [--bare] [--git-dir=<path>]\n           [--work-tree=<path>] [--namespace=<name>] [--config-env=<name>=<envvar>]\n           <command> [<args>]\n\nThese are common Git commands used in various situations:\n\nstart a working area (see also: git help tutorial)\n   clone     Clone a repository into a new directory\n   init      Create an empty Git repository or reinitialize an existing one\n\nwork on the current change (see also: git help everyday)\n   add       Add file contents to the index\n   mv        Move or rename a file, a directory, or a symlink\n   restore   Restore working tree files\n   rm        Remove files from the working tree and from the index\n\nexamine the history and state (see also: git help revisions)\n   bisect    Use binary search to find the commit that introduced a bug\n   diff      Show changes between commits, commit and working tree, etc\n   grep      Print lines matching a pattern\n   log       Show commit logs\n   show      Show various types of objects\n   status    Show the working tree status\n\ngrow, mark and tweak your common history\n   branch    List, create, or delete branches\n   commit    Record changes to the repository\n   merge     Join two or more development histories together\n   rebase    Reapply commits on top of another base tip\n   reset     Reset current HEAD to the specified state\n   switch    Switch branches\n   tag       Create, list, delete or verify a tag object signed with GPG\n\ncollaborate (see also: git help workflows)\n   fetch     Download objects and refs from another repository\n   pull      Fetch from and integrate with another repository or a local branch\n   push      Update remote refs along with associated objects\n\n'git help -a' and 'git help -g' list available subcommands and some\nconcept guides. See 'git help <command>' or 'git help <concept>'\nto read about a specific subcommand or concept.\nSee 'git help git' for an overview of the system.\n""
[0m23:34:02.055171 [debug] [MainThread]: STDERR: "b''"
[0m23:34:02.055171 [info ] [MainThread]:  - git [[32mOK found[0m]

[0m23:34:02.055171 [info ] [MainThread]: Connection:
[0m23:34:02.065491 [info ] [MainThread]:   database: warehouse.db
[0m23:34:02.065491 [info ] [MainThread]:   schema: main
[0m23:34:02.065491 [info ] [MainThread]:   schemas_and_paths: {'main': 'warehouse.db'}
[0m23:34:02.065491 [info ] [MainThread]:   schema_directory: .
[0m23:34:02.065491 [info ] [MainThread]: Registered adapter: sqlite=1.10.0
[0m23:34:02.237745 [debug] [MainThread]: Acquiring new sqlite connection 'debug'
[0m23:34:02.274329 [debug] [MainThread]: Using sqlite connection "debug"
[0m23:34:02.274329 [debug] [MainThread]: On debug: select 1 as id
[0m23:34:02.274329 [debug] [MainThread]: Opening a new connection, currently in state init
[0m23:34:02.274329 [debug] [MainThread]: SQL status: OK in 0.001 seconds
[0m23:34:02.274329 [debug] [MainThread]: On debug: Close
[0m23:34:02.274329 [info ] [MainThread]:   Connection test: [[32mOK connection ok[0m]

[0m23:34:02.274329 [info ] [MainThread]: [32mAll checks passed![0m
[0m23:34:02.274329 [debug] [MainThread]: Command `dbt debug` succeeded at 23:34:02.274329 after 0.54 seconds
[0m23:34:02.274329 [debug] [MainThread]: Connection 'debug' was properly closed.
[0m23:34:02.281396 [debug] [MainThread]: Sending event: {'category': 'dbt', 'action': 'invocation', 'label': 'end', 'context': [<snowplow_tracker.self_describing_json.SelfDescribingJson object at 0x0000024953EE64E0>, <snowplow_tracker.self_describing_json.SelfDescribingJson object at 0x0000024956E3E0C0>, <snowplow_tracker.self_describing_json.SelfDescribingJson object at 0x0000024956549490>]}
[0m23:34:02.281396 [debug] [MainThread]: Flushing usage events
[0m23:34:02.438940 [debug] [MainThread]: An error was encountered while trying to flush usage events
[0m23:34:22.421203 [debug] [MainThread]: Sending event: {'category': 'dbt', 'action': 'invocation', 'label': 'start', 'context': [<snowplow_tracker.self_describing_json.SelfDescribingJson object at 0x0000021D53BE87A0>, <snowplow_tracker.self_describing_json.SelfDescribingJson object at 0x0000021D55B09FA0>, <snowplow_tracker.self_describing_json.SelfDescribingJson object at 0x0000021D557B7380>]}


============================== 23:34:22.429984 | 3d1a1e23-9bd0-4182-92a7-04e44064efe6 ==============================
[0m23:34:22.429984 [info ] [MainThread]: Running with dbt=1.11.2
[0m23:34:22.433149 [debug] [MainThread]: running dbt with arguments {'static_parser': 'True', 'no_print': 'None', 'version_check': 'True', 'target_path': 'None', 'warn_error_options': 'WarnErrorOptionsV2(error=[], warn=[], silence=[])', 'printer_width': '80', 'write_json': 'True', 'introspect': 'True', 'log_cache_events': 'False', 'empty': 'None', 'cache_selected_only': 'False', 'fail_fast': 'False', 'debug': 'False', 'log_format': 'default', 'partial_parse': 'True', 'send_anonymous_usage_stats': 'True', 'quiet': 'False', 'warn_error': 'None', 'profiles_dir': 'C:\\Users\\bey77\\OneDrive\\Desktop\\Projects\\FinanceProj\\Credit Card Approval Model\\my_dbt_project', 'indirect_selection': 'eager', 'invocation_command': 'dbt ls --resource-type source', 'use_colors': 'True', 'use_experimental_parser': 'False', 'log_path': 'C:\\Users\\bey77\\OneDrive\\Desktop\\Projects\\FinanceProj\\Credit Card Approval Model\\my_dbt_project\\logs'}
[0m23:34:22.559171 [debug] [MainThread]: Sending event: {'category': 'dbt', 'action': 'project_id', 'label': '3d1a1e23-9bd0-4182-92a7-04e44064efe6', 'context': [<snowplow_tracker.self_describing_json.SelfDescribingJson object at 0x0000021D557E5A00>]}
[0m23:34:22.604417 [debug] [MainThread]: Sending event: {'category': 'dbt', 'action': 'adapter_info', 'label': '3d1a1e23-9bd0-4182-92a7-04e44064efe6', 'context': [<snowplow_tracker.self_describing_json.SelfDescribingJson object at 0x0000021D55B7DE20>]}
[0m23:34:22.606429 [info ] [MainThread]: Registered adapter: sqlite=1.10.0
[0m23:34:22.745554 [debug] [MainThread]: checksum: 3d40d8bbe1bef07db1c24822f2dbfff8bc07f2a48ed4fe2658a40653aec0b54b, vars: {}, profile: , target: , version: 1.11.2
[0m23:34:22.746564 [info ] [MainThread]: Unable to do partial parsing because saved manifest not found. Starting full parse.
[0m23:34:22.746564 [debug] [MainThread]: Sending event: {'category': 'dbt', 'action': 'partial_parser', 'label': '3d1a1e23-9bd0-4182-92a7-04e44064efe6', 'context': [<snowplow_tracker.self_describing_json.SelfDescribingJson object at 0x0000021D5743A7E0>]}
[0m23:34:23.481839 [warn ] [MainThread]: [[33mWARNING[0m][MissingArgumentsPropertyInGenericTestDeprecation]: Deprecated
functionality
Found top-level arguments to test `relationships` defined on 'credit_risk' in
package 'my_dbt_project' (models\models.yml). Arguments to generic tests should
be nested under the `arguments` property.
[0m23:34:23.482835 [debug] [MainThread]: Sending event: {'category': 'dbt', 'action': 'deprecation', 'label': '3d1a1e23-9bd0-4182-92a7-04e44064efe6', 'property_': 'warn', 'context': [<snowplow_tracker.self_describing_json.SelfDescribingJson object at 0x0000021D57E00C80>]}
[0m23:34:23.634804 [debug] [MainThread]: Sending event: {'category': 'dbt', 'action': 'load_project', 'label': '3d1a1e23-9bd0-4182-92a7-04e44064efe6', 'context': [<snowplow_tracker.self_describing_json.SelfDescribingJson object at 0x0000021D532BEC90>]}
[0m23:34:23.686864 [debug] [MainThread]: Wrote artifact WritableManifest to C:\Users\bey77\OneDrive\Desktop\Projects\FinanceProj\Credit Card Approval Model\my_dbt_project\target\manifest.json
[0m23:34:23.689864 [debug] [MainThread]: Wrote artifact SemanticManifest to C:\Users\bey77\OneDrive\Desktop\Projects\FinanceProj\Credit Card Approval Model\my_dbt_project\target\semantic_manifest.json
[0m23:34:23.711650 [debug] [MainThread]: Sending event: {'category': 'dbt', 'action': 'resource_counts', 'label': '3d1a1e23-9bd0-4182-92a7-04e44064efe6', 'context': [<snowplow_tracker.self_describing_json.SelfDescribingJson object at 0x0000021D5772AAE0>]}
[0m23:34:23.711650 [info ] [MainThread]: Found 2 models, 4 data tests, 1 source, 416 macros
[0m23:34:23.711650 [debug] [MainThread]: Sending event: {'category': 'dbt', 'action': 'runnable_timing', 'label': '3d1a1e23-9bd0-4182-92a7-04e44064efe6', 'context': [<snowplow_tracker.self_describing_json.SelfDescribingJson object at 0x0000021D57B102C0>]}
[0m23:34:23.711650 [info ] [MainThread]: source:my_dbt_project.main.raw_credit_data
[0m23:34:23.711650 [warn ] [MainThread]: [[33mWARNING[0m][DeprecationsSummary]: Deprecated functionality
Summary of encountered deprecations:
- MissingArgumentsPropertyInGenericTestDeprecation: 1 occurrence
To see all deprecation instances instead of just the first occurrence of each,
run command again with the `--show-all-deprecations` flag. You may also need to
run with `--no-partial-parse` as some deprecations are only encountered during
parsing.
[0m23:34:23.711650 [debug] [MainThread]: Command `dbt ls` succeeded at 23:34:23.711650 after 1.45 seconds
[0m23:34:23.711650 [debug] [MainThread]: Sending event: {'category': 'dbt', 'action': 'invocation', 'label': 'end', 'context': [<snowplow_tracker.self_describing_json.SelfDescribingJson object at 0x0000021D53BE87A0>, <snowplow_tracker.self_describing_json.SelfDescribingJson object at 0x0000021D55CBC3E0>, <snowplow_tracker.self_describing_json.SelfDescribingJson object at 0x0000021D576BFD40>]}
[0m23:34:23.711650 [debug] [MainThread]: Flushing usage events
[0m23:34:23.944368 [debug] [MainThread]: An error was encountered while trying to flush usage events
[0m23:40:35.081354 [debug] [MainThread]: Sending event: {'category': 'dbt', 'action': 'invocation', 'label': 'start', 'context': [<snowplow_tracker.self_describing_json.SelfDescribingJson object at 0x000002701CB1C290>, <snowplow_tracker.self_describing_json.SelfDescribingJson object at 0x000002701F0F2630>, <snowplow_tracker.self_describing_json.SelfDescribingJson object at 0x000002701F116AB0>]}


============================== 23:40:35.095647 | 48dd0af9-7719-4425-a18a-fbd1713c2cb0 ==============================
[0m23:40:35.095647 [info ] [MainThread]: Running with dbt=1.11.2
[0m23:40:35.096639 [debug] [MainThread]: running dbt with arguments {'version_check': 'True', 'no_print': 'None', 'static_parser': 'True', 'warn_error_options': 'WarnErrorOptionsV2(error=[], warn=[], silence=[])', 'target_path': 'None', 'printer_width': '80', 'write_json': 'True', 'introspect': 'True', 'log_cache_events': 'False', 'empty': 'None', 'cache_selected_only': 'False', 'fail_fast': 'False', 'debug': 'False', 'log_format': 'default', 'partial_parse': 'True', 'send_anonymous_usage_stats': 'True', 'quiet': 'False', 'warn_error': 'None', 'profiles_dir': 'C:\\Users\\bey77\\OneDrive\\Desktop\\Projects\\FinanceProj\\Credit Card Approval Model\\my_dbt_project', 'use_colors': 'True', 'indirect_selection': 'eager', 'invocation_command': 'dbt clean', 'use_experimental_parser': 'False', 'log_path': 'C:\\Users\\bey77\\OneDrive\\Desktop\\Projects\\FinanceProj\\Credit Card Approval Model\\my_dbt_project\\logs'}
[0m23:40:35.210885 [debug] [MainThread]: Sending event: {'category': 'dbt', 'action': 'project_id', 'label': '48dd0af9-7719-4425-a18a-fbd1713c2cb0', 'context': [<snowplow_tracker.self_describing_json.SelfDescribingJson object at 0x000002701F94D730>]}
[0m23:40:35.244577 [debug] [MainThread]: Command `dbt clean` succeeded at 23:40:35.244577 after 0.30 seconds
[0m23:40:35.244577 [debug] [MainThread]: Sending event: {'category': 'dbt', 'action': 'invocation', 'label': 'end', 'context': [<snowplow_tracker.self_describing_json.SelfDescribingJson object at 0x0000027020D0A840>, <snowplow_tracker.self_describing_json.SelfDescribingJson object at 0x000002701FBC53D0>, <snowplow_tracker.self_describing_json.SelfDescribingJson object at 0x000002701FBC4DA0>]}
[0m23:40:35.244577 [debug] [MainThread]: Flushing usage events
[0m23:40:35.516308 [debug] [MainThread]: An error was encountered while trying to flush usage events
[0m23:40:41.898348 [debug] [MainThread]: Sending event: {'category': 'dbt', 'action': 'invocation', 'label': 'start', 'context': [<snowplow_tracker.self_describing_json.SelfDescribingJson object at 0x0000028741DA79E0>, <snowplow_tracker.self_describing_json.SelfDescribingJson object at 0x00000287445EEC00>, <snowplow_tracker.self_describing_json.SelfDescribingJson object at 0x00000287445EEC60>]}


============================== 23:40:41.906519 | 8f8a2eb5-45f8-4d0a-99b1-dfa0dfb5bc5d ==============================
[0m23:40:41.906519 [info ] [MainThread]: Running with dbt=1.11.2
[0m23:40:41.906519 [debug] [MainThread]: running dbt with arguments {'static_parser': 'True', 'no_print': 'None', 'version_check': 'True', 'warn_error_options': 'WarnErrorOptionsV2(error=[], warn=[], silence=[])', 'target_path': 'None', 'printer_width': '80', 'write_json': 'True', 'introspect': 'True', 'log_cache_events': 'False', 'empty': 'False', 'cache_selected_only': 'False', 'log_format': 'default', 'debug': 'False', 'fail_fast': 'False', 'partial_parse': 'True', 'send_anonymous_usage_stats': 'True', 'quiet': 'False', 'warn_error': 'None', 'profiles_dir': 'C:\\Users\\bey77\\OneDrive\\Desktop\\Projects\\FinanceProj\\Credit Card Approval Model\\my_dbt_project', 'indirect_selection': 'eager', 'use_colors': 'True', 'invocation_command': 'dbt run', 'use_experimental_parser': 'False', 'log_path': 'C:\\Users\\bey77\\OneDrive\\Desktop\\Projects\\FinanceProj\\Credit Card Approval Model\\my_dbt_project\\logs'}
[0m23:40:42.026496 [debug] [MainThread]: Sending event: {'category': 'dbt', 'action': 'project_id', 'label': '8f8a2eb5-45f8-4d0a-99b1-dfa0dfb5bc5d', 'context': [<snowplow_tracker.self_describing_json.SelfDescribingJson object at 0x0000028744599C10>]}
[0m23:40:42.074814 [debug] [MainThread]: Sending event: {'category': 'dbt', 'action': 'adapter_info', 'label': '8f8a2eb5-45f8-4d0a-99b1-dfa0dfb5bc5d', 'context': [<snowplow_tracker.self_describing_json.SelfDescribingJson object at 0x0000028743C14EF0>]}
[0m23:40:42.074814 [info ] [MainThread]: Registered adapter: sqlite=1.10.0
[0m23:40:42.212525 [debug] [MainThread]: checksum: 3d40d8bbe1bef07db1c24822f2dbfff8bc07f2a48ed4fe2658a40653aec0b54b, vars: {}, profile: , target: , version: 1.11.2
[0m23:40:42.212525 [info ] [MainThread]: Unable to do partial parsing because saved manifest not found. Starting full parse.
[0m23:40:42.212525 [debug] [MainThread]: Sending event: {'category': 'dbt', 'action': 'partial_parser', 'label': '8f8a2eb5-45f8-4d0a-99b1-dfa0dfb5bc5d', 'context': [<snowplow_tracker.self_describing_json.SelfDescribingJson object at 0x000002874666EA50>]}
[0m23:40:42.913094 [warn ] [MainThread]: [[33mWARNING[0m][MissingArgumentsPropertyInGenericTestDeprecation]: Deprecated
functionality
Found top-level arguments to test `relationships` defined on 'credit_risk' in
package 'my_dbt_project' (models\models.yml). Arguments to generic tests should
be nested under the `arguments` property.
[0m23:40:42.913094 [debug] [MainThread]: Sending event: {'category': 'dbt', 'action': 'deprecation', 'label': '8f8a2eb5-45f8-4d0a-99b1-dfa0dfb5bc5d', 'property_': 'warn', 'context': [<snowplow_tracker.self_describing_json.SelfDescribingJson object at 0x000002874459B5F0>]}
[0m23:40:43.051932 [debug] [MainThread]: Sending event: {'category': 'dbt', 'action': 'load_project', 'label': '8f8a2eb5-45f8-4d0a-99b1-dfa0dfb5bc5d', 'context': [<snowplow_tracker.self_describing_json.SelfDescribingJson object at 0x0000028746A158B0>]}
[0m23:40:43.109895 [debug] [MainThread]: Wrote artifact WritableManifest to C:\Users\bey77\OneDrive\Desktop\Projects\FinanceProj\Credit Card Approval Model\my_dbt_project\target\manifest.json
[0m23:40:43.115431 [debug] [MainThread]: Wrote artifact SemanticManifest to C:\Users\bey77\OneDrive\Desktop\Projects\FinanceProj\Credit Card Approval Model\my_dbt_project\target\semantic_manifest.json
[0m23:40:43.155653 [debug] [MainThread]: Sending event: {'category': 'dbt', 'action': 'resource_counts', 'label': '8f8a2eb5-45f8-4d0a-99b1-dfa0dfb5bc5d', 'context': [<snowplow_tracker.self_describing_json.SelfDescribingJson object at 0x00000287466D4C80>]}
[0m23:40:43.155653 [info ] [MainThread]: Found 2 models, 4 data tests, 1 source, 416 macros
[0m23:40:43.157181 [debug] [MainThread]: Sending event: {'category': 'dbt', 'action': 'runnable_timing', 'label': '8f8a2eb5-45f8-4d0a-99b1-dfa0dfb5bc5d', 'context': [<snowplow_tracker.self_describing_json.SelfDescribingJson object at 0x00000287462823C0>]}
[0m23:40:43.157181 [info ] [MainThread]: 
[0m23:40:43.159312 [info ] [MainThread]: Concurrency: 1 threads (target='dev')
[0m23:40:43.159312 [info ] [MainThread]: 
[0m23:40:43.159312 [debug] [MainThread]: Acquiring new sqlite connection 'master'
[0m23:40:43.163329 [debug] [ThreadPool]: Acquiring new sqlite connection 'list_warehouse.db'
[0m23:40:43.213931 [debug] [ThreadPool]: Using sqlite connection "list_warehouse.db"
[0m23:40:43.213931 [debug] [ThreadPool]: On list_warehouse.db: BEGIN
[0m23:40:43.213931 [debug] [ThreadPool]: Opening a new connection, currently in state init
[0m23:40:43.214927 [debug] [ThreadPool]: SQL status: OK in 0.001 seconds
[0m23:40:43.214927 [debug] [ThreadPool]: Using sqlite connection "list_warehouse.db"
[0m23:40:43.215926 [debug] [ThreadPool]: On list_warehouse.db: /* {"app": "dbt", "dbt_version": "1.11.2", "profile_name": "credit_pipeline", "target_name": "dev", "connection_name": "list_warehouse.db"} */

        pragma database_list
    
[0m23:40:43.215926 [debug] [ThreadPool]: SQL status: OK in 0.000 seconds
[0m23:40:43.216926 [debug] [ThreadPool]: On list_warehouse.db: ROLLBACK
[0m23:40:43.216926 [debug] [ThreadPool]: On list_warehouse.db: Close
[0m23:40:43.217928 [debug] [ThreadPool]: Acquiring new sqlite connection 'list_warehouse.db_main'
[0m23:40:43.222458 [debug] [ThreadPool]: Using sqlite connection "list_warehouse.db_main"
[0m23:40:43.223452 [debug] [ThreadPool]: On list_warehouse.db_main: BEGIN
[0m23:40:43.223452 [debug] [ThreadPool]: Opening a new connection, currently in state init
[0m23:40:43.223452 [debug] [ThreadPool]: SQL status: OK in 0.001 seconds
[0m23:40:43.224451 [debug] [ThreadPool]: Using sqlite connection "list_warehouse.db_main"
[0m23:40:43.224451 [debug] [ThreadPool]: On list_warehouse.db_main: /* {"app": "dbt", "dbt_version": "1.11.2", "profile_name": "credit_pipeline", "target_name": "dev", "connection_name": "list_warehouse.db_main"} */

        pragma database_list
    
[0m23:40:43.224451 [debug] [ThreadPool]: SQL status: OK in 0.000 seconds
[0m23:40:43.225452 [debug] [ThreadPool]: Using sqlite connection "list_warehouse.db_main"
[0m23:40:43.225452 [debug] [ThreadPool]: On list_warehouse.db_main: /* {"app": "dbt", "dbt_version": "1.11.2", "profile_name": "credit_pipeline", "target_name": "dev", "connection_name": "list_warehouse.db_main"} */

            SELECT
                'warehouse.db' as database
                ,name
                ,'main' AS schema
                ,type as data_type
            FROM
                main.sqlite_master
            WHERE
                name NOT LIKE 'sqlite_%'
        
[0m23:40:43.226451 [debug] [ThreadPool]: SQL status: OK in 0.000 seconds
[0m23:40:43.227102 [debug] [ThreadPool]: On list_warehouse.db_main: ROLLBACK
[0m23:40:43.227102 [debug] [ThreadPool]: On list_warehouse.db_main: Close
[0m23:40:43.228034 [debug] [MainThread]: Sending event: {'category': 'dbt', 'action': 'runnable_timing', 'label': '8f8a2eb5-45f8-4d0a-99b1-dfa0dfb5bc5d', 'context': [<snowplow_tracker.self_describing_json.SelfDescribingJson object at 0x00000287467554F0>]}
[0m23:40:43.228034 [debug] [MainThread]: Using sqlite connection "master"
[0m23:40:43.228034 [debug] [MainThread]: On master: BEGIN
[0m23:40:43.228034 [debug] [MainThread]: Opening a new connection, currently in state init
[0m23:40:43.229623 [debug] [MainThread]: SQL status: OK in 0.001 seconds
[0m23:40:43.229623 [debug] [MainThread]: On master: COMMIT
[0m23:40:43.229623 [debug] [MainThread]: Using sqlite connection "master"
[0m23:40:43.230638 [debug] [MainThread]: On master: COMMIT
[0m23:40:43.230638 [debug] [MainThread]: SQL status: OK in 0.000 seconds
[0m23:40:43.230638 [debug] [MainThread]: On master: Close
[0m23:40:43.234635 [debug] [Thread-1 (]: Began running node model.my_dbt_project.credit_risk
[0m23:40:43.235642 [info ] [Thread-1 (]: 1 of 2 START sql view model main.credit_risk ................................... [RUN]
[0m23:40:43.236636 [debug] [Thread-1 (]: Acquiring new sqlite connection 'model.my_dbt_project.credit_risk'
[0m23:40:43.236636 [debug] [Thread-1 (]: Began compiling node model.my_dbt_project.credit_risk
[0m23:40:43.243001 [debug] [Thread-1 (]: Writing injected SQL for node "model.my_dbt_project.credit_risk"
[0m23:40:43.245354 [debug] [Thread-1 (]: Began executing node model.my_dbt_project.credit_risk
[0m23:40:43.260828 [debug] [Thread-1 (]: Using sqlite connection "model.my_dbt_project.credit_risk"
[0m23:40:43.260828 [debug] [Thread-1 (]: On model.my_dbt_project.credit_risk: /* {"app": "dbt", "dbt_version": "1.11.2", "profile_name": "credit_pipeline", "target_name": "dev", "node_id": "model.my_dbt_project.credit_risk"} */
drop view if exists "main"."credit_risk"
[0m23:40:43.260828 [debug] [Thread-1 (]: Opening a new connection, currently in state init
[0m23:40:43.266376 [debug] [Thread-1 (]: SQL status: OK in 0.005 seconds
[0m23:40:43.268908 [debug] [Thread-1 (]: Writing runtime sql for node "model.my_dbt_project.credit_risk"
[0m23:40:43.271561 [debug] [Thread-1 (]: Using sqlite connection "model.my_dbt_project.credit_risk"
[0m23:40:43.271561 [debug] [Thread-1 (]: On model.my_dbt_project.credit_risk: BEGIN
[0m23:40:43.271561 [debug] [Thread-1 (]: SQL status: OK in 0.000 seconds
[0m23:40:43.274290 [debug] [Thread-1 (]: Using sqlite connection "model.my_dbt_project.credit_risk"
[0m23:40:43.274290 [debug] [Thread-1 (]: On model.my_dbt_project.credit_risk: /* {"app": "dbt", "dbt_version": "1.11.2", "profile_name": "credit_pipeline", "target_name": "dev", "node_id": "model.my_dbt_project.credit_risk"} */

    
    create view main."credit_risk" as
    -- income per child
-- annual income / # of children

WITH source AS (
    SELECT * FROM main."raw_credit_data"
)

SELECT Ind_ID as client_id, Annual_income, CHILDREN,
CASE 
    WHEN children > 0 THEN Annual_income / CHILDREN
    ELSE NULL
END AS income_per_child
FROM source;
[0m23:40:43.274290 [debug] [Thread-1 (]: SQL status: OK in 0.001 seconds
[0m23:40:43.280512 [debug] [Thread-1 (]: On model.my_dbt_project.credit_risk: COMMIT
[0m23:40:43.280512 [debug] [Thread-1 (]: Using sqlite connection "model.my_dbt_project.credit_risk"
[0m23:40:43.280512 [debug] [Thread-1 (]: On model.my_dbt_project.credit_risk: COMMIT
[0m23:40:43.284034 [debug] [Thread-1 (]: SQL status: OK in 0.003 seconds
[0m23:40:43.287033 [debug] [Thread-1 (]: On model.my_dbt_project.credit_risk: Close
[0m23:40:43.290034 [debug] [Thread-1 (]: Sending event: {'category': 'dbt', 'action': 'run_model', 'label': '8f8a2eb5-45f8-4d0a-99b1-dfa0dfb5bc5d', 'context': [<snowplow_tracker.self_describing_json.SelfDescribingJson object at 0x0000028746A079E0>]}
[0m23:40:43.291032 [info ] [Thread-1 (]: 1 of 2 OK created sql view model main.credit_risk .............................. [[32mOK[0m in 0.05s]
[0m23:40:43.291032 [debug] [Thread-1 (]: Finished running node model.my_dbt_project.credit_risk
[0m23:40:43.291032 [debug] [Thread-1 (]: Began running node model.my_dbt_project.stg_applications
[0m23:40:43.292539 [info ] [Thread-1 (]: 2 of 2 START sql view model main.stg_applications .............................. [RUN]
[0m23:40:43.292539 [debug] [Thread-1 (]: Re-using an available connection from the pool (formerly model.my_dbt_project.credit_risk, now model.my_dbt_project.stg_applications)
[0m23:40:43.292539 [debug] [Thread-1 (]: Began compiling node model.my_dbt_project.stg_applications
[0m23:40:43.295717 [debug] [Thread-1 (]: Writing injected SQL for node "model.my_dbt_project.stg_applications"
[0m23:40:43.296722 [debug] [Thread-1 (]: Began executing node model.my_dbt_project.stg_applications
[0m23:40:43.301727 [debug] [Thread-1 (]: Using sqlite connection "model.my_dbt_project.stg_applications"
[0m23:40:43.302711 [debug] [Thread-1 (]: On model.my_dbt_project.stg_applications: /* {"app": "dbt", "dbt_version": "1.11.2", "profile_name": "credit_pipeline", "target_name": "dev", "node_id": "model.my_dbt_project.stg_applications"} */
drop view if exists "main"."stg_applications"
[0m23:40:43.303273 [debug] [Thread-1 (]: Opening a new connection, currently in state closed
[0m23:40:43.308330 [debug] [Thread-1 (]: SQL status: OK in 0.005 seconds
[0m23:40:43.309272 [debug] [Thread-1 (]: Writing runtime sql for node "model.my_dbt_project.stg_applications"
[0m23:40:43.310560 [debug] [Thread-1 (]: Using sqlite connection "model.my_dbt_project.stg_applications"
[0m23:40:43.311067 [debug] [Thread-1 (]: On model.my_dbt_project.stg_applications: BEGIN
[0m23:40:43.311067 [debug] [Thread-1 (]: SQL status: OK in 0.000 seconds
[0m23:40:43.311067 [debug] [Thread-1 (]: Using sqlite connection "model.my_dbt_project.stg_applications"
[0m23:40:43.311067 [debug] [Thread-1 (]: On model.my_dbt_project.stg_applications: /* {"app": "dbt", "dbt_version": "1.11.2", "profile_name": "credit_pipeline", "target_name": "dev", "node_id": "model.my_dbt_project.stg_applications"} */

    
    create view main."stg_applications" as
    WITH source AS (
    SELECT * FROM main."raw_credit_data"
)

SELECT
    Ind_ID
    annual_income,
    ABS(Employed_years) / 365.0 as years_employed,
    CASE 
        WHEN EDUCATION = 'Higher education' THEN 1 
        ELSE 0 
    END as is_higher_ed,
    label as rejected
FROM source;
[0m23:40:43.313384 [debug] [Thread-1 (]: SQL status: OK in 0.001 seconds
[0m23:40:43.315493 [debug] [Thread-1 (]: On model.my_dbt_project.stg_applications: COMMIT
[0m23:40:43.316014 [debug] [Thread-1 (]: Using sqlite connection "model.my_dbt_project.stg_applications"
[0m23:40:43.316014 [debug] [Thread-1 (]: On model.my_dbt_project.stg_applications: COMMIT
[0m23:40:43.319224 [debug] [Thread-1 (]: SQL status: OK in 0.003 seconds
[0m23:40:43.321226 [debug] [Thread-1 (]: On model.my_dbt_project.stg_applications: Close
[0m23:40:43.321226 [debug] [Thread-1 (]: Sending event: {'category': 'dbt', 'action': 'run_model', 'label': '8f8a2eb5-45f8-4d0a-99b1-dfa0dfb5bc5d', 'context': [<snowplow_tracker.self_describing_json.SelfDescribingJson object at 0x00000287470FE9C0>]}
[0m23:40:43.321226 [info ] [Thread-1 (]: 2 of 2 OK created sql view model main.stg_applications ......................... [[32mOK[0m in 0.03s]
[0m23:40:43.321226 [debug] [Thread-1 (]: Finished running node model.my_dbt_project.stg_applications
[0m23:40:43.324186 [debug] [MainThread]: Using sqlite connection "master"
[0m23:40:43.324186 [debug] [MainThread]: On master: BEGIN
[0m23:40:43.324186 [debug] [MainThread]: Opening a new connection, currently in state closed
[0m23:40:43.324186 [debug] [MainThread]: SQL status: OK in 0.002 seconds
[0m23:40:43.324186 [debug] [MainThread]: On master: COMMIT
[0m23:40:43.324186 [debug] [MainThread]: Using sqlite connection "master"
[0m23:40:43.324186 [debug] [MainThread]: On master: COMMIT
[0m23:40:43.327752 [debug] [MainThread]: SQL status: OK in 0.000 seconds
[0m23:40:43.327752 [debug] [MainThread]: On master: Close
[0m23:40:43.327752 [debug] [MainThread]: Connection 'master' was properly closed.
[0m23:40:43.327752 [debug] [MainThread]: Connection 'list_warehouse.db' was properly closed.
[0m23:40:43.328761 [debug] [MainThread]: Connection 'list_warehouse.db_main' was properly closed.
[0m23:40:43.328761 [debug] [MainThread]: Connection 'model.my_dbt_project.stg_applications' was properly closed.
[0m23:40:43.328761 [info ] [MainThread]: 
[0m23:40:43.329762 [info ] [MainThread]: Finished running 2 view models in 0 hours 0 minutes and 0.17 seconds (0.17s).
[0m23:40:43.330764 [debug] [MainThread]: Command end result
[0m23:40:43.350017 [debug] [MainThread]: Wrote artifact WritableManifest to C:\Users\bey77\OneDrive\Desktop\Projects\FinanceProj\Credit Card Approval Model\my_dbt_project\target\manifest.json
[0m23:40:43.352016 [debug] [MainThread]: Wrote artifact SemanticManifest to C:\Users\bey77\OneDrive\Desktop\Projects\FinanceProj\Credit Card Approval Model\my_dbt_project\target\semantic_manifest.json
[0m23:40:43.355614 [debug] [MainThread]: Wrote artifact RunExecutionResult to C:\Users\bey77\OneDrive\Desktop\Projects\FinanceProj\Credit Card Approval Model\my_dbt_project\target\run_results.json
[0m23:40:43.355614 [info ] [MainThread]: 
[0m23:40:43.355614 [info ] [MainThread]: [32mCompleted successfully[0m
[0m23:40:43.355614 [info ] [MainThread]: 
[0m23:40:43.355614 [info ] [MainThread]: Done. PASS=2 WARN=0 ERROR=0 SKIP=0 NO-OP=0 TOTAL=2
[0m23:40:43.355614 [warn ] [MainThread]: [[33mWARNING[0m][DeprecationsSummary]: Deprecated functionality
Summary of encountered deprecations:
- MissingArgumentsPropertyInGenericTestDeprecation: 1 occurrence
To see all deprecation instances instead of just the first occurrence of each,
run command again with the `--show-all-deprecations` flag. You may also need to
run with `--no-partial-parse` as some deprecations are only encountered during
parsing.
[0m23:40:43.355614 [debug] [MainThread]: Command `dbt run` succeeded at 23:40:43.355614 after 1.59 seconds
[0m23:40:43.355614 [debug] [MainThread]: Sending event: {'category': 'dbt', 'action': 'invocation', 'label': 'end', 'context': [<snowplow_tracker.self_describing_json.SelfDescribingJson object at 0x0000028744F89640>, <snowplow_tracker.self_describing_json.SelfDescribingJson object at 0x000002874697BF80>, <snowplow_tracker.self_describing_json.SelfDescribingJson object at 0x00000287462B4380>]}
[0m23:40:43.355614 [debug] [MainThread]: Flushing usage events
[0m23:40:43.511116 [debug] [MainThread]: An error was encountered while trying to flush usage events
[0m23:40:57.536637 [debug] [MainThread]: Sending event: {'category': 'dbt', 'action': 'invocation', 'label': 'start', 'context': [<snowplow_tracker.self_describing_json.SelfDescribingJson object at 0x000001AE8416C350>, <snowplow_tracker.self_describing_json.SelfDescribingJson object at 0x000001AE8727B6E0>, <snowplow_tracker.self_describing_json.SelfDescribingJson object at 0x000001AE8727A2D0>]}


============================== 23:40:57.551559 | 96969589-d7a4-4546-80cf-8ff6942b44f8 ==============================
[0m23:40:57.551559 [info ] [MainThread]: Running with dbt=1.11.2
[0m23:40:57.552566 [debug] [MainThread]: running dbt with arguments {'static_parser': 'True', 'no_print': 'None', 'version_check': 'True', 'warn_error_options': 'WarnErrorOptionsV2(error=[], warn=[], silence=[])', 'target_path': 'None', 'printer_width': '80', 'write_json': 'True', 'empty': 'None', 'log_cache_events': 'False', 'introspect': 'True', 'cache_selected_only': 'False', 'log_format': 'default', 'debug': 'False', 'fail_fast': 'False', 'profiles_dir': 'C:\\Users\\bey77\\OneDrive\\Desktop\\Projects\\FinanceProj\\Credit Card Approval Model\\my_dbt_project', 'send_anonymous_usage_stats': 'True', 'quiet': 'False', 'warn_error': 'None', 'partial_parse': 'True', 'use_colors': 'True', 'indirect_selection': 'eager', 'invocation_command': 'dbt docs generate', 'use_experimental_parser': 'False', 'log_path': 'C:\\Users\\bey77\\OneDrive\\Desktop\\Projects\\FinanceProj\\Credit Card Approval Model\\my_dbt_project\\logs'}
[0m23:40:57.687131 [debug] [MainThread]: Sending event: {'category': 'dbt', 'action': 'project_id', 'label': '96969589-d7a4-4546-80cf-8ff6942b44f8', 'context': [<snowplow_tracker.self_describing_json.SelfDescribingJson object at 0x000001AE8529ACC0>]}
[0m23:40:57.733848 [debug] [MainThread]: Sending event: {'category': 'dbt', 'action': 'adapter_info', 'label': '96969589-d7a4-4546-80cf-8ff6942b44f8', 'context': [<snowplow_tracker.self_describing_json.SelfDescribingJson object at 0x000001AE8947BE90>]}
[0m23:40:57.734849 [info ] [MainThread]: Registered adapter: sqlite=1.10.0
[0m23:40:57.867017 [debug] [MainThread]: checksum: 3d40d8bbe1bef07db1c24822f2dbfff8bc07f2a48ed4fe2658a40653aec0b54b, vars: {}, profile: , target: , version: 1.11.2
[0m23:40:58.021774 [debug] [MainThread]: Partial parsing enabled: 0 files deleted, 0 files added, 0 files changed.
[0m23:40:58.021774 [debug] [MainThread]: Nothing changed, skipping partial parsing.
[0m23:40:58.022313 [debug] [MainThread]: Partial parsing enabled, no changes found, skipping parsing
[0m23:40:58.049235 [debug] [MainThread]: Sending event: {'category': 'dbt', 'action': 'load_project', 'label': '96969589-d7a4-4546-80cf-8ff6942b44f8', 'context': [<snowplow_tracker.self_describing_json.SelfDescribingJson object at 0x000001AE8998B350>]}
[0m23:40:58.078341 [debug] [MainThread]: Sending event: {'category': 'dbt', 'action': 'resource_counts', 'label': '96969589-d7a4-4546-80cf-8ff6942b44f8', 'context': [<snowplow_tracker.self_describing_json.SelfDescribingJson object at 0x000001AE89CC5520>]}
[0m23:40:58.080882 [info ] [MainThread]: Found 2 models, 4 data tests, 1 source, 416 macros
[0m23:40:58.081365 [debug] [MainThread]: Sending event: {'category': 'dbt', 'action': 'runnable_timing', 'label': '96969589-d7a4-4546-80cf-8ff6942b44f8', 'context': [<snowplow_tracker.self_describing_json.SelfDescribingJson object at 0x000001AE899369C0>]}
[0m23:40:58.082684 [info ] [MainThread]: 
[0m23:40:58.083715 [info ] [MainThread]: Concurrency: 1 threads (target='dev')
[0m23:40:58.083715 [info ] [MainThread]: 
[0m23:40:58.084723 [debug] [MainThread]: Acquiring new sqlite connection 'master'
[0m23:40:58.088247 [debug] [ThreadPool]: Acquiring new sqlite connection 'list_warehouse.db_main'
[0m23:40:58.137685 [debug] [ThreadPool]: Using sqlite connection "list_warehouse.db_main"
[0m23:40:58.137685 [debug] [ThreadPool]: On list_warehouse.db_main: BEGIN
[0m23:40:58.139790 [debug] [ThreadPool]: Opening a new connection, currently in state init
[0m23:40:58.139790 [debug] [ThreadPool]: SQL status: OK in 0.001 seconds
[0m23:40:58.139790 [debug] [ThreadPool]: Using sqlite connection "list_warehouse.db_main"
[0m23:40:58.139790 [debug] [ThreadPool]: On list_warehouse.db_main: /* {"app": "dbt", "dbt_version": "1.11.2", "profile_name": "credit_pipeline", "target_name": "dev", "connection_name": "list_warehouse.db_main"} */

        pragma database_list
    
[0m23:40:58.139790 [debug] [ThreadPool]: SQL status: OK in 0.000 seconds
[0m23:40:58.139790 [debug] [ThreadPool]: Using sqlite connection "list_warehouse.db_main"
[0m23:40:58.139790 [debug] [ThreadPool]: On list_warehouse.db_main: /* {"app": "dbt", "dbt_version": "1.11.2", "profile_name": "credit_pipeline", "target_name": "dev", "connection_name": "list_warehouse.db_main"} */

            SELECT
                'warehouse.db' as database
                ,name
                ,'main' AS schema
                ,type as data_type
            FROM
                main.sqlite_master
            WHERE
                name NOT LIKE 'sqlite_%'
        
[0m23:40:58.139790 [debug] [ThreadPool]: SQL status: OK in 0.000 seconds
[0m23:40:58.139790 [debug] [ThreadPool]: On list_warehouse.db_main: ROLLBACK
[0m23:40:58.144673 [debug] [ThreadPool]: On list_warehouse.db_main: Close
[0m23:40:58.145685 [debug] [MainThread]: Sending event: {'category': 'dbt', 'action': 'runnable_timing', 'label': '96969589-d7a4-4546-80cf-8ff6942b44f8', 'context': [<snowplow_tracker.self_describing_json.SelfDescribingJson object at 0x000001AE899B39E0>]}
[0m23:40:58.150037 [debug] [Thread-1 (]: Began running node model.my_dbt_project.credit_risk
[0m23:40:58.150037 [debug] [Thread-1 (]: Acquiring new sqlite connection 'model.my_dbt_project.credit_risk'
[0m23:40:58.150037 [debug] [Thread-1 (]: Began compiling node model.my_dbt_project.credit_risk
[0m23:40:58.150037 [debug] [Thread-1 (]: Writing injected SQL for node "model.my_dbt_project.credit_risk"
[0m23:40:58.150037 [debug] [Thread-1 (]: Began executing node model.my_dbt_project.credit_risk
[0m23:40:58.150037 [debug] [Thread-1 (]: Finished running node model.my_dbt_project.credit_risk
[0m23:40:58.158372 [debug] [Thread-1 (]: Began running node model.my_dbt_project.stg_applications
[0m23:40:58.158372 [debug] [Thread-1 (]: Re-using an available connection from the pool (formerly model.my_dbt_project.credit_risk, now model.my_dbt_project.stg_applications)
[0m23:40:58.158372 [debug] [Thread-1 (]: Began compiling node model.my_dbt_project.stg_applications
[0m23:40:58.162147 [debug] [Thread-1 (]: Writing injected SQL for node "model.my_dbt_project.stg_applications"
[0m23:40:58.163223 [debug] [Thread-1 (]: Began executing node model.my_dbt_project.stg_applications
[0m23:40:58.164163 [debug] [Thread-1 (]: Finished running node model.my_dbt_project.stg_applications
[0m23:40:58.164163 [debug] [Thread-1 (]: Began running node test.my_dbt_project.not_null_credit_risk_risk_score.bf4f074c1b
[0m23:40:58.164163 [debug] [Thread-1 (]: Re-using an available connection from the pool (formerly model.my_dbt_project.stg_applications, now test.my_dbt_project.not_null_credit_risk_risk_score.bf4f074c1b)
[0m23:40:58.165158 [debug] [Thread-1 (]: Began compiling node test.my_dbt_project.not_null_credit_risk_risk_score.bf4f074c1b
[0m23:40:58.173761 [debug] [Thread-1 (]: Writing injected SQL for node "test.my_dbt_project.not_null_credit_risk_risk_score.bf4f074c1b"
[0m23:40:58.174751 [debug] [Thread-1 (]: Began executing node test.my_dbt_project.not_null_credit_risk_risk_score.bf4f074c1b
[0m23:40:58.174751 [debug] [Thread-1 (]: Finished running node test.my_dbt_project.not_null_credit_risk_risk_score.bf4f074c1b
[0m23:40:58.175771 [debug] [Thread-1 (]: Began running node test.my_dbt_project.not_null_stg_applications_Ind_id.cb1daf6586
[0m23:40:58.175771 [debug] [Thread-1 (]: Re-using an available connection from the pool (formerly test.my_dbt_project.not_null_credit_risk_risk_score.bf4f074c1b, now test.my_dbt_project.not_null_stg_applications_Ind_id.cb1daf6586)
[0m23:40:58.175771 [debug] [Thread-1 (]: Began compiling node test.my_dbt_project.not_null_stg_applications_Ind_id.cb1daf6586
[0m23:40:58.179373 [debug] [Thread-1 (]: Writing injected SQL for node "test.my_dbt_project.not_null_stg_applications_Ind_id.cb1daf6586"
[0m23:40:58.180392 [debug] [Thread-1 (]: Began executing node test.my_dbt_project.not_null_stg_applications_Ind_id.cb1daf6586
[0m23:40:58.181578 [debug] [Thread-1 (]: Finished running node test.my_dbt_project.not_null_stg_applications_Ind_id.cb1daf6586
[0m23:40:58.181578 [debug] [Thread-1 (]: Began running node test.my_dbt_project.relationships_credit_risk_client_id__Ind_id__ref_stg_applications_.3a0c92fd63
[0m23:40:58.182632 [debug] [Thread-1 (]: Re-using an available connection from the pool (formerly test.my_dbt_project.not_null_stg_applications_Ind_id.cb1daf6586, now test.my_dbt_project.relationships_credit_risk_client_id__Ind_id__ref_stg_applications_.3a0c92fd63)
[0m23:40:58.182632 [debug] [Thread-1 (]: Began compiling node test.my_dbt_project.relationships_credit_risk_client_id__Ind_id__ref_stg_applications_.3a0c92fd63
[0m23:40:58.193911 [debug] [Thread-1 (]: Writing injected SQL for node "test.my_dbt_project.relationships_credit_risk_client_id__Ind_id__ref_stg_applications_.3a0c92fd63"
[0m23:40:58.195906 [debug] [Thread-1 (]: Began executing node test.my_dbt_project.relationships_credit_risk_client_id__Ind_id__ref_stg_applications_.3a0c92fd63
[0m23:40:58.195906 [debug] [Thread-1 (]: Finished running node test.my_dbt_project.relationships_credit_risk_client_id__Ind_id__ref_stg_applications_.3a0c92fd63
[0m23:40:58.195906 [debug] [Thread-1 (]: Began running node test.my_dbt_project.unique_stg_applications_Ind_id.3f23aaa583
[0m23:40:58.195906 [debug] [Thread-1 (]: Re-using an available connection from the pool (formerly test.my_dbt_project.relationships_credit_risk_client_id__Ind_id__ref_stg_applications_.3a0c92fd63, now test.my_dbt_project.unique_stg_applications_Ind_id.3f23aaa583)
[0m23:40:58.195906 [debug] [Thread-1 (]: Began compiling node test.my_dbt_project.unique_stg_applications_Ind_id.3f23aaa583
[0m23:40:58.200560 [debug] [Thread-1 (]: Writing injected SQL for node "test.my_dbt_project.unique_stg_applications_Ind_id.3f23aaa583"
[0m23:40:58.200560 [debug] [Thread-1 (]: Began executing node test.my_dbt_project.unique_stg_applications_Ind_id.3f23aaa583
[0m23:40:58.200560 [debug] [Thread-1 (]: Finished running node test.my_dbt_project.unique_stg_applications_Ind_id.3f23aaa583
[0m23:40:58.207094 [debug] [MainThread]: Connection 'master' was properly closed.
[0m23:40:58.207094 [debug] [MainThread]: Connection 'list_warehouse.db_main' was properly closed.
[0m23:40:58.207094 [debug] [MainThread]: Connection 'test.my_dbt_project.unique_stg_applications_Ind_id.3f23aaa583' was properly closed.
[0m23:40:58.209105 [debug] [MainThread]: Command end result
[0m23:40:58.263005 [debug] [MainThread]: Wrote artifact WritableManifest to C:\Users\bey77\OneDrive\Desktop\Projects\FinanceProj\Credit Card Approval Model\my_dbt_project\target\manifest.json
[0m23:40:58.265123 [debug] [MainThread]: Wrote artifact SemanticManifest to C:\Users\bey77\OneDrive\Desktop\Projects\FinanceProj\Credit Card Approval Model\my_dbt_project\target\semantic_manifest.json
[0m23:40:58.269140 [debug] [MainThread]: Wrote artifact RunExecutionResult to C:\Users\bey77\OneDrive\Desktop\Projects\FinanceProj\Credit Card Approval Model\my_dbt_project\target\run_results.json
[0m23:40:58.271148 [debug] [MainThread]: Acquiring new sqlite connection 'generate_catalog'
[0m23:40:58.271148 [info ] [MainThread]: Building catalog
[0m23:40:58.278549 [debug] [ThreadPool]: Acquiring new sqlite connection 'warehouse.db.information_schema'
[0m23:40:58.280577 [debug] [ThreadPool]: Using sqlite connection "warehouse.db.information_schema"
[0m23:40:58.280577 [debug] [ThreadPool]: On warehouse.db.information_schema: BEGIN
[0m23:40:58.282587 [debug] [ThreadPool]: Opening a new connection, currently in state init
[0m23:40:58.282587 [debug] [ThreadPool]: SQL status: OK in 0.001 seconds
[0m23:40:58.282587 [debug] [ThreadPool]: Using sqlite connection "warehouse.db.information_schema"
[0m23:40:58.283596 [debug] [ThreadPool]: On warehouse.db.information_schema: /* {"app": "dbt", "dbt_version": "1.11.2", "profile_name": "credit_pipeline", "target_name": "dev", "connection_name": "warehouse.db.information_schema"} */

        pragma database_list
    
[0m23:40:58.283596 [debug] [ThreadPool]: SQL status: OK in 0.000 seconds
[0m23:40:58.283596 [debug] [ThreadPool]: Using sqlite connection "warehouse.db.information_schema"
[0m23:40:58.283596 [debug] [ThreadPool]: On warehouse.db.information_schema: /* {"app": "dbt", "dbt_version": "1.11.2", "profile_name": "credit_pipeline", "target_name": "dev", "connection_name": "warehouse.db.information_schema"} */

            SELECT
                'warehouse.db' as database
                ,name
                ,'main' AS schema
                ,type as data_type
            FROM
                main.sqlite_master
            WHERE
                name NOT LIKE 'sqlite_%'
        
[0m23:40:58.283596 [debug] [ThreadPool]: SQL status: OK in 0.000 seconds
[0m23:40:58.285766 [debug] [ThreadPool]: Using sqlite connection "warehouse.db.information_schema"
[0m23:40:58.285766 [debug] [ThreadPool]: On warehouse.db.information_schema: /* {"app": "dbt", "dbt_version": "1.11.2", "profile_name": "credit_pipeline", "target_name": "dev", "connection_name": "warehouse.db.information_schema"} */
pragma main.table_info(credit_risk)
[0m23:40:58.285766 [debug] [ThreadPool]: On warehouse.db.information_schema: ROLLBACK
[0m23:40:58.285766 [debug] [ThreadPool]: On warehouse.db.information_schema: Close
[0m23:40:58.285766 [debug] [ThreadPool]: SQLite adapter: sqlite3 error: no such table: main.raw_credit_data
[0m23:40:58.287774 [warn ] [MainThread]: Encountered an error while generating catalog: Database Error
  no such table: main.raw_credit_data
[0m23:40:58.291070 [debug] [MainThread]: Wrote artifact CatalogArtifact to C:\Users\bey77\OneDrive\Desktop\Projects\FinanceProj\Credit Card Approval Model\my_dbt_project\target\catalog.json
[0m23:40:58.301882 [debug] [MainThread]: Wrote artifact WritableManifest to C:\Users\bey77\OneDrive\Desktop\Projects\FinanceProj\Credit Card Approval Model\my_dbt_project\target\manifest.json
[0m23:40:58.304486 [debug] [MainThread]: Wrote artifact SemanticManifest to C:\Users\bey77\OneDrive\Desktop\Projects\FinanceProj\Credit Card Approval Model\my_dbt_project\target\semantic_manifest.json
[0m23:40:58.304486 [error] [MainThread]: dbt encountered 1 failure while writing the catalog
[0m23:40:58.304486 [info ] [MainThread]: Catalog written to C:\Users\bey77\OneDrive\Desktop\Projects\FinanceProj\Credit Card Approval Model\my_dbt_project\target\catalog.json
[0m23:40:58.307117 [debug] [MainThread]: Command `dbt docs generate` failed at 23:40:58.307117 after 0.89 seconds
[0m23:40:58.307117 [debug] [MainThread]: Connection 'generate_catalog' was properly closed.
[0m23:40:58.307117 [debug] [MainThread]: Connection 'warehouse.db.information_schema' was properly closed.
[0m23:40:58.307117 [debug] [MainThread]: Sending event: {'category': 'dbt', 'action': 'invocation', 'label': 'end', 'context': [<snowplow_tracker.self_describing_json.SelfDescribingJson object at 0x000001AE87B9CBF0>, <snowplow_tracker.self_describing_json.SelfDescribingJson object at 0x000001AE8515E1B0>, <snowplow_tracker.self_describing_json.SelfDescribingJson object at 0x000001AE8515D130>]}
[0m23:40:58.308175 [debug] [MainThread]: Flushing usage events
[0m23:40:58.451586 [debug] [MainThread]: An error was encountered while trying to flush usage events
[0m12:33:25.070986 [debug] [MainThread]: Sending event: {'category': 'dbt', 'action': 'invocation', 'label': 'start', 'context': [<snowplow_tracker.self_describing_json.SelfDescribingJson object at 0x000001BFE6D53290>, <snowplow_tracker.self_describing_json.SelfDescribingJson object at 0x000001BFE8789430>, <snowplow_tracker.self_describing_json.SelfDescribingJson object at 0x000001BFE7425DC0>]}


============================== 12:33:25.093946 | 3cac4f36-4147-4bf7-b3b5-c4830de064a8 ==============================
[0m12:33:25.093946 [info ] [MainThread]: Running with dbt=1.11.2
[0m12:33:25.093946 [debug] [MainThread]: running dbt with arguments {'version_check': 'True', 'no_print': 'None', 'static_parser': 'True', 'target_path': 'None', 'warn_error_options': 'WarnErrorOptionsV2(error=[], warn=[], silence=[])', 'printer_width': '80', 'write_json': 'True', 'introspect': 'True', 'log_cache_events': 'False', 'empty': 'False', 'cache_selected_only': 'False', 'fail_fast': 'False', 'debug': 'False', 'log_format': 'default', 'partial_parse': 'True', 'send_anonymous_usage_stats': 'True', 'quiet': 'False', 'warn_error': 'None', 'profiles_dir': 'C:\\Users\\bey77\\OneDrive\\Desktop\\Projects\\FinanceProj\\Credit Card Approval Model\\my_dbt_project', 'use_colors': 'True', 'invocation_command': 'dbt run', 'indirect_selection': 'eager', 'use_experimental_parser': 'False', 'log_path': 'C:\\Users\\bey77\\OneDrive\\Desktop\\Projects\\FinanceProj\\Credit Card Approval Model\\my_dbt_project\\logs'}
[0m12:33:25.283808 [debug] [MainThread]: Sending event: {'category': 'dbt', 'action': 'project_id', 'label': '3cac4f36-4147-4bf7-b3b5-c4830de064a8', 'context': [<snowplow_tracker.self_describing_json.SelfDescribingJson object at 0x000001BFE93B6000>]}
[0m12:33:25.324972 [debug] [MainThread]: Sending event: {'category': 'dbt', 'action': 'adapter_info', 'label': '3cac4f36-4147-4bf7-b3b5-c4830de064a8', 'context': [<snowplow_tracker.self_describing_json.SelfDescribingJson object at 0x000001BFE9DCAC30>]}
[0m12:33:25.324972 [info ] [MainThread]: Registered adapter: sqlite=1.10.0
[0m12:33:25.619157 [debug] [MainThread]: checksum: 3d40d8bbe1bef07db1c24822f2dbfff8bc07f2a48ed4fe2658a40653aec0b54b, vars: {}, profile: , target: , version: 1.11.2
[0m12:33:27.977173 [debug] [MainThread]: Partial parsing enabled: 0 files deleted, 0 files added, 1 files changed.
[0m12:33:27.977173 [debug] [MainThread]: Partial parsing: updated file: my_dbt_project://models\credit_risk.sql
[0m12:33:27.977173 [debug] [MainThread]: Partial parsing: updated file: my_dbt_project://models\stg_applications.sql
[0m12:33:28.206692 [warn ] [MainThread]: [[33mWARNING[0m][MissingArgumentsPropertyInGenericTestDeprecation]: Deprecated
functionality
Found top-level arguments to test `relationships` defined on 'credit_risk' in
package 'my_dbt_project' (models\models.yml). Arguments to generic tests should
be nested under the `arguments` property.
[0m12:33:28.206692 [debug] [MainThread]: Sending event: {'category': 'dbt', 'action': 'deprecation', 'label': '3cac4f36-4147-4bf7-b3b5-c4830de064a8', 'property_': 'warn', 'context': [<snowplow_tracker.self_describing_json.SelfDescribingJson object at 0x000001BFEB518950>]}
[0m12:33:28.271055 [debug] [MainThread]: Sending event: {'category': 'dbt', 'action': 'load_project', 'label': '3cac4f36-4147-4bf7-b3b5-c4830de064a8', 'context': [<snowplow_tracker.self_describing_json.SelfDescribingJson object at 0x000001BFEBB302F0>]}
[0m12:33:28.321516 [debug] [MainThread]: Wrote artifact WritableManifest to C:\Users\bey77\OneDrive\Desktop\Projects\FinanceProj\Credit Card Approval Model\my_dbt_project\target\manifest.json
[0m12:33:28.326808 [debug] [MainThread]: Wrote artifact SemanticManifest to C:\Users\bey77\OneDrive\Desktop\Projects\FinanceProj\Credit Card Approval Model\my_dbt_project\target\semantic_manifest.json
[0m12:33:28.373994 [debug] [MainThread]: Sending event: {'category': 'dbt', 'action': 'resource_counts', 'label': '3cac4f36-4147-4bf7-b3b5-c4830de064a8', 'context': [<snowplow_tracker.self_describing_json.SelfDescribingJson object at 0x000001BFEBB8CB00>]}
[0m12:33:28.373994 [info ] [MainThread]: Found 2 models, 4 data tests, 1 source, 416 macros
[0m12:33:28.373994 [debug] [MainThread]: Sending event: {'category': 'dbt', 'action': 'runnable_timing', 'label': '3cac4f36-4147-4bf7-b3b5-c4830de064a8', 'context': [<snowplow_tracker.self_describing_json.SelfDescribingJson object at 0x000001BFEB7B0530>]}
[0m12:33:28.378007 [info ] [MainThread]: 
[0m12:33:28.378007 [info ] [MainThread]: Concurrency: 1 threads (target='dev')
[0m12:33:28.378007 [info ] [MainThread]: 
[0m12:33:28.378007 [debug] [MainThread]: Acquiring new sqlite connection 'master'
[0m12:33:28.383062 [debug] [ThreadPool]: Acquiring new sqlite connection 'list_warehouse.db'
[0m12:33:32.479214 [debug] [ThreadPool]: Using sqlite connection "list_warehouse.db"
[0m12:33:32.479214 [debug] [ThreadPool]: On list_warehouse.db: BEGIN
[0m12:33:32.480203 [debug] [ThreadPool]: Opening a new connection, currently in state init
[0m12:33:32.486103 [debug] [ThreadPool]: SQL status: OK in 0.006 seconds
[0m12:33:32.486103 [debug] [ThreadPool]: Using sqlite connection "list_warehouse.db"
[0m12:33:32.486103 [debug] [ThreadPool]: On list_warehouse.db: /* {"app": "dbt", "dbt_version": "1.11.2", "profile_name": "credit_pipeline", "target_name": "dev", "connection_name": "list_warehouse.db"} */

        pragma database_list
    
[0m12:33:32.486103 [debug] [ThreadPool]: SQL status: OK in 0.000 seconds
[0m12:33:32.487661 [debug] [ThreadPool]: On list_warehouse.db: ROLLBACK
[0m12:33:32.487661 [debug] [ThreadPool]: On list_warehouse.db: Close
[0m12:33:32.488652 [debug] [ThreadPool]: Acquiring new sqlite connection 'list_warehouse.db_main'
[0m12:33:32.493796 [debug] [ThreadPool]: Using sqlite connection "list_warehouse.db_main"
[0m12:33:32.494952 [debug] [ThreadPool]: On list_warehouse.db_main: BEGIN
[0m12:33:32.494952 [debug] [ThreadPool]: Opening a new connection, currently in state init
[0m12:33:32.495951 [debug] [ThreadPool]: SQL status: OK in 0.001 seconds
[0m12:33:32.495951 [debug] [ThreadPool]: Using sqlite connection "list_warehouse.db_main"
[0m12:33:32.495951 [debug] [ThreadPool]: On list_warehouse.db_main: /* {"app": "dbt", "dbt_version": "1.11.2", "profile_name": "credit_pipeline", "target_name": "dev", "connection_name": "list_warehouse.db_main"} */

        pragma database_list
    
[0m12:33:32.495951 [debug] [ThreadPool]: SQL status: OK in 0.000 seconds
[0m12:33:32.497456 [debug] [ThreadPool]: Using sqlite connection "list_warehouse.db_main"
[0m12:33:32.497456 [debug] [ThreadPool]: On list_warehouse.db_main: /* {"app": "dbt", "dbt_version": "1.11.2", "profile_name": "credit_pipeline", "target_name": "dev", "connection_name": "list_warehouse.db_main"} */

            SELECT
                'warehouse.db' as database
                ,name
                ,'main' AS schema
                ,type as data_type
            FROM
                main.sqlite_master
            WHERE
                name NOT LIKE 'sqlite_%'
        
[0m12:33:32.500459 [debug] [ThreadPool]: SQL status: OK in 0.003 seconds
[0m12:33:32.501463 [debug] [ThreadPool]: On list_warehouse.db_main: ROLLBACK
[0m12:33:32.501463 [debug] [ThreadPool]: On list_warehouse.db_main: Close
[0m12:33:32.502463 [debug] [MainThread]: Sending event: {'category': 'dbt', 'action': 'runnable_timing', 'label': '3cac4f36-4147-4bf7-b3b5-c4830de064a8', 'context': [<snowplow_tracker.self_describing_json.SelfDescribingJson object at 0x000001BFEBBA0AD0>]}
[0m12:33:32.502463 [debug] [MainThread]: Using sqlite connection "master"
[0m12:33:32.502463 [debug] [MainThread]: On master: BEGIN
[0m12:33:32.503485 [debug] [MainThread]: Opening a new connection, currently in state init
[0m12:33:32.503485 [debug] [MainThread]: SQL status: OK in 0.000 seconds
[0m12:33:32.503485 [debug] [MainThread]: On master: COMMIT
[0m12:33:32.503485 [debug] [MainThread]: Using sqlite connection "master"
[0m12:33:32.504460 [debug] [MainThread]: On master: COMMIT
[0m12:33:32.504460 [debug] [MainThread]: SQL status: OK in 0.000 seconds
[0m12:33:32.504460 [debug] [MainThread]: On master: Close
[0m12:33:32.528538 [debug] [Thread-1 (]: Began running node model.my_dbt_project.credit_risk
[0m12:33:32.528538 [info ] [Thread-1 (]: 1 of 2 START sql view model main.credit_risk ................................... [RUN]
[0m12:33:32.528538 [debug] [Thread-1 (]: Acquiring new sqlite connection 'model.my_dbt_project.credit_risk'
[0m12:33:32.528538 [debug] [Thread-1 (]: Began compiling node model.my_dbt_project.credit_risk
[0m12:33:32.528538 [debug] [Thread-1 (]: Writing injected SQL for node "model.my_dbt_project.credit_risk"
[0m12:33:32.528538 [debug] [Thread-1 (]: Began executing node model.my_dbt_project.credit_risk
[0m12:33:32.549085 [debug] [Thread-1 (]: Using sqlite connection "model.my_dbt_project.credit_risk"
[0m12:33:32.552447 [debug] [Thread-1 (]: On model.my_dbt_project.credit_risk: /* {"app": "dbt", "dbt_version": "1.11.2", "profile_name": "credit_pipeline", "target_name": "dev", "node_id": "model.my_dbt_project.credit_risk"} */
drop view if exists "main"."credit_risk"
[0m12:33:32.552447 [debug] [Thread-1 (]: Opening a new connection, currently in state init
[0m12:33:32.552447 [debug] [Thread-1 (]: SQL status: OK in 0.004 seconds
[0m12:33:32.561165 [debug] [Thread-1 (]: Writing runtime sql for node "model.my_dbt_project.credit_risk"
[0m12:33:32.561165 [debug] [Thread-1 (]: Using sqlite connection "model.my_dbt_project.credit_risk"
[0m12:33:32.561165 [debug] [Thread-1 (]: On model.my_dbt_project.credit_risk: BEGIN
[0m12:33:32.561165 [debug] [Thread-1 (]: SQL status: OK in 0.000 seconds
[0m12:33:32.561165 [debug] [Thread-1 (]: Using sqlite connection "model.my_dbt_project.credit_risk"
[0m12:33:32.561165 [debug] [Thread-1 (]: On model.my_dbt_project.credit_risk: /* {"app": "dbt", "dbt_version": "1.11.2", "profile_name": "credit_pipeline", "target_name": "dev", "node_id": "model.my_dbt_project.credit_risk"} */

    
    create view main."credit_risk" as
    -- income per child
-- annual income / # of children

WITH source AS (
    SELECT * FROM main."raw_credit_data"
)

SELECT Ind_ID as client_id, Annual_income, CHILDREN,
CASE 
    WHEN children > 0 THEN Annual_income / CHILDREN
    ELSE NULL
END AS income_per_child
FROM source;
[0m12:33:32.561165 [debug] [Thread-1 (]: SQL status: OK in 0.001 seconds
[0m12:33:32.561165 [debug] [Thread-1 (]: On model.my_dbt_project.credit_risk: COMMIT
[0m12:33:32.569835 [debug] [Thread-1 (]: Using sqlite connection "model.my_dbt_project.credit_risk"
[0m12:33:32.569835 [debug] [Thread-1 (]: On model.my_dbt_project.credit_risk: COMMIT
[0m12:33:32.569835 [debug] [Thread-1 (]: SQL status: OK in 0.002 seconds
[0m12:33:32.569835 [debug] [Thread-1 (]: On model.my_dbt_project.credit_risk: Close
[0m12:33:32.576969 [debug] [Thread-1 (]: Sending event: {'category': 'dbt', 'action': 'run_model', 'label': '3cac4f36-4147-4bf7-b3b5-c4830de064a8', 'context': [<snowplow_tracker.self_describing_json.SelfDescribingJson object at 0x000001BFE6E9A480>]}
[0m12:33:32.578210 [info ] [Thread-1 (]: 1 of 2 OK created sql view model main.credit_risk .............................. [[32mOK[0m in 0.04s]
[0m12:33:32.579210 [debug] [Thread-1 (]: Finished running node model.my_dbt_project.credit_risk
[0m12:33:32.579210 [debug] [Thread-1 (]: Began running node model.my_dbt_project.stg_applications
[0m12:33:32.579210 [info ] [Thread-1 (]: 2 of 2 START sql view model main.stg_applications .............................. [RUN]
[0m12:33:32.580209 [debug] [Thread-1 (]: Re-using an available connection from the pool (formerly model.my_dbt_project.credit_risk, now model.my_dbt_project.stg_applications)
[0m12:33:32.580209 [debug] [Thread-1 (]: Began compiling node model.my_dbt_project.stg_applications
[0m12:33:32.582307 [debug] [Thread-1 (]: Writing injected SQL for node "model.my_dbt_project.stg_applications"
[0m12:33:32.583307 [debug] [Thread-1 (]: Began executing node model.my_dbt_project.stg_applications
[0m12:33:32.587308 [debug] [Thread-1 (]: Using sqlite connection "model.my_dbt_project.stg_applications"
[0m12:33:32.587308 [debug] [Thread-1 (]: On model.my_dbt_project.stg_applications: /* {"app": "dbt", "dbt_version": "1.11.2", "profile_name": "credit_pipeline", "target_name": "dev", "node_id": "model.my_dbt_project.stg_applications"} */
drop view if exists "main"."stg_applications"
[0m12:33:32.587308 [debug] [Thread-1 (]: Opening a new connection, currently in state closed
[0m12:33:32.591804 [debug] [Thread-1 (]: SQL status: OK in 0.004 seconds
[0m12:33:32.593228 [debug] [Thread-1 (]: Writing runtime sql for node "model.my_dbt_project.stg_applications"
[0m12:33:32.594303 [debug] [Thread-1 (]: Using sqlite connection "model.my_dbt_project.stg_applications"
[0m12:33:32.595274 [debug] [Thread-1 (]: On model.my_dbt_project.stg_applications: BEGIN
[0m12:33:32.595274 [debug] [Thread-1 (]: SQL status: OK in 0.000 seconds
[0m12:33:32.595274 [debug] [Thread-1 (]: Using sqlite connection "model.my_dbt_project.stg_applications"
[0m12:33:32.595274 [debug] [Thread-1 (]: On model.my_dbt_project.stg_applications: /* {"app": "dbt", "dbt_version": "1.11.2", "profile_name": "credit_pipeline", "target_name": "dev", "node_id": "model.my_dbt_project.stg_applications"} */

    
    create view main."stg_applications" as
    

SELECT
    Ind_ID as applicant_id,
    Car_Owner,
    Propert_Owner,
    EDUCATION, 
    age,
    ABS(DAYS_EMPLOYED) / 365.0 as Employed_years,
    label as is_rejected
FROM main."raw_credit_data";
[0m12:33:32.596290 [debug] [Thread-1 (]: SQL status: OK in 0.001 seconds
[0m12:33:32.597276 [debug] [Thread-1 (]: On model.my_dbt_project.stg_applications: COMMIT
[0m12:33:32.598302 [debug] [Thread-1 (]: Using sqlite connection "model.my_dbt_project.stg_applications"
[0m12:33:32.598302 [debug] [Thread-1 (]: On model.my_dbt_project.stg_applications: COMMIT
[0m12:33:32.601273 [debug] [Thread-1 (]: SQL status: OK in 0.002 seconds
[0m12:33:32.601810 [debug] [Thread-1 (]: On model.my_dbt_project.stg_applications: Close
[0m12:33:32.601810 [debug] [Thread-1 (]: Sending event: {'category': 'dbt', 'action': 'run_model', 'label': '3cac4f36-4147-4bf7-b3b5-c4830de064a8', 'context': [<snowplow_tracker.self_describing_json.SelfDescribingJson object at 0x000001BFEBF48140>]}
[0m12:33:32.602802 [info ] [Thread-1 (]: 2 of 2 OK created sql view model main.stg_applications ......................... [[32mOK[0m in 0.02s]
[0m12:33:32.602802 [debug] [Thread-1 (]: Finished running node model.my_dbt_project.stg_applications
[0m12:33:32.603801 [debug] [MainThread]: Using sqlite connection "master"
[0m12:33:32.603801 [debug] [MainThread]: On master: BEGIN
[0m12:33:32.604805 [debug] [MainThread]: Opening a new connection, currently in state closed
[0m12:33:32.605834 [debug] [MainThread]: SQL status: OK in 0.002 seconds
[0m12:33:32.606805 [debug] [MainThread]: On master: COMMIT
[0m12:33:32.606805 [debug] [MainThread]: Using sqlite connection "master"
[0m12:33:32.606805 [debug] [MainThread]: On master: COMMIT
[0m12:33:32.606805 [debug] [MainThread]: SQL status: OK in 0.000 seconds
[0m12:33:32.606805 [debug] [MainThread]: On master: Close
[0m12:33:32.607803 [debug] [MainThread]: Connection 'master' was properly closed.
[0m12:33:32.607803 [debug] [MainThread]: Connection 'list_warehouse.db' was properly closed.
[0m12:33:32.607803 [debug] [MainThread]: Connection 'list_warehouse.db_main' was properly closed.
[0m12:33:32.607803 [debug] [MainThread]: Connection 'model.my_dbt_project.stg_applications' was properly closed.
[0m12:33:32.607803 [info ] [MainThread]: 
[0m12:33:32.608803 [info ] [MainThread]: Finished running 2 view models in 0 hours 0 minutes and 4.23 seconds (4.23s).
[0m12:33:32.609279 [debug] [MainThread]: Command end result
[0m12:33:32.676005 [debug] [MainThread]: Wrote artifact WritableManifest to C:\Users\bey77\OneDrive\Desktop\Projects\FinanceProj\Credit Card Approval Model\my_dbt_project\target\manifest.json
[0m12:33:32.677775 [debug] [MainThread]: Wrote artifact SemanticManifest to C:\Users\bey77\OneDrive\Desktop\Projects\FinanceProj\Credit Card Approval Model\my_dbt_project\target\semantic_manifest.json
[0m12:33:32.684459 [debug] [MainThread]: Wrote artifact RunExecutionResult to C:\Users\bey77\OneDrive\Desktop\Projects\FinanceProj\Credit Card Approval Model\my_dbt_project\target\run_results.json
[0m12:33:32.684459 [info ] [MainThread]: 
[0m12:33:32.684459 [info ] [MainThread]: [32mCompleted successfully[0m
[0m12:33:32.684459 [info ] [MainThread]: 
[0m12:33:32.684459 [info ] [MainThread]: Done. PASS=2 WARN=0 ERROR=0 SKIP=0 NO-OP=0 TOTAL=2
[0m12:33:32.684459 [warn ] [MainThread]: [[33mWARNING[0m][DeprecationsSummary]: Deprecated functionality
Summary of encountered deprecations:
- MissingArgumentsPropertyInGenericTestDeprecation: 1 occurrence
To see all deprecation instances instead of just the first occurrence of each,
run command again with the `--show-all-deprecations` flag. You may also need to
run with `--no-partial-parse` as some deprecations are only encountered during
parsing.
[0m12:33:32.684459 [debug] [MainThread]: Command `dbt run` succeeded at 12:33:32.684459 after 7.79 seconds
[0m12:33:32.684459 [debug] [MainThread]: Sending event: {'category': 'dbt', 'action': 'invocation', 'label': 'end', 'context': [<snowplow_tracker.self_describing_json.SelfDescribingJson object at 0x000001BFE8AF91C0>, <snowplow_tracker.self_describing_json.SelfDescribingJson object at 0x000001BFEBBAE5A0>, <snowplow_tracker.self_describing_json.SelfDescribingJson object at 0x000001BFEBC2E030>]}
[0m12:33:32.684459 [debug] [MainThread]: Flushing usage events
[0m12:33:32.959568 [debug] [MainThread]: An error was encountered while trying to flush usage events
[0m12:38:33.859778 [debug] [MainThread]: Sending event: {'category': 'dbt', 'action': 'invocation', 'label': 'start', 'context': [<snowplow_tracker.self_describing_json.SelfDescribingJson object at 0x000001F2A081C5F0>, <snowplow_tracker.self_describing_json.SelfDescribingJson object at 0x000001F2A34CA060>, <snowplow_tracker.self_describing_json.SelfDescribingJson object at 0x000001F2A34C9FD0>]}


============================== 12:38:33.863823 | a691c28e-478c-456a-ab72-ff521970c609 ==============================
[0m12:38:33.863823 [info ] [MainThread]: Running with dbt=1.11.2
[0m12:38:33.868183 [debug] [MainThread]: running dbt with arguments {'static_parser': 'True', 'no_print': 'None', 'version_check': 'True', 'target_path': 'None', 'warn_error_options': 'WarnErrorOptionsV2(error=[], warn=[], silence=[])', 'printer_width': '80', 'write_json': 'True', 'introspect': 'True', 'log_cache_events': 'False', 'empty': 'False', 'cache_selected_only': 'False', 'fail_fast': 'False', 'debug': 'False', 'log_format': 'default', 'partial_parse': 'True', 'send_anonymous_usage_stats': 'True', 'quiet': 'False', 'warn_error': 'None', 'profiles_dir': 'C:\\Users\\bey77\\OneDrive\\Desktop\\Projects\\FinanceProj\\Credit Card Approval Model\\my_dbt_project', 'use_colors': 'True', 'invocation_command': 'dbt run', 'indirect_selection': 'eager', 'use_experimental_parser': 'False', 'log_path': 'C:\\Users\\bey77\\OneDrive\\Desktop\\Projects\\FinanceProj\\Credit Card Approval Model\\my_dbt_project\\logs'}
[0m12:38:34.001658 [debug] [MainThread]: Sending event: {'category': 'dbt', 'action': 'project_id', 'label': 'a691c28e-478c-456a-ab72-ff521970c609', 'context': [<snowplow_tracker.self_describing_json.SelfDescribingJson object at 0x000001F2A4AD5580>]}
[0m12:38:34.052011 [debug] [MainThread]: Sending event: {'category': 'dbt', 'action': 'adapter_info', 'label': 'a691c28e-478c-456a-ab72-ff521970c609', 'context': [<snowplow_tracker.self_describing_json.SelfDescribingJson object at 0x000001F2A21FA9C0>]}
[0m12:38:34.053518 [info ] [MainThread]: Registered adapter: sqlite=1.10.0
[0m12:38:34.183664 [debug] [MainThread]: checksum: 3d40d8bbe1bef07db1c24822f2dbfff8bc07f2a48ed4fe2658a40653aec0b54b, vars: {}, profile: , target: , version: 1.11.2
[0m12:38:34.355332 [debug] [MainThread]: Partial parsing enabled: 0 files deleted, 0 files added, 1 files changed.
[0m12:38:34.355332 [debug] [MainThread]: Partial parsing: updated file: my_dbt_project://models\credit_risk.sql
[0m12:38:34.356390 [debug] [MainThread]: Partial parsing: updated file: my_dbt_project://models\stg_applications.sql
[0m12:38:34.609560 [warn ] [MainThread]: [[33mWARNING[0m][MissingArgumentsPropertyInGenericTestDeprecation]: Deprecated
functionality
Found top-level arguments to test `relationships` defined on 'credit_risk' in
package 'my_dbt_project' (models\models.yml). Arguments to generic tests should
be nested under the `arguments` property.
[0m12:38:34.609560 [debug] [MainThread]: Sending event: {'category': 'dbt', 'action': 'deprecation', 'label': 'a691c28e-478c-456a-ab72-ff521970c609', 'property_': 'warn', 'context': [<snowplow_tracker.self_describing_json.SelfDescribingJson object at 0x000001F2A5207F50>]}
[0m12:38:34.676886 [debug] [MainThread]: Sending event: {'category': 'dbt', 'action': 'load_project', 'label': 'a691c28e-478c-456a-ab72-ff521970c609', 'context': [<snowplow_tracker.self_describing_json.SelfDescribingJson object at 0x000001F2A531F170>]}
[0m12:38:34.732136 [debug] [MainThread]: Wrote artifact WritableManifest to C:\Users\bey77\OneDrive\Desktop\Projects\FinanceProj\Credit Card Approval Model\my_dbt_project\target\manifest.json
[0m12:38:34.736253 [debug] [MainThread]: Wrote artifact SemanticManifest to C:\Users\bey77\OneDrive\Desktop\Projects\FinanceProj\Credit Card Approval Model\my_dbt_project\target\semantic_manifest.json
[0m12:38:34.772335 [debug] [MainThread]: Sending event: {'category': 'dbt', 'action': 'resource_counts', 'label': 'a691c28e-478c-456a-ab72-ff521970c609', 'context': [<snowplow_tracker.self_describing_json.SelfDescribingJson object at 0x000001F2A5531610>]}
[0m12:38:34.772335 [info ] [MainThread]: Found 2 models, 4 data tests, 1 source, 416 macros
[0m12:38:34.772335 [debug] [MainThread]: Sending event: {'category': 'dbt', 'action': 'runnable_timing', 'label': 'a691c28e-478c-456a-ab72-ff521970c609', 'context': [<snowplow_tracker.self_describing_json.SelfDescribingJson object at 0x000001F2A5105A30>]}
[0m12:38:34.772335 [info ] [MainThread]: 
[0m12:38:34.772335 [info ] [MainThread]: Concurrency: 1 threads (target='dev')
[0m12:38:34.772335 [info ] [MainThread]: 
[0m12:38:34.782467 [debug] [MainThread]: Acquiring new sqlite connection 'master'
[0m12:38:34.788045 [debug] [ThreadPool]: Acquiring new sqlite connection 'list_warehouse.db'
[0m12:38:34.843402 [debug] [ThreadPool]: Using sqlite connection "list_warehouse.db"
[0m12:38:34.844448 [debug] [ThreadPool]: On list_warehouse.db: BEGIN
[0m12:38:34.844448 [debug] [ThreadPool]: Opening a new connection, currently in state init
[0m12:38:34.845064 [debug] [ThreadPool]: SQL status: OK in 0.001 seconds
[0m12:38:34.845064 [debug] [ThreadPool]: Using sqlite connection "list_warehouse.db"
[0m12:38:34.846160 [debug] [ThreadPool]: On list_warehouse.db: /* {"app": "dbt", "dbt_version": "1.11.2", "profile_name": "credit_pipeline", "target_name": "dev", "connection_name": "list_warehouse.db"} */

        pragma database_list
    
[0m12:38:34.846160 [debug] [ThreadPool]: SQL status: OK in 0.000 seconds
[0m12:38:34.847153 [debug] [ThreadPool]: On list_warehouse.db: ROLLBACK
[0m12:38:34.847153 [debug] [ThreadPool]: On list_warehouse.db: Close
[0m12:38:34.849152 [debug] [ThreadPool]: Acquiring new sqlite connection 'list_warehouse.db_main'
[0m12:38:34.853155 [debug] [ThreadPool]: Using sqlite connection "list_warehouse.db_main"
[0m12:38:34.853155 [debug] [ThreadPool]: On list_warehouse.db_main: BEGIN
[0m12:38:34.853155 [debug] [ThreadPool]: Opening a new connection, currently in state init
[0m12:38:34.854758 [debug] [ThreadPool]: SQL status: OK in 0.001 seconds
[0m12:38:34.854758 [debug] [ThreadPool]: Using sqlite connection "list_warehouse.db_main"
[0m12:38:34.854758 [debug] [ThreadPool]: On list_warehouse.db_main: /* {"app": "dbt", "dbt_version": "1.11.2", "profile_name": "credit_pipeline", "target_name": "dev", "connection_name": "list_warehouse.db_main"} */

        pragma database_list
    
[0m12:38:34.854758 [debug] [ThreadPool]: SQL status: OK in 0.000 seconds
[0m12:38:34.855862 [debug] [ThreadPool]: Using sqlite connection "list_warehouse.db_main"
[0m12:38:34.855862 [debug] [ThreadPool]: On list_warehouse.db_main: /* {"app": "dbt", "dbt_version": "1.11.2", "profile_name": "credit_pipeline", "target_name": "dev", "connection_name": "list_warehouse.db_main"} */

            SELECT
                'warehouse.db' as database
                ,name
                ,'main' AS schema
                ,type as data_type
            FROM
                main.sqlite_master
            WHERE
                name NOT LIKE 'sqlite_%'
        
[0m12:38:34.856862 [debug] [ThreadPool]: SQL status: OK in 0.000 seconds
[0m12:38:34.858384 [debug] [ThreadPool]: On list_warehouse.db_main: ROLLBACK
[0m12:38:34.858384 [debug] [ThreadPool]: On list_warehouse.db_main: Close
[0m12:38:34.859436 [debug] [MainThread]: Sending event: {'category': 'dbt', 'action': 'runnable_timing', 'label': 'a691c28e-478c-456a-ab72-ff521970c609', 'context': [<snowplow_tracker.self_describing_json.SelfDescribingJson object at 0x000001F2A4AE28D0>]}
[0m12:38:34.859436 [debug] [MainThread]: Using sqlite connection "master"
[0m12:38:34.860628 [debug] [MainThread]: On master: BEGIN
[0m12:38:34.860628 [debug] [MainThread]: Opening a new connection, currently in state init
[0m12:38:34.861632 [debug] [MainThread]: SQL status: OK in 0.001 seconds
[0m12:38:34.861632 [debug] [MainThread]: On master: COMMIT
[0m12:38:34.861632 [debug] [MainThread]: Using sqlite connection "master"
[0m12:38:34.861632 [debug] [MainThread]: On master: COMMIT
[0m12:38:34.861632 [debug] [MainThread]: SQL status: OK in 0.000 seconds
[0m12:38:34.862630 [debug] [MainThread]: On master: Close
[0m12:38:34.866165 [debug] [Thread-1 (]: Began running node model.my_dbt_project.credit_risk
[0m12:38:34.867165 [info ] [Thread-1 (]: 1 of 2 START sql view model main.credit_risk ................................... [RUN]
[0m12:38:34.868163 [debug] [Thread-1 (]: Acquiring new sqlite connection 'model.my_dbt_project.credit_risk'
[0m12:38:34.868163 [debug] [Thread-1 (]: Began compiling node model.my_dbt_project.credit_risk
[0m12:38:34.876897 [debug] [Thread-1 (]: Writing injected SQL for node "model.my_dbt_project.credit_risk"
[0m12:38:34.878049 [debug] [Thread-1 (]: Began executing node model.my_dbt_project.credit_risk
[0m12:38:34.886173 [debug] [Thread-1 (]: Using sqlite connection "model.my_dbt_project.credit_risk"
[0m12:38:34.886173 [debug] [Thread-1 (]: On model.my_dbt_project.credit_risk: /* {"app": "dbt", "dbt_version": "1.11.2", "profile_name": "credit_pipeline", "target_name": "dev", "node_id": "model.my_dbt_project.credit_risk"} */
drop view if exists "main"."credit_risk"
[0m12:38:34.886173 [debug] [Thread-1 (]: Opening a new connection, currently in state init
[0m12:38:34.897752 [debug] [Thread-1 (]: SQL status: OK in 0.007 seconds
[0m12:38:34.900955 [debug] [Thread-1 (]: Writing runtime sql for node "model.my_dbt_project.credit_risk"
[0m12:38:34.900955 [debug] [Thread-1 (]: Using sqlite connection "model.my_dbt_project.credit_risk"
[0m12:38:34.900955 [debug] [Thread-1 (]: On model.my_dbt_project.credit_risk: BEGIN
[0m12:38:34.900955 [debug] [Thread-1 (]: SQL status: OK in 0.000 seconds
[0m12:38:34.900955 [debug] [Thread-1 (]: Using sqlite connection "model.my_dbt_project.credit_risk"
[0m12:38:34.900955 [debug] [Thread-1 (]: On model.my_dbt_project.credit_risk: /* {"app": "dbt", "dbt_version": "1.11.2", "profile_name": "credit_pipeline", "target_name": "dev", "node_id": "model.my_dbt_project.credit_risk"} */

    
    create view main."credit_risk" as
    -- income per child
-- annual income / # of children

WITH source AS (
    SELECT * FROM main."raw_credit_data"
)

SELECT Ind_ID as client_id, Annual_income, CHILDREN,
CASE 
    WHEN children > 0 THEN Annual_income / CHILDREN
    ELSE NULL
END AS income_per_child
FROM source;
[0m12:38:34.900955 [debug] [Thread-1 (]: SQL status: OK in 0.001 seconds
[0m12:38:34.911487 [debug] [Thread-1 (]: On model.my_dbt_project.credit_risk: COMMIT
[0m12:38:34.911487 [debug] [Thread-1 (]: Using sqlite connection "model.my_dbt_project.credit_risk"
[0m12:38:34.911487 [debug] [Thread-1 (]: On model.my_dbt_project.credit_risk: COMMIT
[0m12:38:34.911487 [debug] [Thread-1 (]: SQL status: OK in 0.003 seconds
[0m12:38:34.917291 [debug] [Thread-1 (]: On model.my_dbt_project.credit_risk: Close
[0m12:38:34.919968 [debug] [Thread-1 (]: Sending event: {'category': 'dbt', 'action': 'run_model', 'label': 'a691c28e-478c-456a-ab72-ff521970c609', 'context': [<snowplow_tracker.self_describing_json.SelfDescribingJson object at 0x000001F2A2DC4EC0>]}
[0m12:38:34.921983 [info ] [Thread-1 (]: 1 of 2 OK created sql view model main.credit_risk .............................. [[32mOK[0m in 0.05s]
[0m12:38:34.921983 [debug] [Thread-1 (]: Finished running node model.my_dbt_project.credit_risk
[0m12:38:34.923996 [debug] [Thread-1 (]: Began running node model.my_dbt_project.stg_applications
[0m12:38:34.923996 [info ] [Thread-1 (]: 2 of 2 START sql view model main.stg_applications .............................. [RUN]
[0m12:38:34.923996 [debug] [Thread-1 (]: Re-using an available connection from the pool (formerly model.my_dbt_project.credit_risk, now model.my_dbt_project.stg_applications)
[0m12:38:34.923996 [debug] [Thread-1 (]: Began compiling node model.my_dbt_project.stg_applications
[0m12:38:34.927803 [debug] [Thread-1 (]: Writing injected SQL for node "model.my_dbt_project.stg_applications"
[0m12:38:34.929090 [debug] [Thread-1 (]: Began executing node model.my_dbt_project.stg_applications
[0m12:38:34.932056 [debug] [Thread-1 (]: Using sqlite connection "model.my_dbt_project.stg_applications"
[0m12:38:34.932056 [debug] [Thread-1 (]: On model.my_dbt_project.stg_applications: /* {"app": "dbt", "dbt_version": "1.11.2", "profile_name": "credit_pipeline", "target_name": "dev", "node_id": "model.my_dbt_project.stg_applications"} */
drop view if exists "main"."stg_applications"
[0m12:38:34.932056 [debug] [Thread-1 (]: Opening a new connection, currently in state closed
[0m12:38:34.937057 [debug] [Thread-1 (]: SQL status: OK in 0.004 seconds
[0m12:38:34.938056 [debug] [Thread-1 (]: Writing runtime sql for node "model.my_dbt_project.stg_applications"
[0m12:38:34.938571 [debug] [Thread-1 (]: Using sqlite connection "model.my_dbt_project.stg_applications"
[0m12:38:34.939599 [debug] [Thread-1 (]: On model.my_dbt_project.stg_applications: BEGIN
[0m12:38:34.939599 [debug] [Thread-1 (]: SQL status: OK in 0.000 seconds
[0m12:38:34.940587 [debug] [Thread-1 (]: Using sqlite connection "model.my_dbt_project.stg_applications"
[0m12:38:34.940587 [debug] [Thread-1 (]: On model.my_dbt_project.stg_applications: /* {"app": "dbt", "dbt_version": "1.11.2", "profile_name": "credit_pipeline", "target_name": "dev", "node_id": "model.my_dbt_project.stg_applications"} */

    
    create view main."stg_applications" as
    

SELECT
    Ind_ID,
    Car_Owner,
    Propert_Owner,
    CHILDREN,
    EDUCATION,
    Annual_income 
    age,
    ABS(DAYS_EMPLOYED) / 365.0 as Employed_years,
    label as is_rejected
FROM main."raw_credit_data";
[0m12:38:34.942340 [debug] [Thread-1 (]: SQL status: OK in 0.001 seconds
[0m12:38:34.944353 [debug] [Thread-1 (]: On model.my_dbt_project.stg_applications: COMMIT
[0m12:38:34.944353 [debug] [Thread-1 (]: Using sqlite connection "model.my_dbt_project.stg_applications"
[0m12:38:34.944353 [debug] [Thread-1 (]: On model.my_dbt_project.stg_applications: COMMIT
[0m12:38:34.948320 [debug] [Thread-1 (]: SQL status: OK in 0.003 seconds
[0m12:38:34.948320 [debug] [Thread-1 (]: On model.my_dbt_project.stg_applications: Close
[0m12:38:34.948320 [debug] [Thread-1 (]: Sending event: {'category': 'dbt', 'action': 'run_model', 'label': 'a691c28e-478c-456a-ab72-ff521970c609', 'context': [<snowplow_tracker.self_describing_json.SelfDescribingJson object at 0x000001F2A59FBDD0>]}
[0m12:38:34.948320 [info ] [Thread-1 (]: 2 of 2 OK created sql view model main.stg_applications ......................... [[32mOK[0m in 0.02s]
[0m12:38:34.948320 [debug] [Thread-1 (]: Finished running node model.my_dbt_project.stg_applications
[0m12:38:34.948320 [debug] [MainThread]: Using sqlite connection "master"
[0m12:38:34.948320 [debug] [MainThread]: On master: BEGIN
[0m12:38:34.948320 [debug] [MainThread]: Opening a new connection, currently in state closed
[0m12:38:34.953693 [debug] [MainThread]: SQL status: OK in 0.001 seconds
[0m12:38:34.953693 [debug] [MainThread]: On master: COMMIT
[0m12:38:34.953693 [debug] [MainThread]: Using sqlite connection "master"
[0m12:38:34.953693 [debug] [MainThread]: On master: COMMIT
[0m12:38:34.953693 [debug] [MainThread]: SQL status: OK in 0.000 seconds
[0m12:38:34.953693 [debug] [MainThread]: On master: Close
[0m12:38:34.953693 [debug] [MainThread]: Connection 'master' was properly closed.
[0m12:38:34.953693 [debug] [MainThread]: Connection 'list_warehouse.db' was properly closed.
[0m12:38:34.953693 [debug] [MainThread]: Connection 'list_warehouse.db_main' was properly closed.
[0m12:38:34.953693 [debug] [MainThread]: Connection 'model.my_dbt_project.stg_applications' was properly closed.
[0m12:38:34.953693 [info ] [MainThread]: 
[0m12:38:34.953693 [info ] [MainThread]: Finished running 2 view models in 0 hours 0 minutes and 0.17 seconds (0.17s).
[0m12:38:34.958813 [debug] [MainThread]: Command end result
[0m12:38:35.021028 [debug] [MainThread]: Wrote artifact WritableManifest to C:\Users\bey77\OneDrive\Desktop\Projects\FinanceProj\Credit Card Approval Model\my_dbt_project\target\manifest.json
[0m12:38:35.025298 [debug] [MainThread]: Wrote artifact SemanticManifest to C:\Users\bey77\OneDrive\Desktop\Projects\FinanceProj\Credit Card Approval Model\my_dbt_project\target\semantic_manifest.json
[0m12:38:35.032457 [debug] [MainThread]: Wrote artifact RunExecutionResult to C:\Users\bey77\OneDrive\Desktop\Projects\FinanceProj\Credit Card Approval Model\my_dbt_project\target\run_results.json
[0m12:38:35.032457 [info ] [MainThread]: 
[0m12:38:35.033540 [info ] [MainThread]: [32mCompleted successfully[0m
[0m12:38:35.033540 [info ] [MainThread]: 
[0m12:38:35.033540 [info ] [MainThread]: Done. PASS=2 WARN=0 ERROR=0 SKIP=0 NO-OP=0 TOTAL=2
[0m12:38:35.033540 [warn ] [MainThread]: [[33mWARNING[0m][DeprecationsSummary]: Deprecated functionality
Summary of encountered deprecations:
- MissingArgumentsPropertyInGenericTestDeprecation: 1 occurrence
To see all deprecation instances instead of just the first occurrence of each,
run command again with the `--show-all-deprecations` flag. You may also need to
run with `--no-partial-parse` as some deprecations are only encountered during
parsing.
[0m12:38:35.035014 [debug] [MainThread]: Command `dbt run` succeeded at 12:38:35.035014 after 1.31 seconds
[0m12:38:35.035014 [debug] [MainThread]: Sending event: {'category': 'dbt', 'action': 'invocation', 'label': 'end', 'context': [<snowplow_tracker.self_describing_json.SelfDescribingJson object at 0x000001F2A2D6F3B0>, <snowplow_tracker.self_describing_json.SelfDescribingJson object at 0x000001F2A2D6D940>, <snowplow_tracker.self_describing_json.SelfDescribingJson object at 0x000001F2A562CE00>]}
[0m12:38:35.036033 [debug] [MainThread]: Flushing usage events
[0m12:38:35.321359 [debug] [MainThread]: An error was encountered while trying to flush usage events
